Target;Target_Namespace;Target_Type;Target_Method;Job_Id;Job_AnalyzeLaunchVariance;Job_EvaluateOverhead;Job_MaxAbsoluteError;Job_MaxRelativeError;Job_MinInvokeCount;Job_MinIterationTime;Job_OutlierMode;Job_Affinity;Job_EnvironmentVariables;Job_Jit;Job_LargeAddressAware;Job_Platform;Job_PowerPlanMode;Job_Runtime;Job_AllowVeryLargeObjects;Job_Concurrent;Job_CpuGroups;Job_Force;Job_HeapAffinitizeMask;Job_HeapCount;Job_NoAffinitize;Job_RetainVm;Job_Server;Job_Arguments;Job_BuildConfiguration;Job_Clock;Job_EngineFactory;Job_NuGetReferences;Job_Toolchain;Job_IsMutator;Job_InvocationCount;Job_IterationCount;Job_IterationTime;Job_LaunchCount;Job_MaxIterationCount;Job_MaxWarmupIterationCount;Job_MemoryRandomization;Job_MinIterationCount;Job_MinWarmupIterationCount;Job_RunStrategy;Job_UnrollFactor;Job_WarmupCount;Job_Display;Params;Measurement_LaunchIndex;Measurement_IterationMode;Measurement_IterationStage;Measurement_IterationIndex;Measurement_Nanoseconds;Measurement_Operations;Measurement_Value
SynchronizationBenchmark.ChangeStateName;Benchmark;SynchronizationBenchmark;ChangeStateName;Job-QKDGBD;Default;Default;Default;Default;Default;Default;Default;Default;Default;Default;Default;Default;Default;Default;Default;Default;Default;Default;Default;Default;Default;Default;Default;Default;Default;Default;Default;Default;Default;Default;1;10;Default;Default;Default;Default;Default;Default;Default;Default;1;3;"Job-QKDGBD(InvocationCount=1, IterationCount=10, UnrollFactor=1, WarmupCount=3)";Size=100;1;Overhead;Jitting;1;110900;1;110900
SynchronizationBenchmark.ChangeStateName;Benchmark;SynchronizationBenchmark;ChangeStateName;Job-QKDGBD;Default;Default;Default;Default;Default;Default;Default;Default;Default;Default;Default;Default;Default;Default;Default;Default;Default;Default;Default;Default;Default;Default;Default;Default;Default;Default;Default;Default;Default;Default;1;10;Default;Default;Default;Default;Default;Default;Default;Default;1;3;"Job-QKDGBD(InvocationCount=1, IterationCount=10, UnrollFactor=1, WarmupCount=3)";Size=100;1;Workload;Jitting;1;18728500;1;18728500
SynchronizationBenchmark.ChangeStateName;Benchmark;SynchronizationBenchmark;ChangeStateName;Job-QKDGBD;Default;Default;Default;Default;Default;Default;Default;Default;Default;Default;Default;Default;Default;Default;Default;Default;Default;Default;Default;Default;Default;Default;Default;Default;Default;Default;Default;Default;Default;Default;1;10;Default;Default;Default;Default;Default;Default;Default;Default;1;3;"Job-QKDGBD(InvocationCount=1, IterationCount=10, UnrollFactor=1, WarmupCount=3)";Size=100;1;Overhead;Warmup;1;500;1;500
SynchronizationBenchmark.ChangeStateName;Benchmark;SynchronizationBenchmark;ChangeStateName;Job-QKDGBD;Default;Default;Default;Default;Default;Default;Default;Default;Default;Default;Default;Default;Default;Default;Default;Default;Default;Default;Default;Default;Default;Default;Default;Default;Default;Default;Default;Default;Default;Default;1;10;Default;Default;Default;Default;Default;Default;Default;Default;1;3;"Job-QKDGBD(InvocationCount=1, IterationCount=10, UnrollFactor=1, WarmupCount=3)";Size=100;1;Overhead;Warmup;2;200;1;200
SynchronizationBenchmark.ChangeStateName;Benchmark;SynchronizationBenchmark;ChangeStateName;Job-QKDGBD;Default;Default;Default;Default;Default;Default;Default;Default;Default;Default;Default;Default;Default;Default;Default;Default;Default;Default;Default;Default;Default;Default;Default;Default;Default;Default;Default;Default;Default;Default;1;10;Default;Default;Default;Default;Default;Default;Default;Default;1;3;"Job-QKDGBD(InvocationCount=1, IterationCount=10, UnrollFactor=1, WarmupCount=3)";Size=100;1;Overhead;Warmup;3;300;1;300
SynchronizationBenchmark.ChangeStateName;Benchmark;SynchronizationBenchmark;ChangeStateName;Job-QKDGBD;Default;Default;Default;Default;Default;Default;Default;Default;Default;Default;Default;Default;Default;Default;Default;Default;Default;Default;Default;Default;Default;Default;Default;Default;Default;Default;Default;Default;Default;Default;1;10;Default;Default;Default;Default;Default;Default;Default;Default;1;3;"Job-QKDGBD(InvocationCount=1, IterationCount=10, UnrollFactor=1, WarmupCount=3)";Size=100;1;Overhead;Warmup;4;300;1;300
SynchronizationBenchmark.ChangeStateName;Benchmark;SynchronizationBenchmark;ChangeStateName;Job-QKDGBD;Default;Default;Default;Default;Default;Default;Default;Default;Default;Default;Default;Default;Default;Default;Default;Default;Default;Default;Default;Default;Default;Default;Default;Default;Default;Default;Default;Default;Default;Default;1;10;Default;Default;Default;Default;Default;Default;Default;Default;1;3;"Job-QKDGBD(InvocationCount=1, IterationCount=10, UnrollFactor=1, WarmupCount=3)";Size=100;1;Overhead;Warmup;5;300;1;300
SynchronizationBenchmark.ChangeStateName;Benchmark;SynchronizationBenchmark;ChangeStateName;Job-QKDGBD;Default;Default;Default;Default;Default;Default;Default;Default;Default;Default;Default;Default;Default;Default;Default;Default;Default;Default;Default;Default;Default;Default;Default;Default;Default;Default;Default;Default;Default;Default;1;10;Default;Default;Default;Default;Default;Default;Default;Default;1;3;"Job-QKDGBD(InvocationCount=1, IterationCount=10, UnrollFactor=1, WarmupCount=3)";Size=100;1;Overhead;Warmup;6;200;1;200
SynchronizationBenchmark.ChangeStateName;Benchmark;SynchronizationBenchmark;ChangeStateName;Job-QKDGBD;Default;Default;Default;Default;Default;Default;Default;Default;Default;Default;Default;Default;Default;Default;Default;Default;Default;Default;Default;Default;Default;Default;Default;Default;Default;Default;Default;Default;Default;Default;1;10;Default;Default;Default;Default;Default;Default;Default;Default;1;3;"Job-QKDGBD(InvocationCount=1, IterationCount=10, UnrollFactor=1, WarmupCount=3)";Size=100;1;Overhead;Actual;1;200;1;200
SynchronizationBenchmark.ChangeStateName;Benchmark;SynchronizationBenchmark;ChangeStateName;Job-QKDGBD;Default;Default;Default;Default;Default;Default;Default;Default;Default;Default;Default;Default;Default;Default;Default;Default;Default;Default;Default;Default;Default;Default;Default;Default;Default;Default;Default;Default;Default;Default;1;10;Default;Default;Default;Default;Default;Default;Default;Default;1;3;"Job-QKDGBD(InvocationCount=1, IterationCount=10, UnrollFactor=1, WarmupCount=3)";Size=100;1;Overhead;Actual;2;500;1;500
SynchronizationBenchmark.ChangeStateName;Benchmark;SynchronizationBenchmark;ChangeStateName;Job-QKDGBD;Default;Default;Default;Default;Default;Default;Default;Default;Default;Default;Default;Default;Default;Default;Default;Default;Default;Default;Default;Default;Default;Default;Default;Default;Default;Default;Default;Default;Default;Default;1;10;Default;Default;Default;Default;Default;Default;Default;Default;1;3;"Job-QKDGBD(InvocationCount=1, IterationCount=10, UnrollFactor=1, WarmupCount=3)";Size=100;1;Overhead;Actual;3;300;1;300
SynchronizationBenchmark.ChangeStateName;Benchmark;SynchronizationBenchmark;ChangeStateName;Job-QKDGBD;Default;Default;Default;Default;Default;Default;Default;Default;Default;Default;Default;Default;Default;Default;Default;Default;Default;Default;Default;Default;Default;Default;Default;Default;Default;Default;Default;Default;Default;Default;1;10;Default;Default;Default;Default;Default;Default;Default;Default;1;3;"Job-QKDGBD(InvocationCount=1, IterationCount=10, UnrollFactor=1, WarmupCount=3)";Size=100;1;Overhead;Actual;4;200;1;200
SynchronizationBenchmark.ChangeStateName;Benchmark;SynchronizationBenchmark;ChangeStateName;Job-QKDGBD;Default;Default;Default;Default;Default;Default;Default;Default;Default;Default;Default;Default;Default;Default;Default;Default;Default;Default;Default;Default;Default;Default;Default;Default;Default;Default;Default;Default;Default;Default;1;10;Default;Default;Default;Default;Default;Default;Default;Default;1;3;"Job-QKDGBD(InvocationCount=1, IterationCount=10, UnrollFactor=1, WarmupCount=3)";Size=100;1;Overhead;Actual;5;400;1;400
SynchronizationBenchmark.ChangeStateName;Benchmark;SynchronizationBenchmark;ChangeStateName;Job-QKDGBD;Default;Default;Default;Default;Default;Default;Default;Default;Default;Default;Default;Default;Default;Default;Default;Default;Default;Default;Default;Default;Default;Default;Default;Default;Default;Default;Default;Default;Default;Default;1;10;Default;Default;Default;Default;Default;Default;Default;Default;1;3;"Job-QKDGBD(InvocationCount=1, IterationCount=10, UnrollFactor=1, WarmupCount=3)";Size=100;1;Overhead;Actual;6;400;1;400
SynchronizationBenchmark.ChangeStateName;Benchmark;SynchronizationBenchmark;ChangeStateName;Job-QKDGBD;Default;Default;Default;Default;Default;Default;Default;Default;Default;Default;Default;Default;Default;Default;Default;Default;Default;Default;Default;Default;Default;Default;Default;Default;Default;Default;Default;Default;Default;Default;1;10;Default;Default;Default;Default;Default;Default;Default;Default;1;3;"Job-QKDGBD(InvocationCount=1, IterationCount=10, UnrollFactor=1, WarmupCount=3)";Size=100;1;Overhead;Actual;7;200;1;200
SynchronizationBenchmark.ChangeStateName;Benchmark;SynchronizationBenchmark;ChangeStateName;Job-QKDGBD;Default;Default;Default;Default;Default;Default;Default;Default;Default;Default;Default;Default;Default;Default;Default;Default;Default;Default;Default;Default;Default;Default;Default;Default;Default;Default;Default;Default;Default;Default;1;10;Default;Default;Default;Default;Default;Default;Default;Default;1;3;"Job-QKDGBD(InvocationCount=1, IterationCount=10, UnrollFactor=1, WarmupCount=3)";Size=100;1;Overhead;Actual;8;300;1;300
SynchronizationBenchmark.ChangeStateName;Benchmark;SynchronizationBenchmark;ChangeStateName;Job-QKDGBD;Default;Default;Default;Default;Default;Default;Default;Default;Default;Default;Default;Default;Default;Default;Default;Default;Default;Default;Default;Default;Default;Default;Default;Default;Default;Default;Default;Default;Default;Default;1;10;Default;Default;Default;Default;Default;Default;Default;Default;1;3;"Job-QKDGBD(InvocationCount=1, IterationCount=10, UnrollFactor=1, WarmupCount=3)";Size=100;1;Overhead;Actual;9;200;1;200
SynchronizationBenchmark.ChangeStateName;Benchmark;SynchronizationBenchmark;ChangeStateName;Job-QKDGBD;Default;Default;Default;Default;Default;Default;Default;Default;Default;Default;Default;Default;Default;Default;Default;Default;Default;Default;Default;Default;Default;Default;Default;Default;Default;Default;Default;Default;Default;Default;1;10;Default;Default;Default;Default;Default;Default;Default;Default;1;3;"Job-QKDGBD(InvocationCount=1, IterationCount=10, UnrollFactor=1, WarmupCount=3)";Size=100;1;Overhead;Actual;10;200;1;200
SynchronizationBenchmark.ChangeStateName;Benchmark;SynchronizationBenchmark;ChangeStateName;Job-QKDGBD;Default;Default;Default;Default;Default;Default;Default;Default;Default;Default;Default;Default;Default;Default;Default;Default;Default;Default;Default;Default;Default;Default;Default;Default;Default;Default;Default;Default;Default;Default;1;10;Default;Default;Default;Default;Default;Default;Default;Default;1;3;"Job-QKDGBD(InvocationCount=1, IterationCount=10, UnrollFactor=1, WarmupCount=3)";Size=100;1;Overhead;Actual;11;200;1;200
SynchronizationBenchmark.ChangeStateName;Benchmark;SynchronizationBenchmark;ChangeStateName;Job-QKDGBD;Default;Default;Default;Default;Default;Default;Default;Default;Default;Default;Default;Default;Default;Default;Default;Default;Default;Default;Default;Default;Default;Default;Default;Default;Default;Default;Default;Default;Default;Default;1;10;Default;Default;Default;Default;Default;Default;Default;Default;1;3;"Job-QKDGBD(InvocationCount=1, IterationCount=10, UnrollFactor=1, WarmupCount=3)";Size=100;1;Overhead;Actual;12;200;1;200
SynchronizationBenchmark.ChangeStateName;Benchmark;SynchronizationBenchmark;ChangeStateName;Job-QKDGBD;Default;Default;Default;Default;Default;Default;Default;Default;Default;Default;Default;Default;Default;Default;Default;Default;Default;Default;Default;Default;Default;Default;Default;Default;Default;Default;Default;Default;Default;Default;1;10;Default;Default;Default;Default;Default;Default;Default;Default;1;3;"Job-QKDGBD(InvocationCount=1, IterationCount=10, UnrollFactor=1, WarmupCount=3)";Size=100;1;Overhead;Actual;13;500;1;500
SynchronizationBenchmark.ChangeStateName;Benchmark;SynchronizationBenchmark;ChangeStateName;Job-QKDGBD;Default;Default;Default;Default;Default;Default;Default;Default;Default;Default;Default;Default;Default;Default;Default;Default;Default;Default;Default;Default;Default;Default;Default;Default;Default;Default;Default;Default;Default;Default;1;10;Default;Default;Default;Default;Default;Default;Default;Default;1;3;"Job-QKDGBD(InvocationCount=1, IterationCount=10, UnrollFactor=1, WarmupCount=3)";Size=100;1;Overhead;Actual;14;500;1;500
SynchronizationBenchmark.ChangeStateName;Benchmark;SynchronizationBenchmark;ChangeStateName;Job-QKDGBD;Default;Default;Default;Default;Default;Default;Default;Default;Default;Default;Default;Default;Default;Default;Default;Default;Default;Default;Default;Default;Default;Default;Default;Default;Default;Default;Default;Default;Default;Default;1;10;Default;Default;Default;Default;Default;Default;Default;Default;1;3;"Job-QKDGBD(InvocationCount=1, IterationCount=10, UnrollFactor=1, WarmupCount=3)";Size=100;1;Overhead;Actual;15;200;1;200
SynchronizationBenchmark.ChangeStateName;Benchmark;SynchronizationBenchmark;ChangeStateName;Job-QKDGBD;Default;Default;Default;Default;Default;Default;Default;Default;Default;Default;Default;Default;Default;Default;Default;Default;Default;Default;Default;Default;Default;Default;Default;Default;Default;Default;Default;Default;Default;Default;1;10;Default;Default;Default;Default;Default;Default;Default;Default;1;3;"Job-QKDGBD(InvocationCount=1, IterationCount=10, UnrollFactor=1, WarmupCount=3)";Size=100;1;Overhead;Actual;16;500;1;500
SynchronizationBenchmark.ChangeStateName;Benchmark;SynchronizationBenchmark;ChangeStateName;Job-QKDGBD;Default;Default;Default;Default;Default;Default;Default;Default;Default;Default;Default;Default;Default;Default;Default;Default;Default;Default;Default;Default;Default;Default;Default;Default;Default;Default;Default;Default;Default;Default;1;10;Default;Default;Default;Default;Default;Default;Default;Default;1;3;"Job-QKDGBD(InvocationCount=1, IterationCount=10, UnrollFactor=1, WarmupCount=3)";Size=100;1;Overhead;Actual;17;500;1;500
SynchronizationBenchmark.ChangeStateName;Benchmark;SynchronizationBenchmark;ChangeStateName;Job-QKDGBD;Default;Default;Default;Default;Default;Default;Default;Default;Default;Default;Default;Default;Default;Default;Default;Default;Default;Default;Default;Default;Default;Default;Default;Default;Default;Default;Default;Default;Default;Default;1;10;Default;Default;Default;Default;Default;Default;Default;Default;1;3;"Job-QKDGBD(InvocationCount=1, IterationCount=10, UnrollFactor=1, WarmupCount=3)";Size=100;1;Overhead;Actual;18;300;1;300
SynchronizationBenchmark.ChangeStateName;Benchmark;SynchronizationBenchmark;ChangeStateName;Job-QKDGBD;Default;Default;Default;Default;Default;Default;Default;Default;Default;Default;Default;Default;Default;Default;Default;Default;Default;Default;Default;Default;Default;Default;Default;Default;Default;Default;Default;Default;Default;Default;1;10;Default;Default;Default;Default;Default;Default;Default;Default;1;3;"Job-QKDGBD(InvocationCount=1, IterationCount=10, UnrollFactor=1, WarmupCount=3)";Size=100;1;Overhead;Actual;19;500;1;500
SynchronizationBenchmark.ChangeStateName;Benchmark;SynchronizationBenchmark;ChangeStateName;Job-QKDGBD;Default;Default;Default;Default;Default;Default;Default;Default;Default;Default;Default;Default;Default;Default;Default;Default;Default;Default;Default;Default;Default;Default;Default;Default;Default;Default;Default;Default;Default;Default;1;10;Default;Default;Default;Default;Default;Default;Default;Default;1;3;"Job-QKDGBD(InvocationCount=1, IterationCount=10, UnrollFactor=1, WarmupCount=3)";Size=100;1;Overhead;Actual;20;200;1;200
SynchronizationBenchmark.ChangeStateName;Benchmark;SynchronizationBenchmark;ChangeStateName;Job-QKDGBD;Default;Default;Default;Default;Default;Default;Default;Default;Default;Default;Default;Default;Default;Default;Default;Default;Default;Default;Default;Default;Default;Default;Default;Default;Default;Default;Default;Default;Default;Default;1;10;Default;Default;Default;Default;Default;Default;Default;Default;1;3;"Job-QKDGBD(InvocationCount=1, IterationCount=10, UnrollFactor=1, WarmupCount=3)";Size=100;1;Workload;Warmup;1;785500;1;785500
SynchronizationBenchmark.ChangeStateName;Benchmark;SynchronizationBenchmark;ChangeStateName;Job-QKDGBD;Default;Default;Default;Default;Default;Default;Default;Default;Default;Default;Default;Default;Default;Default;Default;Default;Default;Default;Default;Default;Default;Default;Default;Default;Default;Default;Default;Default;Default;Default;1;10;Default;Default;Default;Default;Default;Default;Default;Default;1;3;"Job-QKDGBD(InvocationCount=1, IterationCount=10, UnrollFactor=1, WarmupCount=3)";Size=100;1;Workload;Warmup;2;680800;1;680800
SynchronizationBenchmark.ChangeStateName;Benchmark;SynchronizationBenchmark;ChangeStateName;Job-QKDGBD;Default;Default;Default;Default;Default;Default;Default;Default;Default;Default;Default;Default;Default;Default;Default;Default;Default;Default;Default;Default;Default;Default;Default;Default;Default;Default;Default;Default;Default;Default;1;10;Default;Default;Default;Default;Default;Default;Default;Default;1;3;"Job-QKDGBD(InvocationCount=1, IterationCount=10, UnrollFactor=1, WarmupCount=3)";Size=100;1;Workload;Warmup;3;964300;1;964300
SynchronizationBenchmark.ChangeStateName;Benchmark;SynchronizationBenchmark;ChangeStateName;Job-QKDGBD;Default;Default;Default;Default;Default;Default;Default;Default;Default;Default;Default;Default;Default;Default;Default;Default;Default;Default;Default;Default;Default;Default;Default;Default;Default;Default;Default;Default;Default;Default;1;10;Default;Default;Default;Default;Default;Default;Default;Default;1;3;"Job-QKDGBD(InvocationCount=1, IterationCount=10, UnrollFactor=1, WarmupCount=3)";Size=100;1;Workload;Actual;1;1061500;1;1061500
SynchronizationBenchmark.ChangeStateName;Benchmark;SynchronizationBenchmark;ChangeStateName;Job-QKDGBD;Default;Default;Default;Default;Default;Default;Default;Default;Default;Default;Default;Default;Default;Default;Default;Default;Default;Default;Default;Default;Default;Default;Default;Default;Default;Default;Default;Default;Default;Default;1;10;Default;Default;Default;Default;Default;Default;Default;Default;1;3;"Job-QKDGBD(InvocationCount=1, IterationCount=10, UnrollFactor=1, WarmupCount=3)";Size=100;1;Workload;Actual;2;790500;1;790500
SynchronizationBenchmark.ChangeStateName;Benchmark;SynchronizationBenchmark;ChangeStateName;Job-QKDGBD;Default;Default;Default;Default;Default;Default;Default;Default;Default;Default;Default;Default;Default;Default;Default;Default;Default;Default;Default;Default;Default;Default;Default;Default;Default;Default;Default;Default;Default;Default;1;10;Default;Default;Default;Default;Default;Default;Default;Default;1;3;"Job-QKDGBD(InvocationCount=1, IterationCount=10, UnrollFactor=1, WarmupCount=3)";Size=100;1;Workload;Actual;3;839900;1;839900
SynchronizationBenchmark.ChangeStateName;Benchmark;SynchronizationBenchmark;ChangeStateName;Job-QKDGBD;Default;Default;Default;Default;Default;Default;Default;Default;Default;Default;Default;Default;Default;Default;Default;Default;Default;Default;Default;Default;Default;Default;Default;Default;Default;Default;Default;Default;Default;Default;1;10;Default;Default;Default;Default;Default;Default;Default;Default;1;3;"Job-QKDGBD(InvocationCount=1, IterationCount=10, UnrollFactor=1, WarmupCount=3)";Size=100;1;Workload;Actual;4;1220400;1;1220400
SynchronizationBenchmark.ChangeStateName;Benchmark;SynchronizationBenchmark;ChangeStateName;Job-QKDGBD;Default;Default;Default;Default;Default;Default;Default;Default;Default;Default;Default;Default;Default;Default;Default;Default;Default;Default;Default;Default;Default;Default;Default;Default;Default;Default;Default;Default;Default;Default;1;10;Default;Default;Default;Default;Default;Default;Default;Default;1;3;"Job-QKDGBD(InvocationCount=1, IterationCount=10, UnrollFactor=1, WarmupCount=3)";Size=100;1;Workload;Actual;5;777000;1;777000
SynchronizationBenchmark.ChangeStateName;Benchmark;SynchronizationBenchmark;ChangeStateName;Job-QKDGBD;Default;Default;Default;Default;Default;Default;Default;Default;Default;Default;Default;Default;Default;Default;Default;Default;Default;Default;Default;Default;Default;Default;Default;Default;Default;Default;Default;Default;Default;Default;1;10;Default;Default;Default;Default;Default;Default;Default;Default;1;3;"Job-QKDGBD(InvocationCount=1, IterationCount=10, UnrollFactor=1, WarmupCount=3)";Size=100;1;Workload;Actual;6;897600;1;897600
SynchronizationBenchmark.ChangeStateName;Benchmark;SynchronizationBenchmark;ChangeStateName;Job-QKDGBD;Default;Default;Default;Default;Default;Default;Default;Default;Default;Default;Default;Default;Default;Default;Default;Default;Default;Default;Default;Default;Default;Default;Default;Default;Default;Default;Default;Default;Default;Default;1;10;Default;Default;Default;Default;Default;Default;Default;Default;1;3;"Job-QKDGBD(InvocationCount=1, IterationCount=10, UnrollFactor=1, WarmupCount=3)";Size=100;1;Workload;Actual;7;867200;1;867200
SynchronizationBenchmark.ChangeStateName;Benchmark;SynchronizationBenchmark;ChangeStateName;Job-QKDGBD;Default;Default;Default;Default;Default;Default;Default;Default;Default;Default;Default;Default;Default;Default;Default;Default;Default;Default;Default;Default;Default;Default;Default;Default;Default;Default;Default;Default;Default;Default;1;10;Default;Default;Default;Default;Default;Default;Default;Default;1;3;"Job-QKDGBD(InvocationCount=1, IterationCount=10, UnrollFactor=1, WarmupCount=3)";Size=100;1;Workload;Actual;8;929100;1;929100
SynchronizationBenchmark.ChangeStateName;Benchmark;SynchronizationBenchmark;ChangeStateName;Job-QKDGBD;Default;Default;Default;Default;Default;Default;Default;Default;Default;Default;Default;Default;Default;Default;Default;Default;Default;Default;Default;Default;Default;Default;Default;Default;Default;Default;Default;Default;Default;Default;1;10;Default;Default;Default;Default;Default;Default;Default;Default;1;3;"Job-QKDGBD(InvocationCount=1, IterationCount=10, UnrollFactor=1, WarmupCount=3)";Size=100;1;Workload;Actual;9;936800;1;936800
SynchronizationBenchmark.ChangeStateName;Benchmark;SynchronizationBenchmark;ChangeStateName;Job-QKDGBD;Default;Default;Default;Default;Default;Default;Default;Default;Default;Default;Default;Default;Default;Default;Default;Default;Default;Default;Default;Default;Default;Default;Default;Default;Default;Default;Default;Default;Default;Default;1;10;Default;Default;Default;Default;Default;Default;Default;Default;1;3;"Job-QKDGBD(InvocationCount=1, IterationCount=10, UnrollFactor=1, WarmupCount=3)";Size=100;1;Workload;Actual;10;963200;1;963200
SynchronizationBenchmark.ChangeStateName;Benchmark;SynchronizationBenchmark;ChangeStateName;Job-QKDGBD;Default;Default;Default;Default;Default;Default;Default;Default;Default;Default;Default;Default;Default;Default;Default;Default;Default;Default;Default;Default;Default;Default;Default;Default;Default;Default;Default;Default;Default;Default;1;10;Default;Default;Default;Default;Default;Default;Default;Default;1;3;"Job-QKDGBD(InvocationCount=1, IterationCount=10, UnrollFactor=1, WarmupCount=3)";Size=100;1;Workload;Result;1;1061200;1;1061200
SynchronizationBenchmark.ChangeStateName;Benchmark;SynchronizationBenchmark;ChangeStateName;Job-QKDGBD;Default;Default;Default;Default;Default;Default;Default;Default;Default;Default;Default;Default;Default;Default;Default;Default;Default;Default;Default;Default;Default;Default;Default;Default;Default;Default;Default;Default;Default;Default;1;10;Default;Default;Default;Default;Default;Default;Default;Default;1;3;"Job-QKDGBD(InvocationCount=1, IterationCount=10, UnrollFactor=1, WarmupCount=3)";Size=100;1;Workload;Result;2;790200;1;790200
SynchronizationBenchmark.ChangeStateName;Benchmark;SynchronizationBenchmark;ChangeStateName;Job-QKDGBD;Default;Default;Default;Default;Default;Default;Default;Default;Default;Default;Default;Default;Default;Default;Default;Default;Default;Default;Default;Default;Default;Default;Default;Default;Default;Default;Default;Default;Default;Default;1;10;Default;Default;Default;Default;Default;Default;Default;Default;1;3;"Job-QKDGBD(InvocationCount=1, IterationCount=10, UnrollFactor=1, WarmupCount=3)";Size=100;1;Workload;Result;3;839600;1;839600
SynchronizationBenchmark.ChangeStateName;Benchmark;SynchronizationBenchmark;ChangeStateName;Job-QKDGBD;Default;Default;Default;Default;Default;Default;Default;Default;Default;Default;Default;Default;Default;Default;Default;Default;Default;Default;Default;Default;Default;Default;Default;Default;Default;Default;Default;Default;Default;Default;1;10;Default;Default;Default;Default;Default;Default;Default;Default;1;3;"Job-QKDGBD(InvocationCount=1, IterationCount=10, UnrollFactor=1, WarmupCount=3)";Size=100;1;Workload;Result;4;776700;1;776700
SynchronizationBenchmark.ChangeStateName;Benchmark;SynchronizationBenchmark;ChangeStateName;Job-QKDGBD;Default;Default;Default;Default;Default;Default;Default;Default;Default;Default;Default;Default;Default;Default;Default;Default;Default;Default;Default;Default;Default;Default;Default;Default;Default;Default;Default;Default;Default;Default;1;10;Default;Default;Default;Default;Default;Default;Default;Default;1;3;"Job-QKDGBD(InvocationCount=1, IterationCount=10, UnrollFactor=1, WarmupCount=3)";Size=100;1;Workload;Result;5;897300;1;897300
SynchronizationBenchmark.ChangeStateName;Benchmark;SynchronizationBenchmark;ChangeStateName;Job-QKDGBD;Default;Default;Default;Default;Default;Default;Default;Default;Default;Default;Default;Default;Default;Default;Default;Default;Default;Default;Default;Default;Default;Default;Default;Default;Default;Default;Default;Default;Default;Default;1;10;Default;Default;Default;Default;Default;Default;Default;Default;1;3;"Job-QKDGBD(InvocationCount=1, IterationCount=10, UnrollFactor=1, WarmupCount=3)";Size=100;1;Workload;Result;6;866900;1;866900
SynchronizationBenchmark.ChangeStateName;Benchmark;SynchronizationBenchmark;ChangeStateName;Job-QKDGBD;Default;Default;Default;Default;Default;Default;Default;Default;Default;Default;Default;Default;Default;Default;Default;Default;Default;Default;Default;Default;Default;Default;Default;Default;Default;Default;Default;Default;Default;Default;1;10;Default;Default;Default;Default;Default;Default;Default;Default;1;3;"Job-QKDGBD(InvocationCount=1, IterationCount=10, UnrollFactor=1, WarmupCount=3)";Size=100;1;Workload;Result;7;928800;1;928800
SynchronizationBenchmark.ChangeStateName;Benchmark;SynchronizationBenchmark;ChangeStateName;Job-QKDGBD;Default;Default;Default;Default;Default;Default;Default;Default;Default;Default;Default;Default;Default;Default;Default;Default;Default;Default;Default;Default;Default;Default;Default;Default;Default;Default;Default;Default;Default;Default;1;10;Default;Default;Default;Default;Default;Default;Default;Default;1;3;"Job-QKDGBD(InvocationCount=1, IterationCount=10, UnrollFactor=1, WarmupCount=3)";Size=100;1;Workload;Result;8;936500;1;936500
SynchronizationBenchmark.ChangeStateName;Benchmark;SynchronizationBenchmark;ChangeStateName;Job-QKDGBD;Default;Default;Default;Default;Default;Default;Default;Default;Default;Default;Default;Default;Default;Default;Default;Default;Default;Default;Default;Default;Default;Default;Default;Default;Default;Default;Default;Default;Default;Default;1;10;Default;Default;Default;Default;Default;Default;Default;Default;1;3;"Job-QKDGBD(InvocationCount=1, IterationCount=10, UnrollFactor=1, WarmupCount=3)";Size=100;1;Workload;Result;9;962900;1;962900
SynchronizationBenchmark.RemoveTransition;Benchmark;SynchronizationBenchmark;RemoveTransition;Job-QKDGBD;Default;Default;Default;Default;Default;Default;Default;Default;Default;Default;Default;Default;Default;Default;Default;Default;Default;Default;Default;Default;Default;Default;Default;Default;Default;Default;Default;Default;Default;Default;1;10;Default;Default;Default;Default;Default;Default;Default;Default;1;3;"Job-QKDGBD(InvocationCount=1, IterationCount=10, UnrollFactor=1, WarmupCount=3)";Size=100;1;Overhead;Jitting;1;117200;1;117200
SynchronizationBenchmark.RemoveTransition;Benchmark;SynchronizationBenchmark;RemoveTransition;Job-QKDGBD;Default;Default;Default;Default;Default;Default;Default;Default;Default;Default;Default;Default;Default;Default;Default;Default;Default;Default;Default;Default;Default;Default;Default;Default;Default;Default;Default;Default;Default;Default;1;10;Default;Default;Default;Default;Default;Default;Default;Default;1;3;"Job-QKDGBD(InvocationCount=1, IterationCount=10, UnrollFactor=1, WarmupCount=3)";Size=100;1;Workload;Jitting;1;25322100;1;25322100
SynchronizationBenchmark.RemoveTransition;Benchmark;SynchronizationBenchmark;RemoveTransition;Job-QKDGBD;Default;Default;Default;Default;Default;Default;Default;Default;Default;Default;Default;Default;Default;Default;Default;Default;Default;Default;Default;Default;Default;Default;Default;Default;Default;Default;Default;Default;Default;Default;1;10;Default;Default;Default;Default;Default;Default;Default;Default;1;3;"Job-QKDGBD(InvocationCount=1, IterationCount=10, UnrollFactor=1, WarmupCount=3)";Size=100;1;Overhead;Warmup;1;300;1;300
SynchronizationBenchmark.RemoveTransition;Benchmark;SynchronizationBenchmark;RemoveTransition;Job-QKDGBD;Default;Default;Default;Default;Default;Default;Default;Default;Default;Default;Default;Default;Default;Default;Default;Default;Default;Default;Default;Default;Default;Default;Default;Default;Default;Default;Default;Default;Default;Default;1;10;Default;Default;Default;Default;Default;Default;Default;Default;1;3;"Job-QKDGBD(InvocationCount=1, IterationCount=10, UnrollFactor=1, WarmupCount=3)";Size=100;1;Overhead;Warmup;2;500;1;500
SynchronizationBenchmark.RemoveTransition;Benchmark;SynchronizationBenchmark;RemoveTransition;Job-QKDGBD;Default;Default;Default;Default;Default;Default;Default;Default;Default;Default;Default;Default;Default;Default;Default;Default;Default;Default;Default;Default;Default;Default;Default;Default;Default;Default;Default;Default;Default;Default;1;10;Default;Default;Default;Default;Default;Default;Default;Default;1;3;"Job-QKDGBD(InvocationCount=1, IterationCount=10, UnrollFactor=1, WarmupCount=3)";Size=100;1;Overhead;Warmup;3;300;1;300
SynchronizationBenchmark.RemoveTransition;Benchmark;SynchronizationBenchmark;RemoveTransition;Job-QKDGBD;Default;Default;Default;Default;Default;Default;Default;Default;Default;Default;Default;Default;Default;Default;Default;Default;Default;Default;Default;Default;Default;Default;Default;Default;Default;Default;Default;Default;Default;Default;1;10;Default;Default;Default;Default;Default;Default;Default;Default;1;3;"Job-QKDGBD(InvocationCount=1, IterationCount=10, UnrollFactor=1, WarmupCount=3)";Size=100;1;Overhead;Warmup;4;300;1;300
SynchronizationBenchmark.RemoveTransition;Benchmark;SynchronizationBenchmark;RemoveTransition;Job-QKDGBD;Default;Default;Default;Default;Default;Default;Default;Default;Default;Default;Default;Default;Default;Default;Default;Default;Default;Default;Default;Default;Default;Default;Default;Default;Default;Default;Default;Default;Default;Default;1;10;Default;Default;Default;Default;Default;Default;Default;Default;1;3;"Job-QKDGBD(InvocationCount=1, IterationCount=10, UnrollFactor=1, WarmupCount=3)";Size=100;1;Overhead;Warmup;5;200;1;200
SynchronizationBenchmark.RemoveTransition;Benchmark;SynchronizationBenchmark;RemoveTransition;Job-QKDGBD;Default;Default;Default;Default;Default;Default;Default;Default;Default;Default;Default;Default;Default;Default;Default;Default;Default;Default;Default;Default;Default;Default;Default;Default;Default;Default;Default;Default;Default;Default;1;10;Default;Default;Default;Default;Default;Default;Default;Default;1;3;"Job-QKDGBD(InvocationCount=1, IterationCount=10, UnrollFactor=1, WarmupCount=3)";Size=100;1;Overhead;Actual;1;600;1;600
SynchronizationBenchmark.RemoveTransition;Benchmark;SynchronizationBenchmark;RemoveTransition;Job-QKDGBD;Default;Default;Default;Default;Default;Default;Default;Default;Default;Default;Default;Default;Default;Default;Default;Default;Default;Default;Default;Default;Default;Default;Default;Default;Default;Default;Default;Default;Default;Default;1;10;Default;Default;Default;Default;Default;Default;Default;Default;1;3;"Job-QKDGBD(InvocationCount=1, IterationCount=10, UnrollFactor=1, WarmupCount=3)";Size=100;1;Overhead;Actual;2;400;1;400
SynchronizationBenchmark.RemoveTransition;Benchmark;SynchronizationBenchmark;RemoveTransition;Job-QKDGBD;Default;Default;Default;Default;Default;Default;Default;Default;Default;Default;Default;Default;Default;Default;Default;Default;Default;Default;Default;Default;Default;Default;Default;Default;Default;Default;Default;Default;Default;Default;1;10;Default;Default;Default;Default;Default;Default;Default;Default;1;3;"Job-QKDGBD(InvocationCount=1, IterationCount=10, UnrollFactor=1, WarmupCount=3)";Size=100;1;Overhead;Actual;3;400;1;400
SynchronizationBenchmark.RemoveTransition;Benchmark;SynchronizationBenchmark;RemoveTransition;Job-QKDGBD;Default;Default;Default;Default;Default;Default;Default;Default;Default;Default;Default;Default;Default;Default;Default;Default;Default;Default;Default;Default;Default;Default;Default;Default;Default;Default;Default;Default;Default;Default;1;10;Default;Default;Default;Default;Default;Default;Default;Default;1;3;"Job-QKDGBD(InvocationCount=1, IterationCount=10, UnrollFactor=1, WarmupCount=3)";Size=100;1;Overhead;Actual;4;400;1;400
SynchronizationBenchmark.RemoveTransition;Benchmark;SynchronizationBenchmark;RemoveTransition;Job-QKDGBD;Default;Default;Default;Default;Default;Default;Default;Default;Default;Default;Default;Default;Default;Default;Default;Default;Default;Default;Default;Default;Default;Default;Default;Default;Default;Default;Default;Default;Default;Default;1;10;Default;Default;Default;Default;Default;Default;Default;Default;1;3;"Job-QKDGBD(InvocationCount=1, IterationCount=10, UnrollFactor=1, WarmupCount=3)";Size=100;1;Overhead;Actual;5;200;1;200
SynchronizationBenchmark.RemoveTransition;Benchmark;SynchronizationBenchmark;RemoveTransition;Job-QKDGBD;Default;Default;Default;Default;Default;Default;Default;Default;Default;Default;Default;Default;Default;Default;Default;Default;Default;Default;Default;Default;Default;Default;Default;Default;Default;Default;Default;Default;Default;Default;1;10;Default;Default;Default;Default;Default;Default;Default;Default;1;3;"Job-QKDGBD(InvocationCount=1, IterationCount=10, UnrollFactor=1, WarmupCount=3)";Size=100;1;Overhead;Actual;6;300;1;300
SynchronizationBenchmark.RemoveTransition;Benchmark;SynchronizationBenchmark;RemoveTransition;Job-QKDGBD;Default;Default;Default;Default;Default;Default;Default;Default;Default;Default;Default;Default;Default;Default;Default;Default;Default;Default;Default;Default;Default;Default;Default;Default;Default;Default;Default;Default;Default;Default;1;10;Default;Default;Default;Default;Default;Default;Default;Default;1;3;"Job-QKDGBD(InvocationCount=1, IterationCount=10, UnrollFactor=1, WarmupCount=3)";Size=100;1;Overhead;Actual;7;100;1;100
SynchronizationBenchmark.RemoveTransition;Benchmark;SynchronizationBenchmark;RemoveTransition;Job-QKDGBD;Default;Default;Default;Default;Default;Default;Default;Default;Default;Default;Default;Default;Default;Default;Default;Default;Default;Default;Default;Default;Default;Default;Default;Default;Default;Default;Default;Default;Default;Default;1;10;Default;Default;Default;Default;Default;Default;Default;Default;1;3;"Job-QKDGBD(InvocationCount=1, IterationCount=10, UnrollFactor=1, WarmupCount=3)";Size=100;1;Overhead;Actual;8;200;1;200
SynchronizationBenchmark.RemoveTransition;Benchmark;SynchronizationBenchmark;RemoveTransition;Job-QKDGBD;Default;Default;Default;Default;Default;Default;Default;Default;Default;Default;Default;Default;Default;Default;Default;Default;Default;Default;Default;Default;Default;Default;Default;Default;Default;Default;Default;Default;Default;Default;1;10;Default;Default;Default;Default;Default;Default;Default;Default;1;3;"Job-QKDGBD(InvocationCount=1, IterationCount=10, UnrollFactor=1, WarmupCount=3)";Size=100;1;Overhead;Actual;9;100;1;100
SynchronizationBenchmark.RemoveTransition;Benchmark;SynchronizationBenchmark;RemoveTransition;Job-QKDGBD;Default;Default;Default;Default;Default;Default;Default;Default;Default;Default;Default;Default;Default;Default;Default;Default;Default;Default;Default;Default;Default;Default;Default;Default;Default;Default;Default;Default;Default;Default;1;10;Default;Default;Default;Default;Default;Default;Default;Default;1;3;"Job-QKDGBD(InvocationCount=1, IterationCount=10, UnrollFactor=1, WarmupCount=3)";Size=100;1;Overhead;Actual;10;300;1;300
SynchronizationBenchmark.RemoveTransition;Benchmark;SynchronizationBenchmark;RemoveTransition;Job-QKDGBD;Default;Default;Default;Default;Default;Default;Default;Default;Default;Default;Default;Default;Default;Default;Default;Default;Default;Default;Default;Default;Default;Default;Default;Default;Default;Default;Default;Default;Default;Default;1;10;Default;Default;Default;Default;Default;Default;Default;Default;1;3;"Job-QKDGBD(InvocationCount=1, IterationCount=10, UnrollFactor=1, WarmupCount=3)";Size=100;1;Overhead;Actual;11;100;1;100
SynchronizationBenchmark.RemoveTransition;Benchmark;SynchronizationBenchmark;RemoveTransition;Job-QKDGBD;Default;Default;Default;Default;Default;Default;Default;Default;Default;Default;Default;Default;Default;Default;Default;Default;Default;Default;Default;Default;Default;Default;Default;Default;Default;Default;Default;Default;Default;Default;1;10;Default;Default;Default;Default;Default;Default;Default;Default;1;3;"Job-QKDGBD(InvocationCount=1, IterationCount=10, UnrollFactor=1, WarmupCount=3)";Size=100;1;Overhead;Actual;12;200;1;200
SynchronizationBenchmark.RemoveTransition;Benchmark;SynchronizationBenchmark;RemoveTransition;Job-QKDGBD;Default;Default;Default;Default;Default;Default;Default;Default;Default;Default;Default;Default;Default;Default;Default;Default;Default;Default;Default;Default;Default;Default;Default;Default;Default;Default;Default;Default;Default;Default;1;10;Default;Default;Default;Default;Default;Default;Default;Default;1;3;"Job-QKDGBD(InvocationCount=1, IterationCount=10, UnrollFactor=1, WarmupCount=3)";Size=100;1;Overhead;Actual;13;300;1;300
SynchronizationBenchmark.RemoveTransition;Benchmark;SynchronizationBenchmark;RemoveTransition;Job-QKDGBD;Default;Default;Default;Default;Default;Default;Default;Default;Default;Default;Default;Default;Default;Default;Default;Default;Default;Default;Default;Default;Default;Default;Default;Default;Default;Default;Default;Default;Default;Default;1;10;Default;Default;Default;Default;Default;Default;Default;Default;1;3;"Job-QKDGBD(InvocationCount=1, IterationCount=10, UnrollFactor=1, WarmupCount=3)";Size=100;1;Overhead;Actual;14;100;1;100
SynchronizationBenchmark.RemoveTransition;Benchmark;SynchronizationBenchmark;RemoveTransition;Job-QKDGBD;Default;Default;Default;Default;Default;Default;Default;Default;Default;Default;Default;Default;Default;Default;Default;Default;Default;Default;Default;Default;Default;Default;Default;Default;Default;Default;Default;Default;Default;Default;1;10;Default;Default;Default;Default;Default;Default;Default;Default;1;3;"Job-QKDGBD(InvocationCount=1, IterationCount=10, UnrollFactor=1, WarmupCount=3)";Size=100;1;Overhead;Actual;15;300;1;300
SynchronizationBenchmark.RemoveTransition;Benchmark;SynchronizationBenchmark;RemoveTransition;Job-QKDGBD;Default;Default;Default;Default;Default;Default;Default;Default;Default;Default;Default;Default;Default;Default;Default;Default;Default;Default;Default;Default;Default;Default;Default;Default;Default;Default;Default;Default;Default;Default;1;10;Default;Default;Default;Default;Default;Default;Default;Default;1;3;"Job-QKDGBD(InvocationCount=1, IterationCount=10, UnrollFactor=1, WarmupCount=3)";Size=100;1;Overhead;Actual;16;200;1;200
SynchronizationBenchmark.RemoveTransition;Benchmark;SynchronizationBenchmark;RemoveTransition;Job-QKDGBD;Default;Default;Default;Default;Default;Default;Default;Default;Default;Default;Default;Default;Default;Default;Default;Default;Default;Default;Default;Default;Default;Default;Default;Default;Default;Default;Default;Default;Default;Default;1;10;Default;Default;Default;Default;Default;Default;Default;Default;1;3;"Job-QKDGBD(InvocationCount=1, IterationCount=10, UnrollFactor=1, WarmupCount=3)";Size=100;1;Overhead;Actual;17;300;1;300
SynchronizationBenchmark.RemoveTransition;Benchmark;SynchronizationBenchmark;RemoveTransition;Job-QKDGBD;Default;Default;Default;Default;Default;Default;Default;Default;Default;Default;Default;Default;Default;Default;Default;Default;Default;Default;Default;Default;Default;Default;Default;Default;Default;Default;Default;Default;Default;Default;1;10;Default;Default;Default;Default;Default;Default;Default;Default;1;3;"Job-QKDGBD(InvocationCount=1, IterationCount=10, UnrollFactor=1, WarmupCount=3)";Size=100;1;Overhead;Actual;18;300;1;300
SynchronizationBenchmark.RemoveTransition;Benchmark;SynchronizationBenchmark;RemoveTransition;Job-QKDGBD;Default;Default;Default;Default;Default;Default;Default;Default;Default;Default;Default;Default;Default;Default;Default;Default;Default;Default;Default;Default;Default;Default;Default;Default;Default;Default;Default;Default;Default;Default;1;10;Default;Default;Default;Default;Default;Default;Default;Default;1;3;"Job-QKDGBD(InvocationCount=1, IterationCount=10, UnrollFactor=1, WarmupCount=3)";Size=100;1;Overhead;Actual;19;200;1;200
SynchronizationBenchmark.RemoveTransition;Benchmark;SynchronizationBenchmark;RemoveTransition;Job-QKDGBD;Default;Default;Default;Default;Default;Default;Default;Default;Default;Default;Default;Default;Default;Default;Default;Default;Default;Default;Default;Default;Default;Default;Default;Default;Default;Default;Default;Default;Default;Default;1;10;Default;Default;Default;Default;Default;Default;Default;Default;1;3;"Job-QKDGBD(InvocationCount=1, IterationCount=10, UnrollFactor=1, WarmupCount=3)";Size=100;1;Overhead;Actual;20;200;1;200
SynchronizationBenchmark.RemoveTransition;Benchmark;SynchronizationBenchmark;RemoveTransition;Job-QKDGBD;Default;Default;Default;Default;Default;Default;Default;Default;Default;Default;Default;Default;Default;Default;Default;Default;Default;Default;Default;Default;Default;Default;Default;Default;Default;Default;Default;Default;Default;Default;1;10;Default;Default;Default;Default;Default;Default;Default;Default;1;3;"Job-QKDGBD(InvocationCount=1, IterationCount=10, UnrollFactor=1, WarmupCount=3)";Size=100;1;Workload;Warmup;1;2079000;1;2079000
SynchronizationBenchmark.RemoveTransition;Benchmark;SynchronizationBenchmark;RemoveTransition;Job-QKDGBD;Default;Default;Default;Default;Default;Default;Default;Default;Default;Default;Default;Default;Default;Default;Default;Default;Default;Default;Default;Default;Default;Default;Default;Default;Default;Default;Default;Default;Default;Default;1;10;Default;Default;Default;Default;Default;Default;Default;Default;1;3;"Job-QKDGBD(InvocationCount=1, IterationCount=10, UnrollFactor=1, WarmupCount=3)";Size=100;1;Workload;Warmup;2;1996400;1;1996400
SynchronizationBenchmark.RemoveTransition;Benchmark;SynchronizationBenchmark;RemoveTransition;Job-QKDGBD;Default;Default;Default;Default;Default;Default;Default;Default;Default;Default;Default;Default;Default;Default;Default;Default;Default;Default;Default;Default;Default;Default;Default;Default;Default;Default;Default;Default;Default;Default;1;10;Default;Default;Default;Default;Default;Default;Default;Default;1;3;"Job-QKDGBD(InvocationCount=1, IterationCount=10, UnrollFactor=1, WarmupCount=3)";Size=100;1;Workload;Warmup;3;2023900;1;2023900
SynchronizationBenchmark.RemoveTransition;Benchmark;SynchronizationBenchmark;RemoveTransition;Job-QKDGBD;Default;Default;Default;Default;Default;Default;Default;Default;Default;Default;Default;Default;Default;Default;Default;Default;Default;Default;Default;Default;Default;Default;Default;Default;Default;Default;Default;Default;Default;Default;1;10;Default;Default;Default;Default;Default;Default;Default;Default;1;3;"Job-QKDGBD(InvocationCount=1, IterationCount=10, UnrollFactor=1, WarmupCount=3)";Size=100;1;Workload;Actual;1;2162700;1;2162700
SynchronizationBenchmark.RemoveTransition;Benchmark;SynchronizationBenchmark;RemoveTransition;Job-QKDGBD;Default;Default;Default;Default;Default;Default;Default;Default;Default;Default;Default;Default;Default;Default;Default;Default;Default;Default;Default;Default;Default;Default;Default;Default;Default;Default;Default;Default;Default;Default;1;10;Default;Default;Default;Default;Default;Default;Default;Default;1;3;"Job-QKDGBD(InvocationCount=1, IterationCount=10, UnrollFactor=1, WarmupCount=3)";Size=100;1;Workload;Actual;2;2035600;1;2035600
SynchronizationBenchmark.RemoveTransition;Benchmark;SynchronizationBenchmark;RemoveTransition;Job-QKDGBD;Default;Default;Default;Default;Default;Default;Default;Default;Default;Default;Default;Default;Default;Default;Default;Default;Default;Default;Default;Default;Default;Default;Default;Default;Default;Default;Default;Default;Default;Default;1;10;Default;Default;Default;Default;Default;Default;Default;Default;1;3;"Job-QKDGBD(InvocationCount=1, IterationCount=10, UnrollFactor=1, WarmupCount=3)";Size=100;1;Workload;Actual;3;2293200;1;2293200
SynchronizationBenchmark.RemoveTransition;Benchmark;SynchronizationBenchmark;RemoveTransition;Job-QKDGBD;Default;Default;Default;Default;Default;Default;Default;Default;Default;Default;Default;Default;Default;Default;Default;Default;Default;Default;Default;Default;Default;Default;Default;Default;Default;Default;Default;Default;Default;Default;1;10;Default;Default;Default;Default;Default;Default;Default;Default;1;3;"Job-QKDGBD(InvocationCount=1, IterationCount=10, UnrollFactor=1, WarmupCount=3)";Size=100;1;Workload;Actual;4;2923700;1;2923700
SynchronizationBenchmark.RemoveTransition;Benchmark;SynchronizationBenchmark;RemoveTransition;Job-QKDGBD;Default;Default;Default;Default;Default;Default;Default;Default;Default;Default;Default;Default;Default;Default;Default;Default;Default;Default;Default;Default;Default;Default;Default;Default;Default;Default;Default;Default;Default;Default;1;10;Default;Default;Default;Default;Default;Default;Default;Default;1;3;"Job-QKDGBD(InvocationCount=1, IterationCount=10, UnrollFactor=1, WarmupCount=3)";Size=100;1;Workload;Actual;5;3964100;1;3964100
SynchronizationBenchmark.RemoveTransition;Benchmark;SynchronizationBenchmark;RemoveTransition;Job-QKDGBD;Default;Default;Default;Default;Default;Default;Default;Default;Default;Default;Default;Default;Default;Default;Default;Default;Default;Default;Default;Default;Default;Default;Default;Default;Default;Default;Default;Default;Default;Default;1;10;Default;Default;Default;Default;Default;Default;Default;Default;1;3;"Job-QKDGBD(InvocationCount=1, IterationCount=10, UnrollFactor=1, WarmupCount=3)";Size=100;1;Workload;Actual;6;2746800;1;2746800
SynchronizationBenchmark.RemoveTransition;Benchmark;SynchronizationBenchmark;RemoveTransition;Job-QKDGBD;Default;Default;Default;Default;Default;Default;Default;Default;Default;Default;Default;Default;Default;Default;Default;Default;Default;Default;Default;Default;Default;Default;Default;Default;Default;Default;Default;Default;Default;Default;1;10;Default;Default;Default;Default;Default;Default;Default;Default;1;3;"Job-QKDGBD(InvocationCount=1, IterationCount=10, UnrollFactor=1, WarmupCount=3)";Size=100;1;Workload;Actual;7;2695900;1;2695900
SynchronizationBenchmark.RemoveTransition;Benchmark;SynchronizationBenchmark;RemoveTransition;Job-QKDGBD;Default;Default;Default;Default;Default;Default;Default;Default;Default;Default;Default;Default;Default;Default;Default;Default;Default;Default;Default;Default;Default;Default;Default;Default;Default;Default;Default;Default;Default;Default;1;10;Default;Default;Default;Default;Default;Default;Default;Default;1;3;"Job-QKDGBD(InvocationCount=1, IterationCount=10, UnrollFactor=1, WarmupCount=3)";Size=100;1;Workload;Actual;8;2736000;1;2736000
SynchronizationBenchmark.RemoveTransition;Benchmark;SynchronizationBenchmark;RemoveTransition;Job-QKDGBD;Default;Default;Default;Default;Default;Default;Default;Default;Default;Default;Default;Default;Default;Default;Default;Default;Default;Default;Default;Default;Default;Default;Default;Default;Default;Default;Default;Default;Default;Default;1;10;Default;Default;Default;Default;Default;Default;Default;Default;1;3;"Job-QKDGBD(InvocationCount=1, IterationCount=10, UnrollFactor=1, WarmupCount=3)";Size=100;1;Workload;Actual;9;2804900;1;2804900
SynchronizationBenchmark.RemoveTransition;Benchmark;SynchronizationBenchmark;RemoveTransition;Job-QKDGBD;Default;Default;Default;Default;Default;Default;Default;Default;Default;Default;Default;Default;Default;Default;Default;Default;Default;Default;Default;Default;Default;Default;Default;Default;Default;Default;Default;Default;Default;Default;1;10;Default;Default;Default;Default;Default;Default;Default;Default;1;3;"Job-QKDGBD(InvocationCount=1, IterationCount=10, UnrollFactor=1, WarmupCount=3)";Size=100;1;Workload;Actual;10;2714800;1;2714800
SynchronizationBenchmark.RemoveTransition;Benchmark;SynchronizationBenchmark;RemoveTransition;Job-QKDGBD;Default;Default;Default;Default;Default;Default;Default;Default;Default;Default;Default;Default;Default;Default;Default;Default;Default;Default;Default;Default;Default;Default;Default;Default;Default;Default;Default;Default;Default;Default;1;10;Default;Default;Default;Default;Default;Default;Default;Default;1;3;"Job-QKDGBD(InvocationCount=1, IterationCount=10, UnrollFactor=1, WarmupCount=3)";Size=100;1;Workload;Result;1;2162450;1;2162450
SynchronizationBenchmark.RemoveTransition;Benchmark;SynchronizationBenchmark;RemoveTransition;Job-QKDGBD;Default;Default;Default;Default;Default;Default;Default;Default;Default;Default;Default;Default;Default;Default;Default;Default;Default;Default;Default;Default;Default;Default;Default;Default;Default;Default;Default;Default;Default;Default;1;10;Default;Default;Default;Default;Default;Default;Default;Default;1;3;"Job-QKDGBD(InvocationCount=1, IterationCount=10, UnrollFactor=1, WarmupCount=3)";Size=100;1;Workload;Result;2;2035350;1;2035350
SynchronizationBenchmark.RemoveTransition;Benchmark;SynchronizationBenchmark;RemoveTransition;Job-QKDGBD;Default;Default;Default;Default;Default;Default;Default;Default;Default;Default;Default;Default;Default;Default;Default;Default;Default;Default;Default;Default;Default;Default;Default;Default;Default;Default;Default;Default;Default;Default;1;10;Default;Default;Default;Default;Default;Default;Default;Default;1;3;"Job-QKDGBD(InvocationCount=1, IterationCount=10, UnrollFactor=1, WarmupCount=3)";Size=100;1;Workload;Result;3;2292950;1;2292950
SynchronizationBenchmark.RemoveTransition;Benchmark;SynchronizationBenchmark;RemoveTransition;Job-QKDGBD;Default;Default;Default;Default;Default;Default;Default;Default;Default;Default;Default;Default;Default;Default;Default;Default;Default;Default;Default;Default;Default;Default;Default;Default;Default;Default;Default;Default;Default;Default;1;10;Default;Default;Default;Default;Default;Default;Default;Default;1;3;"Job-QKDGBD(InvocationCount=1, IterationCount=10, UnrollFactor=1, WarmupCount=3)";Size=100;1;Workload;Result;4;2923450;1;2923450
SynchronizationBenchmark.RemoveTransition;Benchmark;SynchronizationBenchmark;RemoveTransition;Job-QKDGBD;Default;Default;Default;Default;Default;Default;Default;Default;Default;Default;Default;Default;Default;Default;Default;Default;Default;Default;Default;Default;Default;Default;Default;Default;Default;Default;Default;Default;Default;Default;1;10;Default;Default;Default;Default;Default;Default;Default;Default;1;3;"Job-QKDGBD(InvocationCount=1, IterationCount=10, UnrollFactor=1, WarmupCount=3)";Size=100;1;Workload;Result;5;2746550;1;2746550
SynchronizationBenchmark.RemoveTransition;Benchmark;SynchronizationBenchmark;RemoveTransition;Job-QKDGBD;Default;Default;Default;Default;Default;Default;Default;Default;Default;Default;Default;Default;Default;Default;Default;Default;Default;Default;Default;Default;Default;Default;Default;Default;Default;Default;Default;Default;Default;Default;1;10;Default;Default;Default;Default;Default;Default;Default;Default;1;3;"Job-QKDGBD(InvocationCount=1, IterationCount=10, UnrollFactor=1, WarmupCount=3)";Size=100;1;Workload;Result;6;2695650;1;2695650
SynchronizationBenchmark.RemoveTransition;Benchmark;SynchronizationBenchmark;RemoveTransition;Job-QKDGBD;Default;Default;Default;Default;Default;Default;Default;Default;Default;Default;Default;Default;Default;Default;Default;Default;Default;Default;Default;Default;Default;Default;Default;Default;Default;Default;Default;Default;Default;Default;1;10;Default;Default;Default;Default;Default;Default;Default;Default;1;3;"Job-QKDGBD(InvocationCount=1, IterationCount=10, UnrollFactor=1, WarmupCount=3)";Size=100;1;Workload;Result;7;2735750;1;2735750
SynchronizationBenchmark.RemoveTransition;Benchmark;SynchronizationBenchmark;RemoveTransition;Job-QKDGBD;Default;Default;Default;Default;Default;Default;Default;Default;Default;Default;Default;Default;Default;Default;Default;Default;Default;Default;Default;Default;Default;Default;Default;Default;Default;Default;Default;Default;Default;Default;1;10;Default;Default;Default;Default;Default;Default;Default;Default;1;3;"Job-QKDGBD(InvocationCount=1, IterationCount=10, UnrollFactor=1, WarmupCount=3)";Size=100;1;Workload;Result;8;2804650;1;2804650
SynchronizationBenchmark.RemoveTransition;Benchmark;SynchronizationBenchmark;RemoveTransition;Job-QKDGBD;Default;Default;Default;Default;Default;Default;Default;Default;Default;Default;Default;Default;Default;Default;Default;Default;Default;Default;Default;Default;Default;Default;Default;Default;Default;Default;Default;Default;Default;Default;1;10;Default;Default;Default;Default;Default;Default;Default;Default;1;3;"Job-QKDGBD(InvocationCount=1, IterationCount=10, UnrollFactor=1, WarmupCount=3)";Size=100;1;Workload;Result;9;2714550;1;2714550
SynchronizationBenchmark.SetStateAsInitial;Benchmark;SynchronizationBenchmark;SetStateAsInitial;Job-QKDGBD;Default;Default;Default;Default;Default;Default;Default;Default;Default;Default;Default;Default;Default;Default;Default;Default;Default;Default;Default;Default;Default;Default;Default;Default;Default;Default;Default;Default;Default;Default;1;10;Default;Default;Default;Default;Default;Default;Default;Default;1;3;"Job-QKDGBD(InvocationCount=1, IterationCount=10, UnrollFactor=1, WarmupCount=3)";Size=100;1;Overhead;Jitting;1;113900;1;113900
SynchronizationBenchmark.SetStateAsInitial;Benchmark;SynchronizationBenchmark;SetStateAsInitial;Job-QKDGBD;Default;Default;Default;Default;Default;Default;Default;Default;Default;Default;Default;Default;Default;Default;Default;Default;Default;Default;Default;Default;Default;Default;Default;Default;Default;Default;Default;Default;Default;Default;1;10;Default;Default;Default;Default;Default;Default;Default;Default;1;3;"Job-QKDGBD(InvocationCount=1, IterationCount=10, UnrollFactor=1, WarmupCount=3)";Size=100;1;Workload;Jitting;1;19396700;1;19396700
SynchronizationBenchmark.SetStateAsInitial;Benchmark;SynchronizationBenchmark;SetStateAsInitial;Job-QKDGBD;Default;Default;Default;Default;Default;Default;Default;Default;Default;Default;Default;Default;Default;Default;Default;Default;Default;Default;Default;Default;Default;Default;Default;Default;Default;Default;Default;Default;Default;Default;1;10;Default;Default;Default;Default;Default;Default;Default;Default;1;3;"Job-QKDGBD(InvocationCount=1, IterationCount=10, UnrollFactor=1, WarmupCount=3)";Size=100;1;Overhead;Warmup;1;300;1;300
SynchronizationBenchmark.SetStateAsInitial;Benchmark;SynchronizationBenchmark;SetStateAsInitial;Job-QKDGBD;Default;Default;Default;Default;Default;Default;Default;Default;Default;Default;Default;Default;Default;Default;Default;Default;Default;Default;Default;Default;Default;Default;Default;Default;Default;Default;Default;Default;Default;Default;1;10;Default;Default;Default;Default;Default;Default;Default;Default;1;3;"Job-QKDGBD(InvocationCount=1, IterationCount=10, UnrollFactor=1, WarmupCount=3)";Size=100;1;Overhead;Warmup;2;200;1;200
SynchronizationBenchmark.SetStateAsInitial;Benchmark;SynchronizationBenchmark;SetStateAsInitial;Job-QKDGBD;Default;Default;Default;Default;Default;Default;Default;Default;Default;Default;Default;Default;Default;Default;Default;Default;Default;Default;Default;Default;Default;Default;Default;Default;Default;Default;Default;Default;Default;Default;1;10;Default;Default;Default;Default;Default;Default;Default;Default;1;3;"Job-QKDGBD(InvocationCount=1, IterationCount=10, UnrollFactor=1, WarmupCount=3)";Size=100;1;Overhead;Warmup;3;200;1;200
SynchronizationBenchmark.SetStateAsInitial;Benchmark;SynchronizationBenchmark;SetStateAsInitial;Job-QKDGBD;Default;Default;Default;Default;Default;Default;Default;Default;Default;Default;Default;Default;Default;Default;Default;Default;Default;Default;Default;Default;Default;Default;Default;Default;Default;Default;Default;Default;Default;Default;1;10;Default;Default;Default;Default;Default;Default;Default;Default;1;3;"Job-QKDGBD(InvocationCount=1, IterationCount=10, UnrollFactor=1, WarmupCount=3)";Size=100;1;Overhead;Warmup;4;200;1;200
SynchronizationBenchmark.SetStateAsInitial;Benchmark;SynchronizationBenchmark;SetStateAsInitial;Job-QKDGBD;Default;Default;Default;Default;Default;Default;Default;Default;Default;Default;Default;Default;Default;Default;Default;Default;Default;Default;Default;Default;Default;Default;Default;Default;Default;Default;Default;Default;Default;Default;1;10;Default;Default;Default;Default;Default;Default;Default;Default;1;3;"Job-QKDGBD(InvocationCount=1, IterationCount=10, UnrollFactor=1, WarmupCount=3)";Size=100;1;Overhead;Warmup;5;200;1;200
SynchronizationBenchmark.SetStateAsInitial;Benchmark;SynchronizationBenchmark;SetStateAsInitial;Job-QKDGBD;Default;Default;Default;Default;Default;Default;Default;Default;Default;Default;Default;Default;Default;Default;Default;Default;Default;Default;Default;Default;Default;Default;Default;Default;Default;Default;Default;Default;Default;Default;1;10;Default;Default;Default;Default;Default;Default;Default;Default;1;3;"Job-QKDGBD(InvocationCount=1, IterationCount=10, UnrollFactor=1, WarmupCount=3)";Size=100;1;Overhead;Warmup;6;200;1;200
SynchronizationBenchmark.SetStateAsInitial;Benchmark;SynchronizationBenchmark;SetStateAsInitial;Job-QKDGBD;Default;Default;Default;Default;Default;Default;Default;Default;Default;Default;Default;Default;Default;Default;Default;Default;Default;Default;Default;Default;Default;Default;Default;Default;Default;Default;Default;Default;Default;Default;1;10;Default;Default;Default;Default;Default;Default;Default;Default;1;3;"Job-QKDGBD(InvocationCount=1, IterationCount=10, UnrollFactor=1, WarmupCount=3)";Size=100;1;Overhead;Actual;1;200;1;200
SynchronizationBenchmark.SetStateAsInitial;Benchmark;SynchronizationBenchmark;SetStateAsInitial;Job-QKDGBD;Default;Default;Default;Default;Default;Default;Default;Default;Default;Default;Default;Default;Default;Default;Default;Default;Default;Default;Default;Default;Default;Default;Default;Default;Default;Default;Default;Default;Default;Default;1;10;Default;Default;Default;Default;Default;Default;Default;Default;1;3;"Job-QKDGBD(InvocationCount=1, IterationCount=10, UnrollFactor=1, WarmupCount=3)";Size=100;1;Overhead;Actual;2;1400;1;1400
SynchronizationBenchmark.SetStateAsInitial;Benchmark;SynchronizationBenchmark;SetStateAsInitial;Job-QKDGBD;Default;Default;Default;Default;Default;Default;Default;Default;Default;Default;Default;Default;Default;Default;Default;Default;Default;Default;Default;Default;Default;Default;Default;Default;Default;Default;Default;Default;Default;Default;1;10;Default;Default;Default;Default;Default;Default;Default;Default;1;3;"Job-QKDGBD(InvocationCount=1, IterationCount=10, UnrollFactor=1, WarmupCount=3)";Size=100;1;Overhead;Actual;3;300;1;300
SynchronizationBenchmark.SetStateAsInitial;Benchmark;SynchronizationBenchmark;SetStateAsInitial;Job-QKDGBD;Default;Default;Default;Default;Default;Default;Default;Default;Default;Default;Default;Default;Default;Default;Default;Default;Default;Default;Default;Default;Default;Default;Default;Default;Default;Default;Default;Default;Default;Default;1;10;Default;Default;Default;Default;Default;Default;Default;Default;1;3;"Job-QKDGBD(InvocationCount=1, IterationCount=10, UnrollFactor=1, WarmupCount=3)";Size=100;1;Overhead;Actual;4;200;1;200
SynchronizationBenchmark.SetStateAsInitial;Benchmark;SynchronizationBenchmark;SetStateAsInitial;Job-QKDGBD;Default;Default;Default;Default;Default;Default;Default;Default;Default;Default;Default;Default;Default;Default;Default;Default;Default;Default;Default;Default;Default;Default;Default;Default;Default;Default;Default;Default;Default;Default;1;10;Default;Default;Default;Default;Default;Default;Default;Default;1;3;"Job-QKDGBD(InvocationCount=1, IterationCount=10, UnrollFactor=1, WarmupCount=3)";Size=100;1;Overhead;Actual;5;300;1;300
SynchronizationBenchmark.SetStateAsInitial;Benchmark;SynchronizationBenchmark;SetStateAsInitial;Job-QKDGBD;Default;Default;Default;Default;Default;Default;Default;Default;Default;Default;Default;Default;Default;Default;Default;Default;Default;Default;Default;Default;Default;Default;Default;Default;Default;Default;Default;Default;Default;Default;1;10;Default;Default;Default;Default;Default;Default;Default;Default;1;3;"Job-QKDGBD(InvocationCount=1, IterationCount=10, UnrollFactor=1, WarmupCount=3)";Size=100;1;Overhead;Actual;6;300;1;300
SynchronizationBenchmark.SetStateAsInitial;Benchmark;SynchronizationBenchmark;SetStateAsInitial;Job-QKDGBD;Default;Default;Default;Default;Default;Default;Default;Default;Default;Default;Default;Default;Default;Default;Default;Default;Default;Default;Default;Default;Default;Default;Default;Default;Default;Default;Default;Default;Default;Default;1;10;Default;Default;Default;Default;Default;Default;Default;Default;1;3;"Job-QKDGBD(InvocationCount=1, IterationCount=10, UnrollFactor=1, WarmupCount=3)";Size=100;1;Overhead;Actual;7;200;1;200
SynchronizationBenchmark.SetStateAsInitial;Benchmark;SynchronizationBenchmark;SetStateAsInitial;Job-QKDGBD;Default;Default;Default;Default;Default;Default;Default;Default;Default;Default;Default;Default;Default;Default;Default;Default;Default;Default;Default;Default;Default;Default;Default;Default;Default;Default;Default;Default;Default;Default;1;10;Default;Default;Default;Default;Default;Default;Default;Default;1;3;"Job-QKDGBD(InvocationCount=1, IterationCount=10, UnrollFactor=1, WarmupCount=3)";Size=100;1;Overhead;Actual;8;300;1;300
SynchronizationBenchmark.SetStateAsInitial;Benchmark;SynchronizationBenchmark;SetStateAsInitial;Job-QKDGBD;Default;Default;Default;Default;Default;Default;Default;Default;Default;Default;Default;Default;Default;Default;Default;Default;Default;Default;Default;Default;Default;Default;Default;Default;Default;Default;Default;Default;Default;Default;1;10;Default;Default;Default;Default;Default;Default;Default;Default;1;3;"Job-QKDGBD(InvocationCount=1, IterationCount=10, UnrollFactor=1, WarmupCount=3)";Size=100;1;Overhead;Actual;9;200;1;200
SynchronizationBenchmark.SetStateAsInitial;Benchmark;SynchronizationBenchmark;SetStateAsInitial;Job-QKDGBD;Default;Default;Default;Default;Default;Default;Default;Default;Default;Default;Default;Default;Default;Default;Default;Default;Default;Default;Default;Default;Default;Default;Default;Default;Default;Default;Default;Default;Default;Default;1;10;Default;Default;Default;Default;Default;Default;Default;Default;1;3;"Job-QKDGBD(InvocationCount=1, IterationCount=10, UnrollFactor=1, WarmupCount=3)";Size=100;1;Overhead;Actual;10;200;1;200
SynchronizationBenchmark.SetStateAsInitial;Benchmark;SynchronizationBenchmark;SetStateAsInitial;Job-QKDGBD;Default;Default;Default;Default;Default;Default;Default;Default;Default;Default;Default;Default;Default;Default;Default;Default;Default;Default;Default;Default;Default;Default;Default;Default;Default;Default;Default;Default;Default;Default;1;10;Default;Default;Default;Default;Default;Default;Default;Default;1;3;"Job-QKDGBD(InvocationCount=1, IterationCount=10, UnrollFactor=1, WarmupCount=3)";Size=100;1;Overhead;Actual;11;200;1;200
SynchronizationBenchmark.SetStateAsInitial;Benchmark;SynchronizationBenchmark;SetStateAsInitial;Job-QKDGBD;Default;Default;Default;Default;Default;Default;Default;Default;Default;Default;Default;Default;Default;Default;Default;Default;Default;Default;Default;Default;Default;Default;Default;Default;Default;Default;Default;Default;Default;Default;1;10;Default;Default;Default;Default;Default;Default;Default;Default;1;3;"Job-QKDGBD(InvocationCount=1, IterationCount=10, UnrollFactor=1, WarmupCount=3)";Size=100;1;Overhead;Actual;12;200;1;200
SynchronizationBenchmark.SetStateAsInitial;Benchmark;SynchronizationBenchmark;SetStateAsInitial;Job-QKDGBD;Default;Default;Default;Default;Default;Default;Default;Default;Default;Default;Default;Default;Default;Default;Default;Default;Default;Default;Default;Default;Default;Default;Default;Default;Default;Default;Default;Default;Default;Default;1;10;Default;Default;Default;Default;Default;Default;Default;Default;1;3;"Job-QKDGBD(InvocationCount=1, IterationCount=10, UnrollFactor=1, WarmupCount=3)";Size=100;1;Overhead;Actual;13;1400;1;1400
SynchronizationBenchmark.SetStateAsInitial;Benchmark;SynchronizationBenchmark;SetStateAsInitial;Job-QKDGBD;Default;Default;Default;Default;Default;Default;Default;Default;Default;Default;Default;Default;Default;Default;Default;Default;Default;Default;Default;Default;Default;Default;Default;Default;Default;Default;Default;Default;Default;Default;1;10;Default;Default;Default;Default;Default;Default;Default;Default;1;3;"Job-QKDGBD(InvocationCount=1, IterationCount=10, UnrollFactor=1, WarmupCount=3)";Size=100;1;Overhead;Actual;14;300;1;300
SynchronizationBenchmark.SetStateAsInitial;Benchmark;SynchronizationBenchmark;SetStateAsInitial;Job-QKDGBD;Default;Default;Default;Default;Default;Default;Default;Default;Default;Default;Default;Default;Default;Default;Default;Default;Default;Default;Default;Default;Default;Default;Default;Default;Default;Default;Default;Default;Default;Default;1;10;Default;Default;Default;Default;Default;Default;Default;Default;1;3;"Job-QKDGBD(InvocationCount=1, IterationCount=10, UnrollFactor=1, WarmupCount=3)";Size=100;1;Overhead;Actual;15;200;1;200
SynchronizationBenchmark.SetStateAsInitial;Benchmark;SynchronizationBenchmark;SetStateAsInitial;Job-QKDGBD;Default;Default;Default;Default;Default;Default;Default;Default;Default;Default;Default;Default;Default;Default;Default;Default;Default;Default;Default;Default;Default;Default;Default;Default;Default;Default;Default;Default;Default;Default;1;10;Default;Default;Default;Default;Default;Default;Default;Default;1;3;"Job-QKDGBD(InvocationCount=1, IterationCount=10, UnrollFactor=1, WarmupCount=3)";Size=100;1;Overhead;Actual;16;200;1;200
SynchronizationBenchmark.SetStateAsInitial;Benchmark;SynchronizationBenchmark;SetStateAsInitial;Job-QKDGBD;Default;Default;Default;Default;Default;Default;Default;Default;Default;Default;Default;Default;Default;Default;Default;Default;Default;Default;Default;Default;Default;Default;Default;Default;Default;Default;Default;Default;Default;Default;1;10;Default;Default;Default;Default;Default;Default;Default;Default;1;3;"Job-QKDGBD(InvocationCount=1, IterationCount=10, UnrollFactor=1, WarmupCount=3)";Size=100;1;Overhead;Actual;17;200;1;200
SynchronizationBenchmark.SetStateAsInitial;Benchmark;SynchronizationBenchmark;SetStateAsInitial;Job-QKDGBD;Default;Default;Default;Default;Default;Default;Default;Default;Default;Default;Default;Default;Default;Default;Default;Default;Default;Default;Default;Default;Default;Default;Default;Default;Default;Default;Default;Default;Default;Default;1;10;Default;Default;Default;Default;Default;Default;Default;Default;1;3;"Job-QKDGBD(InvocationCount=1, IterationCount=10, UnrollFactor=1, WarmupCount=3)";Size=100;1;Overhead;Actual;18;200;1;200
SynchronizationBenchmark.SetStateAsInitial;Benchmark;SynchronizationBenchmark;SetStateAsInitial;Job-QKDGBD;Default;Default;Default;Default;Default;Default;Default;Default;Default;Default;Default;Default;Default;Default;Default;Default;Default;Default;Default;Default;Default;Default;Default;Default;Default;Default;Default;Default;Default;Default;1;10;Default;Default;Default;Default;Default;Default;Default;Default;1;3;"Job-QKDGBD(InvocationCount=1, IterationCount=10, UnrollFactor=1, WarmupCount=3)";Size=100;1;Overhead;Actual;19;200;1;200
SynchronizationBenchmark.SetStateAsInitial;Benchmark;SynchronizationBenchmark;SetStateAsInitial;Job-QKDGBD;Default;Default;Default;Default;Default;Default;Default;Default;Default;Default;Default;Default;Default;Default;Default;Default;Default;Default;Default;Default;Default;Default;Default;Default;Default;Default;Default;Default;Default;Default;1;10;Default;Default;Default;Default;Default;Default;Default;Default;1;3;"Job-QKDGBD(InvocationCount=1, IterationCount=10, UnrollFactor=1, WarmupCount=3)";Size=100;1;Overhead;Actual;20;200;1;200
SynchronizationBenchmark.SetStateAsInitial;Benchmark;SynchronizationBenchmark;SetStateAsInitial;Job-QKDGBD;Default;Default;Default;Default;Default;Default;Default;Default;Default;Default;Default;Default;Default;Default;Default;Default;Default;Default;Default;Default;Default;Default;Default;Default;Default;Default;Default;Default;Default;Default;1;10;Default;Default;Default;Default;Default;Default;Default;Default;1;3;"Job-QKDGBD(InvocationCount=1, IterationCount=10, UnrollFactor=1, WarmupCount=3)";Size=100;1;Workload;Warmup;1;1039400;1;1039400
SynchronizationBenchmark.SetStateAsInitial;Benchmark;SynchronizationBenchmark;SetStateAsInitial;Job-QKDGBD;Default;Default;Default;Default;Default;Default;Default;Default;Default;Default;Default;Default;Default;Default;Default;Default;Default;Default;Default;Default;Default;Default;Default;Default;Default;Default;Default;Default;Default;Default;1;10;Default;Default;Default;Default;Default;Default;Default;Default;1;3;"Job-QKDGBD(InvocationCount=1, IterationCount=10, UnrollFactor=1, WarmupCount=3)";Size=100;1;Workload;Warmup;2;157400;1;157400
SynchronizationBenchmark.SetStateAsInitial;Benchmark;SynchronizationBenchmark;SetStateAsInitial;Job-QKDGBD;Default;Default;Default;Default;Default;Default;Default;Default;Default;Default;Default;Default;Default;Default;Default;Default;Default;Default;Default;Default;Default;Default;Default;Default;Default;Default;Default;Default;Default;Default;1;10;Default;Default;Default;Default;Default;Default;Default;Default;1;3;"Job-QKDGBD(InvocationCount=1, IterationCount=10, UnrollFactor=1, WarmupCount=3)";Size=100;1;Workload;Warmup;3;2141200;1;2141200
SynchronizationBenchmark.SetStateAsInitial;Benchmark;SynchronizationBenchmark;SetStateAsInitial;Job-QKDGBD;Default;Default;Default;Default;Default;Default;Default;Default;Default;Default;Default;Default;Default;Default;Default;Default;Default;Default;Default;Default;Default;Default;Default;Default;Default;Default;Default;Default;Default;Default;1;10;Default;Default;Default;Default;Default;Default;Default;Default;1;3;"Job-QKDGBD(InvocationCount=1, IterationCount=10, UnrollFactor=1, WarmupCount=3)";Size=100;1;Workload;Actual;1;2383200;1;2383200
SynchronizationBenchmark.SetStateAsInitial;Benchmark;SynchronizationBenchmark;SetStateAsInitial;Job-QKDGBD;Default;Default;Default;Default;Default;Default;Default;Default;Default;Default;Default;Default;Default;Default;Default;Default;Default;Default;Default;Default;Default;Default;Default;Default;Default;Default;Default;Default;Default;Default;1;10;Default;Default;Default;Default;Default;Default;Default;Default;1;3;"Job-QKDGBD(InvocationCount=1, IterationCount=10, UnrollFactor=1, WarmupCount=3)";Size=100;1;Workload;Actual;2;2388800;1;2388800
SynchronizationBenchmark.SetStateAsInitial;Benchmark;SynchronizationBenchmark;SetStateAsInitial;Job-QKDGBD;Default;Default;Default;Default;Default;Default;Default;Default;Default;Default;Default;Default;Default;Default;Default;Default;Default;Default;Default;Default;Default;Default;Default;Default;Default;Default;Default;Default;Default;Default;1;10;Default;Default;Default;Default;Default;Default;Default;Default;1;3;"Job-QKDGBD(InvocationCount=1, IterationCount=10, UnrollFactor=1, WarmupCount=3)";Size=100;1;Workload;Actual;3;162000;1;162000
SynchronizationBenchmark.SetStateAsInitial;Benchmark;SynchronizationBenchmark;SetStateAsInitial;Job-QKDGBD;Default;Default;Default;Default;Default;Default;Default;Default;Default;Default;Default;Default;Default;Default;Default;Default;Default;Default;Default;Default;Default;Default;Default;Default;Default;Default;Default;Default;Default;Default;1;10;Default;Default;Default;Default;Default;Default;Default;Default;1;3;"Job-QKDGBD(InvocationCount=1, IterationCount=10, UnrollFactor=1, WarmupCount=3)";Size=100;1;Workload;Actual;4;199100;1;199100
SynchronizationBenchmark.SetStateAsInitial;Benchmark;SynchronizationBenchmark;SetStateAsInitial;Job-QKDGBD;Default;Default;Default;Default;Default;Default;Default;Default;Default;Default;Default;Default;Default;Default;Default;Default;Default;Default;Default;Default;Default;Default;Default;Default;Default;Default;Default;Default;Default;Default;1;10;Default;Default;Default;Default;Default;Default;Default;Default;1;3;"Job-QKDGBD(InvocationCount=1, IterationCount=10, UnrollFactor=1, WarmupCount=3)";Size=100;1;Workload;Actual;5;310700;1;310700
SynchronizationBenchmark.SetStateAsInitial;Benchmark;SynchronizationBenchmark;SetStateAsInitial;Job-QKDGBD;Default;Default;Default;Default;Default;Default;Default;Default;Default;Default;Default;Default;Default;Default;Default;Default;Default;Default;Default;Default;Default;Default;Default;Default;Default;Default;Default;Default;Default;Default;1;10;Default;Default;Default;Default;Default;Default;Default;Default;1;3;"Job-QKDGBD(InvocationCount=1, IterationCount=10, UnrollFactor=1, WarmupCount=3)";Size=100;1;Workload;Actual;6;2298000;1;2298000
SynchronizationBenchmark.SetStateAsInitial;Benchmark;SynchronizationBenchmark;SetStateAsInitial;Job-QKDGBD;Default;Default;Default;Default;Default;Default;Default;Default;Default;Default;Default;Default;Default;Default;Default;Default;Default;Default;Default;Default;Default;Default;Default;Default;Default;Default;Default;Default;Default;Default;1;10;Default;Default;Default;Default;Default;Default;Default;Default;1;3;"Job-QKDGBD(InvocationCount=1, IterationCount=10, UnrollFactor=1, WarmupCount=3)";Size=100;1;Workload;Actual;7;249200;1;249200
SynchronizationBenchmark.SetStateAsInitial;Benchmark;SynchronizationBenchmark;SetStateAsInitial;Job-QKDGBD;Default;Default;Default;Default;Default;Default;Default;Default;Default;Default;Default;Default;Default;Default;Default;Default;Default;Default;Default;Default;Default;Default;Default;Default;Default;Default;Default;Default;Default;Default;1;10;Default;Default;Default;Default;Default;Default;Default;Default;1;3;"Job-QKDGBD(InvocationCount=1, IterationCount=10, UnrollFactor=1, WarmupCount=3)";Size=100;1;Workload;Actual;8;2415700;1;2415700
SynchronizationBenchmark.SetStateAsInitial;Benchmark;SynchronizationBenchmark;SetStateAsInitial;Job-QKDGBD;Default;Default;Default;Default;Default;Default;Default;Default;Default;Default;Default;Default;Default;Default;Default;Default;Default;Default;Default;Default;Default;Default;Default;Default;Default;Default;Default;Default;Default;Default;1;10;Default;Default;Default;Default;Default;Default;Default;Default;1;3;"Job-QKDGBD(InvocationCount=1, IterationCount=10, UnrollFactor=1, WarmupCount=3)";Size=100;1;Workload;Actual;9;242100;1;242100
SynchronizationBenchmark.SetStateAsInitial;Benchmark;SynchronizationBenchmark;SetStateAsInitial;Job-QKDGBD;Default;Default;Default;Default;Default;Default;Default;Default;Default;Default;Default;Default;Default;Default;Default;Default;Default;Default;Default;Default;Default;Default;Default;Default;Default;Default;Default;Default;Default;Default;1;10;Default;Default;Default;Default;Default;Default;Default;Default;1;3;"Job-QKDGBD(InvocationCount=1, IterationCount=10, UnrollFactor=1, WarmupCount=3)";Size=100;1;Workload;Actual;10;228800;1;228800
SynchronizationBenchmark.SetStateAsInitial;Benchmark;SynchronizationBenchmark;SetStateAsInitial;Job-QKDGBD;Default;Default;Default;Default;Default;Default;Default;Default;Default;Default;Default;Default;Default;Default;Default;Default;Default;Default;Default;Default;Default;Default;Default;Default;Default;Default;Default;Default;Default;Default;1;10;Default;Default;Default;Default;Default;Default;Default;Default;1;3;"Job-QKDGBD(InvocationCount=1, IterationCount=10, UnrollFactor=1, WarmupCount=3)";Size=100;1;Workload;Result;1;2383000;1;2383000
SynchronizationBenchmark.SetStateAsInitial;Benchmark;SynchronizationBenchmark;SetStateAsInitial;Job-QKDGBD;Default;Default;Default;Default;Default;Default;Default;Default;Default;Default;Default;Default;Default;Default;Default;Default;Default;Default;Default;Default;Default;Default;Default;Default;Default;Default;Default;Default;Default;Default;1;10;Default;Default;Default;Default;Default;Default;Default;Default;1;3;"Job-QKDGBD(InvocationCount=1, IterationCount=10, UnrollFactor=1, WarmupCount=3)";Size=100;1;Workload;Result;2;2388600;1;2388600
SynchronizationBenchmark.SetStateAsInitial;Benchmark;SynchronizationBenchmark;SetStateAsInitial;Job-QKDGBD;Default;Default;Default;Default;Default;Default;Default;Default;Default;Default;Default;Default;Default;Default;Default;Default;Default;Default;Default;Default;Default;Default;Default;Default;Default;Default;Default;Default;Default;Default;1;10;Default;Default;Default;Default;Default;Default;Default;Default;1;3;"Job-QKDGBD(InvocationCount=1, IterationCount=10, UnrollFactor=1, WarmupCount=3)";Size=100;1;Workload;Result;3;161800;1;161800
SynchronizationBenchmark.SetStateAsInitial;Benchmark;SynchronizationBenchmark;SetStateAsInitial;Job-QKDGBD;Default;Default;Default;Default;Default;Default;Default;Default;Default;Default;Default;Default;Default;Default;Default;Default;Default;Default;Default;Default;Default;Default;Default;Default;Default;Default;Default;Default;Default;Default;1;10;Default;Default;Default;Default;Default;Default;Default;Default;1;3;"Job-QKDGBD(InvocationCount=1, IterationCount=10, UnrollFactor=1, WarmupCount=3)";Size=100;1;Workload;Result;4;198900;1;198900
SynchronizationBenchmark.SetStateAsInitial;Benchmark;SynchronizationBenchmark;SetStateAsInitial;Job-QKDGBD;Default;Default;Default;Default;Default;Default;Default;Default;Default;Default;Default;Default;Default;Default;Default;Default;Default;Default;Default;Default;Default;Default;Default;Default;Default;Default;Default;Default;Default;Default;1;10;Default;Default;Default;Default;Default;Default;Default;Default;1;3;"Job-QKDGBD(InvocationCount=1, IterationCount=10, UnrollFactor=1, WarmupCount=3)";Size=100;1;Workload;Result;5;310500;1;310500
SynchronizationBenchmark.SetStateAsInitial;Benchmark;SynchronizationBenchmark;SetStateAsInitial;Job-QKDGBD;Default;Default;Default;Default;Default;Default;Default;Default;Default;Default;Default;Default;Default;Default;Default;Default;Default;Default;Default;Default;Default;Default;Default;Default;Default;Default;Default;Default;Default;Default;1;10;Default;Default;Default;Default;Default;Default;Default;Default;1;3;"Job-QKDGBD(InvocationCount=1, IterationCount=10, UnrollFactor=1, WarmupCount=3)";Size=100;1;Workload;Result;6;2297800;1;2297800
SynchronizationBenchmark.SetStateAsInitial;Benchmark;SynchronizationBenchmark;SetStateAsInitial;Job-QKDGBD;Default;Default;Default;Default;Default;Default;Default;Default;Default;Default;Default;Default;Default;Default;Default;Default;Default;Default;Default;Default;Default;Default;Default;Default;Default;Default;Default;Default;Default;Default;1;10;Default;Default;Default;Default;Default;Default;Default;Default;1;3;"Job-QKDGBD(InvocationCount=1, IterationCount=10, UnrollFactor=1, WarmupCount=3)";Size=100;1;Workload;Result;7;249000;1;249000
SynchronizationBenchmark.SetStateAsInitial;Benchmark;SynchronizationBenchmark;SetStateAsInitial;Job-QKDGBD;Default;Default;Default;Default;Default;Default;Default;Default;Default;Default;Default;Default;Default;Default;Default;Default;Default;Default;Default;Default;Default;Default;Default;Default;Default;Default;Default;Default;Default;Default;1;10;Default;Default;Default;Default;Default;Default;Default;Default;1;3;"Job-QKDGBD(InvocationCount=1, IterationCount=10, UnrollFactor=1, WarmupCount=3)";Size=100;1;Workload;Result;8;2415500;1;2415500
SynchronizationBenchmark.SetStateAsInitial;Benchmark;SynchronizationBenchmark;SetStateAsInitial;Job-QKDGBD;Default;Default;Default;Default;Default;Default;Default;Default;Default;Default;Default;Default;Default;Default;Default;Default;Default;Default;Default;Default;Default;Default;Default;Default;Default;Default;Default;Default;Default;Default;1;10;Default;Default;Default;Default;Default;Default;Default;Default;1;3;"Job-QKDGBD(InvocationCount=1, IterationCount=10, UnrollFactor=1, WarmupCount=3)";Size=100;1;Workload;Result;9;241900;1;241900
SynchronizationBenchmark.SetStateAsInitial;Benchmark;SynchronizationBenchmark;SetStateAsInitial;Job-QKDGBD;Default;Default;Default;Default;Default;Default;Default;Default;Default;Default;Default;Default;Default;Default;Default;Default;Default;Default;Default;Default;Default;Default;Default;Default;Default;Default;Default;Default;Default;Default;1;10;Default;Default;Default;Default;Default;Default;Default;Default;1;3;"Job-QKDGBD(InvocationCount=1, IterationCount=10, UnrollFactor=1, WarmupCount=3)";Size=100;1;Workload;Result;10;228600;1;228600
SynchronizationBenchmark.AddTargetPlace;Benchmark;SynchronizationBenchmark;AddTargetPlace;Job-QKDGBD;Default;Default;Default;Default;Default;Default;Default;Default;Default;Default;Default;Default;Default;Default;Default;Default;Default;Default;Default;Default;Default;Default;Default;Default;Default;Default;Default;Default;Default;Default;1;10;Default;Default;Default;Default;Default;Default;Default;Default;1;3;"Job-QKDGBD(InvocationCount=1, IterationCount=10, UnrollFactor=1, WarmupCount=3)";Size=100;1;Overhead;Jitting;1;160100;1;160100
SynchronizationBenchmark.AddTargetPlace;Benchmark;SynchronizationBenchmark;AddTargetPlace;Job-QKDGBD;Default;Default;Default;Default;Default;Default;Default;Default;Default;Default;Default;Default;Default;Default;Default;Default;Default;Default;Default;Default;Default;Default;Default;Default;Default;Default;Default;Default;Default;Default;1;10;Default;Default;Default;Default;Default;Default;Default;Default;1;3;"Job-QKDGBD(InvocationCount=1, IterationCount=10, UnrollFactor=1, WarmupCount=3)";Size=100;1;Workload;Jitting;1;25530800;1;25530800
SynchronizationBenchmark.AddTargetPlace;Benchmark;SynchronizationBenchmark;AddTargetPlace;Job-QKDGBD;Default;Default;Default;Default;Default;Default;Default;Default;Default;Default;Default;Default;Default;Default;Default;Default;Default;Default;Default;Default;Default;Default;Default;Default;Default;Default;Default;Default;Default;Default;1;10;Default;Default;Default;Default;Default;Default;Default;Default;1;3;"Job-QKDGBD(InvocationCount=1, IterationCount=10, UnrollFactor=1, WarmupCount=3)";Size=100;1;Overhead;Warmup;1;400;1;400
SynchronizationBenchmark.AddTargetPlace;Benchmark;SynchronizationBenchmark;AddTargetPlace;Job-QKDGBD;Default;Default;Default;Default;Default;Default;Default;Default;Default;Default;Default;Default;Default;Default;Default;Default;Default;Default;Default;Default;Default;Default;Default;Default;Default;Default;Default;Default;Default;Default;1;10;Default;Default;Default;Default;Default;Default;Default;Default;1;3;"Job-QKDGBD(InvocationCount=1, IterationCount=10, UnrollFactor=1, WarmupCount=3)";Size=100;1;Overhead;Warmup;2;200;1;200
SynchronizationBenchmark.AddTargetPlace;Benchmark;SynchronizationBenchmark;AddTargetPlace;Job-QKDGBD;Default;Default;Default;Default;Default;Default;Default;Default;Default;Default;Default;Default;Default;Default;Default;Default;Default;Default;Default;Default;Default;Default;Default;Default;Default;Default;Default;Default;Default;Default;1;10;Default;Default;Default;Default;Default;Default;Default;Default;1;3;"Job-QKDGBD(InvocationCount=1, IterationCount=10, UnrollFactor=1, WarmupCount=3)";Size=100;1;Overhead;Warmup;3;1300;1;1300
SynchronizationBenchmark.AddTargetPlace;Benchmark;SynchronizationBenchmark;AddTargetPlace;Job-QKDGBD;Default;Default;Default;Default;Default;Default;Default;Default;Default;Default;Default;Default;Default;Default;Default;Default;Default;Default;Default;Default;Default;Default;Default;Default;Default;Default;Default;Default;Default;Default;1;10;Default;Default;Default;Default;Default;Default;Default;Default;1;3;"Job-QKDGBD(InvocationCount=1, IterationCount=10, UnrollFactor=1, WarmupCount=3)";Size=100;1;Overhead;Warmup;4;300;1;300
SynchronizationBenchmark.AddTargetPlace;Benchmark;SynchronizationBenchmark;AddTargetPlace;Job-QKDGBD;Default;Default;Default;Default;Default;Default;Default;Default;Default;Default;Default;Default;Default;Default;Default;Default;Default;Default;Default;Default;Default;Default;Default;Default;Default;Default;Default;Default;Default;Default;1;10;Default;Default;Default;Default;Default;Default;Default;Default;1;3;"Job-QKDGBD(InvocationCount=1, IterationCount=10, UnrollFactor=1, WarmupCount=3)";Size=100;1;Overhead;Warmup;5;300;1;300
SynchronizationBenchmark.AddTargetPlace;Benchmark;SynchronizationBenchmark;AddTargetPlace;Job-QKDGBD;Default;Default;Default;Default;Default;Default;Default;Default;Default;Default;Default;Default;Default;Default;Default;Default;Default;Default;Default;Default;Default;Default;Default;Default;Default;Default;Default;Default;Default;Default;1;10;Default;Default;Default;Default;Default;Default;Default;Default;1;3;"Job-QKDGBD(InvocationCount=1, IterationCount=10, UnrollFactor=1, WarmupCount=3)";Size=100;1;Overhead;Warmup;6;1500;1;1500
SynchronizationBenchmark.AddTargetPlace;Benchmark;SynchronizationBenchmark;AddTargetPlace;Job-QKDGBD;Default;Default;Default;Default;Default;Default;Default;Default;Default;Default;Default;Default;Default;Default;Default;Default;Default;Default;Default;Default;Default;Default;Default;Default;Default;Default;Default;Default;Default;Default;1;10;Default;Default;Default;Default;Default;Default;Default;Default;1;3;"Job-QKDGBD(InvocationCount=1, IterationCount=10, UnrollFactor=1, WarmupCount=3)";Size=100;1;Overhead;Actual;1;300;1;300
SynchronizationBenchmark.AddTargetPlace;Benchmark;SynchronizationBenchmark;AddTargetPlace;Job-QKDGBD;Default;Default;Default;Default;Default;Default;Default;Default;Default;Default;Default;Default;Default;Default;Default;Default;Default;Default;Default;Default;Default;Default;Default;Default;Default;Default;Default;Default;Default;Default;1;10;Default;Default;Default;Default;Default;Default;Default;Default;1;3;"Job-QKDGBD(InvocationCount=1, IterationCount=10, UnrollFactor=1, WarmupCount=3)";Size=100;1;Overhead;Actual;2;400;1;400
SynchronizationBenchmark.AddTargetPlace;Benchmark;SynchronizationBenchmark;AddTargetPlace;Job-QKDGBD;Default;Default;Default;Default;Default;Default;Default;Default;Default;Default;Default;Default;Default;Default;Default;Default;Default;Default;Default;Default;Default;Default;Default;Default;Default;Default;Default;Default;Default;Default;1;10;Default;Default;Default;Default;Default;Default;Default;Default;1;3;"Job-QKDGBD(InvocationCount=1, IterationCount=10, UnrollFactor=1, WarmupCount=3)";Size=100;1;Overhead;Actual;3;200;1;200
SynchronizationBenchmark.AddTargetPlace;Benchmark;SynchronizationBenchmark;AddTargetPlace;Job-QKDGBD;Default;Default;Default;Default;Default;Default;Default;Default;Default;Default;Default;Default;Default;Default;Default;Default;Default;Default;Default;Default;Default;Default;Default;Default;Default;Default;Default;Default;Default;Default;1;10;Default;Default;Default;Default;Default;Default;Default;Default;1;3;"Job-QKDGBD(InvocationCount=1, IterationCount=10, UnrollFactor=1, WarmupCount=3)";Size=100;1;Overhead;Actual;4;1600;1;1600
SynchronizationBenchmark.AddTargetPlace;Benchmark;SynchronizationBenchmark;AddTargetPlace;Job-QKDGBD;Default;Default;Default;Default;Default;Default;Default;Default;Default;Default;Default;Default;Default;Default;Default;Default;Default;Default;Default;Default;Default;Default;Default;Default;Default;Default;Default;Default;Default;Default;1;10;Default;Default;Default;Default;Default;Default;Default;Default;1;3;"Job-QKDGBD(InvocationCount=1, IterationCount=10, UnrollFactor=1, WarmupCount=3)";Size=100;1;Overhead;Actual;5;300;1;300
SynchronizationBenchmark.AddTargetPlace;Benchmark;SynchronizationBenchmark;AddTargetPlace;Job-QKDGBD;Default;Default;Default;Default;Default;Default;Default;Default;Default;Default;Default;Default;Default;Default;Default;Default;Default;Default;Default;Default;Default;Default;Default;Default;Default;Default;Default;Default;Default;Default;1;10;Default;Default;Default;Default;Default;Default;Default;Default;1;3;"Job-QKDGBD(InvocationCount=1, IterationCount=10, UnrollFactor=1, WarmupCount=3)";Size=100;1;Overhead;Actual;6;300;1;300
SynchronizationBenchmark.AddTargetPlace;Benchmark;SynchronizationBenchmark;AddTargetPlace;Job-QKDGBD;Default;Default;Default;Default;Default;Default;Default;Default;Default;Default;Default;Default;Default;Default;Default;Default;Default;Default;Default;Default;Default;Default;Default;Default;Default;Default;Default;Default;Default;Default;1;10;Default;Default;Default;Default;Default;Default;Default;Default;1;3;"Job-QKDGBD(InvocationCount=1, IterationCount=10, UnrollFactor=1, WarmupCount=3)";Size=100;1;Overhead;Actual;7;300;1;300
SynchronizationBenchmark.AddTargetPlace;Benchmark;SynchronizationBenchmark;AddTargetPlace;Job-QKDGBD;Default;Default;Default;Default;Default;Default;Default;Default;Default;Default;Default;Default;Default;Default;Default;Default;Default;Default;Default;Default;Default;Default;Default;Default;Default;Default;Default;Default;Default;Default;1;10;Default;Default;Default;Default;Default;Default;Default;Default;1;3;"Job-QKDGBD(InvocationCount=1, IterationCount=10, UnrollFactor=1, WarmupCount=3)";Size=100;1;Overhead;Actual;8;300;1;300
SynchronizationBenchmark.AddTargetPlace;Benchmark;SynchronizationBenchmark;AddTargetPlace;Job-QKDGBD;Default;Default;Default;Default;Default;Default;Default;Default;Default;Default;Default;Default;Default;Default;Default;Default;Default;Default;Default;Default;Default;Default;Default;Default;Default;Default;Default;Default;Default;Default;1;10;Default;Default;Default;Default;Default;Default;Default;Default;1;3;"Job-QKDGBD(InvocationCount=1, IterationCount=10, UnrollFactor=1, WarmupCount=3)";Size=100;1;Overhead;Actual;9;200;1;200
SynchronizationBenchmark.AddTargetPlace;Benchmark;SynchronizationBenchmark;AddTargetPlace;Job-QKDGBD;Default;Default;Default;Default;Default;Default;Default;Default;Default;Default;Default;Default;Default;Default;Default;Default;Default;Default;Default;Default;Default;Default;Default;Default;Default;Default;Default;Default;Default;Default;1;10;Default;Default;Default;Default;Default;Default;Default;Default;1;3;"Job-QKDGBD(InvocationCount=1, IterationCount=10, UnrollFactor=1, WarmupCount=3)";Size=100;1;Overhead;Actual;10;200;1;200
SynchronizationBenchmark.AddTargetPlace;Benchmark;SynchronizationBenchmark;AddTargetPlace;Job-QKDGBD;Default;Default;Default;Default;Default;Default;Default;Default;Default;Default;Default;Default;Default;Default;Default;Default;Default;Default;Default;Default;Default;Default;Default;Default;Default;Default;Default;Default;Default;Default;1;10;Default;Default;Default;Default;Default;Default;Default;Default;1;3;"Job-QKDGBD(InvocationCount=1, IterationCount=10, UnrollFactor=1, WarmupCount=3)";Size=100;1;Overhead;Actual;11;1500;1;1500
SynchronizationBenchmark.AddTargetPlace;Benchmark;SynchronizationBenchmark;AddTargetPlace;Job-QKDGBD;Default;Default;Default;Default;Default;Default;Default;Default;Default;Default;Default;Default;Default;Default;Default;Default;Default;Default;Default;Default;Default;Default;Default;Default;Default;Default;Default;Default;Default;Default;1;10;Default;Default;Default;Default;Default;Default;Default;Default;1;3;"Job-QKDGBD(InvocationCount=1, IterationCount=10, UnrollFactor=1, WarmupCount=3)";Size=100;1;Overhead;Actual;12;200;1;200
SynchronizationBenchmark.AddTargetPlace;Benchmark;SynchronizationBenchmark;AddTargetPlace;Job-QKDGBD;Default;Default;Default;Default;Default;Default;Default;Default;Default;Default;Default;Default;Default;Default;Default;Default;Default;Default;Default;Default;Default;Default;Default;Default;Default;Default;Default;Default;Default;Default;1;10;Default;Default;Default;Default;Default;Default;Default;Default;1;3;"Job-QKDGBD(InvocationCount=1, IterationCount=10, UnrollFactor=1, WarmupCount=3)";Size=100;1;Overhead;Actual;13;1400;1;1400
SynchronizationBenchmark.AddTargetPlace;Benchmark;SynchronizationBenchmark;AddTargetPlace;Job-QKDGBD;Default;Default;Default;Default;Default;Default;Default;Default;Default;Default;Default;Default;Default;Default;Default;Default;Default;Default;Default;Default;Default;Default;Default;Default;Default;Default;Default;Default;Default;Default;1;10;Default;Default;Default;Default;Default;Default;Default;Default;1;3;"Job-QKDGBD(InvocationCount=1, IterationCount=10, UnrollFactor=1, WarmupCount=3)";Size=100;1;Overhead;Actual;14;1500;1;1500
SynchronizationBenchmark.AddTargetPlace;Benchmark;SynchronizationBenchmark;AddTargetPlace;Job-QKDGBD;Default;Default;Default;Default;Default;Default;Default;Default;Default;Default;Default;Default;Default;Default;Default;Default;Default;Default;Default;Default;Default;Default;Default;Default;Default;Default;Default;Default;Default;Default;1;10;Default;Default;Default;Default;Default;Default;Default;Default;1;3;"Job-QKDGBD(InvocationCount=1, IterationCount=10, UnrollFactor=1, WarmupCount=3)";Size=100;1;Overhead;Actual;15;300;1;300
SynchronizationBenchmark.AddTargetPlace;Benchmark;SynchronizationBenchmark;AddTargetPlace;Job-QKDGBD;Default;Default;Default;Default;Default;Default;Default;Default;Default;Default;Default;Default;Default;Default;Default;Default;Default;Default;Default;Default;Default;Default;Default;Default;Default;Default;Default;Default;Default;Default;1;10;Default;Default;Default;Default;Default;Default;Default;Default;1;3;"Job-QKDGBD(InvocationCount=1, IterationCount=10, UnrollFactor=1, WarmupCount=3)";Size=100;1;Overhead;Actual;16;200;1;200
SynchronizationBenchmark.AddTargetPlace;Benchmark;SynchronizationBenchmark;AddTargetPlace;Job-QKDGBD;Default;Default;Default;Default;Default;Default;Default;Default;Default;Default;Default;Default;Default;Default;Default;Default;Default;Default;Default;Default;Default;Default;Default;Default;Default;Default;Default;Default;Default;Default;1;10;Default;Default;Default;Default;Default;Default;Default;Default;1;3;"Job-QKDGBD(InvocationCount=1, IterationCount=10, UnrollFactor=1, WarmupCount=3)";Size=100;1;Overhead;Actual;17;200;1;200
SynchronizationBenchmark.AddTargetPlace;Benchmark;SynchronizationBenchmark;AddTargetPlace;Job-QKDGBD;Default;Default;Default;Default;Default;Default;Default;Default;Default;Default;Default;Default;Default;Default;Default;Default;Default;Default;Default;Default;Default;Default;Default;Default;Default;Default;Default;Default;Default;Default;1;10;Default;Default;Default;Default;Default;Default;Default;Default;1;3;"Job-QKDGBD(InvocationCount=1, IterationCount=10, UnrollFactor=1, WarmupCount=3)";Size=100;1;Overhead;Actual;18;200;1;200
SynchronizationBenchmark.AddTargetPlace;Benchmark;SynchronizationBenchmark;AddTargetPlace;Job-QKDGBD;Default;Default;Default;Default;Default;Default;Default;Default;Default;Default;Default;Default;Default;Default;Default;Default;Default;Default;Default;Default;Default;Default;Default;Default;Default;Default;Default;Default;Default;Default;1;10;Default;Default;Default;Default;Default;Default;Default;Default;1;3;"Job-QKDGBD(InvocationCount=1, IterationCount=10, UnrollFactor=1, WarmupCount=3)";Size=100;1;Overhead;Actual;19;200;1;200
SynchronizationBenchmark.AddTargetPlace;Benchmark;SynchronizationBenchmark;AddTargetPlace;Job-QKDGBD;Default;Default;Default;Default;Default;Default;Default;Default;Default;Default;Default;Default;Default;Default;Default;Default;Default;Default;Default;Default;Default;Default;Default;Default;Default;Default;Default;Default;Default;Default;1;10;Default;Default;Default;Default;Default;Default;Default;Default;1;3;"Job-QKDGBD(InvocationCount=1, IterationCount=10, UnrollFactor=1, WarmupCount=3)";Size=100;1;Overhead;Actual;20;300;1;300
SynchronizationBenchmark.AddTargetPlace;Benchmark;SynchronizationBenchmark;AddTargetPlace;Job-QKDGBD;Default;Default;Default;Default;Default;Default;Default;Default;Default;Default;Default;Default;Default;Default;Default;Default;Default;Default;Default;Default;Default;Default;Default;Default;Default;Default;Default;Default;Default;Default;1;10;Default;Default;Default;Default;Default;Default;Default;Default;1;3;"Job-QKDGBD(InvocationCount=1, IterationCount=10, UnrollFactor=1, WarmupCount=3)";Size=100;1;Workload;Warmup;1;1506400;1;1506400
SynchronizationBenchmark.AddTargetPlace;Benchmark;SynchronizationBenchmark;AddTargetPlace;Job-QKDGBD;Default;Default;Default;Default;Default;Default;Default;Default;Default;Default;Default;Default;Default;Default;Default;Default;Default;Default;Default;Default;Default;Default;Default;Default;Default;Default;Default;Default;Default;Default;1;10;Default;Default;Default;Default;Default;Default;Default;Default;1;3;"Job-QKDGBD(InvocationCount=1, IterationCount=10, UnrollFactor=1, WarmupCount=3)";Size=100;1;Workload;Warmup;2;1287600;1;1287600
SynchronizationBenchmark.AddTargetPlace;Benchmark;SynchronizationBenchmark;AddTargetPlace;Job-QKDGBD;Default;Default;Default;Default;Default;Default;Default;Default;Default;Default;Default;Default;Default;Default;Default;Default;Default;Default;Default;Default;Default;Default;Default;Default;Default;Default;Default;Default;Default;Default;1;10;Default;Default;Default;Default;Default;Default;Default;Default;1;3;"Job-QKDGBD(InvocationCount=1, IterationCount=10, UnrollFactor=1, WarmupCount=3)";Size=100;1;Workload;Warmup;3;1319300;1;1319300
SynchronizationBenchmark.AddTargetPlace;Benchmark;SynchronizationBenchmark;AddTargetPlace;Job-QKDGBD;Default;Default;Default;Default;Default;Default;Default;Default;Default;Default;Default;Default;Default;Default;Default;Default;Default;Default;Default;Default;Default;Default;Default;Default;Default;Default;Default;Default;Default;Default;1;10;Default;Default;Default;Default;Default;Default;Default;Default;1;3;"Job-QKDGBD(InvocationCount=1, IterationCount=10, UnrollFactor=1, WarmupCount=3)";Size=100;1;Workload;Actual;1;1793000;1;1793000
SynchronizationBenchmark.AddTargetPlace;Benchmark;SynchronizationBenchmark;AddTargetPlace;Job-QKDGBD;Default;Default;Default;Default;Default;Default;Default;Default;Default;Default;Default;Default;Default;Default;Default;Default;Default;Default;Default;Default;Default;Default;Default;Default;Default;Default;Default;Default;Default;Default;1;10;Default;Default;Default;Default;Default;Default;Default;Default;1;3;"Job-QKDGBD(InvocationCount=1, IterationCount=10, UnrollFactor=1, WarmupCount=3)";Size=100;1;Workload;Actual;2;1445900;1;1445900
SynchronizationBenchmark.AddTargetPlace;Benchmark;SynchronizationBenchmark;AddTargetPlace;Job-QKDGBD;Default;Default;Default;Default;Default;Default;Default;Default;Default;Default;Default;Default;Default;Default;Default;Default;Default;Default;Default;Default;Default;Default;Default;Default;Default;Default;Default;Default;Default;Default;1;10;Default;Default;Default;Default;Default;Default;Default;Default;1;3;"Job-QKDGBD(InvocationCount=1, IterationCount=10, UnrollFactor=1, WarmupCount=3)";Size=100;1;Workload;Actual;3;1466700;1;1466700
SynchronizationBenchmark.AddTargetPlace;Benchmark;SynchronizationBenchmark;AddTargetPlace;Job-QKDGBD;Default;Default;Default;Default;Default;Default;Default;Default;Default;Default;Default;Default;Default;Default;Default;Default;Default;Default;Default;Default;Default;Default;Default;Default;Default;Default;Default;Default;Default;Default;1;10;Default;Default;Default;Default;Default;Default;Default;Default;1;3;"Job-QKDGBD(InvocationCount=1, IterationCount=10, UnrollFactor=1, WarmupCount=3)";Size=100;1;Workload;Actual;4;1892000;1;1892000
SynchronizationBenchmark.AddTargetPlace;Benchmark;SynchronizationBenchmark;AddTargetPlace;Job-QKDGBD;Default;Default;Default;Default;Default;Default;Default;Default;Default;Default;Default;Default;Default;Default;Default;Default;Default;Default;Default;Default;Default;Default;Default;Default;Default;Default;Default;Default;Default;Default;1;10;Default;Default;Default;Default;Default;Default;Default;Default;1;3;"Job-QKDGBD(InvocationCount=1, IterationCount=10, UnrollFactor=1, WarmupCount=3)";Size=100;1;Workload;Actual;5;1891400;1;1891400
SynchronizationBenchmark.AddTargetPlace;Benchmark;SynchronizationBenchmark;AddTargetPlace;Job-QKDGBD;Default;Default;Default;Default;Default;Default;Default;Default;Default;Default;Default;Default;Default;Default;Default;Default;Default;Default;Default;Default;Default;Default;Default;Default;Default;Default;Default;Default;Default;Default;1;10;Default;Default;Default;Default;Default;Default;Default;Default;1;3;"Job-QKDGBD(InvocationCount=1, IterationCount=10, UnrollFactor=1, WarmupCount=3)";Size=100;1;Workload;Actual;6;1783800;1;1783800
SynchronizationBenchmark.AddTargetPlace;Benchmark;SynchronizationBenchmark;AddTargetPlace;Job-QKDGBD;Default;Default;Default;Default;Default;Default;Default;Default;Default;Default;Default;Default;Default;Default;Default;Default;Default;Default;Default;Default;Default;Default;Default;Default;Default;Default;Default;Default;Default;Default;1;10;Default;Default;Default;Default;Default;Default;Default;Default;1;3;"Job-QKDGBD(InvocationCount=1, IterationCount=10, UnrollFactor=1, WarmupCount=3)";Size=100;1;Workload;Actual;7;1759300;1;1759300
SynchronizationBenchmark.AddTargetPlace;Benchmark;SynchronizationBenchmark;AddTargetPlace;Job-QKDGBD;Default;Default;Default;Default;Default;Default;Default;Default;Default;Default;Default;Default;Default;Default;Default;Default;Default;Default;Default;Default;Default;Default;Default;Default;Default;Default;Default;Default;Default;Default;1;10;Default;Default;Default;Default;Default;Default;Default;Default;1;3;"Job-QKDGBD(InvocationCount=1, IterationCount=10, UnrollFactor=1, WarmupCount=3)";Size=100;1;Workload;Actual;8;2029500;1;2029500
SynchronizationBenchmark.AddTargetPlace;Benchmark;SynchronizationBenchmark;AddTargetPlace;Job-QKDGBD;Default;Default;Default;Default;Default;Default;Default;Default;Default;Default;Default;Default;Default;Default;Default;Default;Default;Default;Default;Default;Default;Default;Default;Default;Default;Default;Default;Default;Default;Default;1;10;Default;Default;Default;Default;Default;Default;Default;Default;1;3;"Job-QKDGBD(InvocationCount=1, IterationCount=10, UnrollFactor=1, WarmupCount=3)";Size=100;1;Workload;Actual;9;1986100;1;1986100
SynchronizationBenchmark.AddTargetPlace;Benchmark;SynchronizationBenchmark;AddTargetPlace;Job-QKDGBD;Default;Default;Default;Default;Default;Default;Default;Default;Default;Default;Default;Default;Default;Default;Default;Default;Default;Default;Default;Default;Default;Default;Default;Default;Default;Default;Default;Default;Default;Default;1;10;Default;Default;Default;Default;Default;Default;Default;Default;1;3;"Job-QKDGBD(InvocationCount=1, IterationCount=10, UnrollFactor=1, WarmupCount=3)";Size=100;1;Workload;Actual;10;1913000;1;1913000
SynchronizationBenchmark.AddTargetPlace;Benchmark;SynchronizationBenchmark;AddTargetPlace;Job-QKDGBD;Default;Default;Default;Default;Default;Default;Default;Default;Default;Default;Default;Default;Default;Default;Default;Default;Default;Default;Default;Default;Default;Default;Default;Default;Default;Default;Default;Default;Default;Default;1;10;Default;Default;Default;Default;Default;Default;Default;Default;1;3;"Job-QKDGBD(InvocationCount=1, IterationCount=10, UnrollFactor=1, WarmupCount=3)";Size=100;1;Workload;Result;1;1792700;1;1792700
SynchronizationBenchmark.AddTargetPlace;Benchmark;SynchronizationBenchmark;AddTargetPlace;Job-QKDGBD;Default;Default;Default;Default;Default;Default;Default;Default;Default;Default;Default;Default;Default;Default;Default;Default;Default;Default;Default;Default;Default;Default;Default;Default;Default;Default;Default;Default;Default;Default;1;10;Default;Default;Default;Default;Default;Default;Default;Default;1;3;"Job-QKDGBD(InvocationCount=1, IterationCount=10, UnrollFactor=1, WarmupCount=3)";Size=100;1;Workload;Result;2;1445600;1;1445600
SynchronizationBenchmark.AddTargetPlace;Benchmark;SynchronizationBenchmark;AddTargetPlace;Job-QKDGBD;Default;Default;Default;Default;Default;Default;Default;Default;Default;Default;Default;Default;Default;Default;Default;Default;Default;Default;Default;Default;Default;Default;Default;Default;Default;Default;Default;Default;Default;Default;1;10;Default;Default;Default;Default;Default;Default;Default;Default;1;3;"Job-QKDGBD(InvocationCount=1, IterationCount=10, UnrollFactor=1, WarmupCount=3)";Size=100;1;Workload;Result;3;1466400;1;1466400
SynchronizationBenchmark.AddTargetPlace;Benchmark;SynchronizationBenchmark;AddTargetPlace;Job-QKDGBD;Default;Default;Default;Default;Default;Default;Default;Default;Default;Default;Default;Default;Default;Default;Default;Default;Default;Default;Default;Default;Default;Default;Default;Default;Default;Default;Default;Default;Default;Default;1;10;Default;Default;Default;Default;Default;Default;Default;Default;1;3;"Job-QKDGBD(InvocationCount=1, IterationCount=10, UnrollFactor=1, WarmupCount=3)";Size=100;1;Workload;Result;4;1891700;1;1891700
SynchronizationBenchmark.AddTargetPlace;Benchmark;SynchronizationBenchmark;AddTargetPlace;Job-QKDGBD;Default;Default;Default;Default;Default;Default;Default;Default;Default;Default;Default;Default;Default;Default;Default;Default;Default;Default;Default;Default;Default;Default;Default;Default;Default;Default;Default;Default;Default;Default;1;10;Default;Default;Default;Default;Default;Default;Default;Default;1;3;"Job-QKDGBD(InvocationCount=1, IterationCount=10, UnrollFactor=1, WarmupCount=3)";Size=100;1;Workload;Result;5;1891100;1;1891100
SynchronizationBenchmark.AddTargetPlace;Benchmark;SynchronizationBenchmark;AddTargetPlace;Job-QKDGBD;Default;Default;Default;Default;Default;Default;Default;Default;Default;Default;Default;Default;Default;Default;Default;Default;Default;Default;Default;Default;Default;Default;Default;Default;Default;Default;Default;Default;Default;Default;1;10;Default;Default;Default;Default;Default;Default;Default;Default;1;3;"Job-QKDGBD(InvocationCount=1, IterationCount=10, UnrollFactor=1, WarmupCount=3)";Size=100;1;Workload;Result;6;1783500;1;1783500
SynchronizationBenchmark.AddTargetPlace;Benchmark;SynchronizationBenchmark;AddTargetPlace;Job-QKDGBD;Default;Default;Default;Default;Default;Default;Default;Default;Default;Default;Default;Default;Default;Default;Default;Default;Default;Default;Default;Default;Default;Default;Default;Default;Default;Default;Default;Default;Default;Default;1;10;Default;Default;Default;Default;Default;Default;Default;Default;1;3;"Job-QKDGBD(InvocationCount=1, IterationCount=10, UnrollFactor=1, WarmupCount=3)";Size=100;1;Workload;Result;7;1759000;1;1759000
SynchronizationBenchmark.AddTargetPlace;Benchmark;SynchronizationBenchmark;AddTargetPlace;Job-QKDGBD;Default;Default;Default;Default;Default;Default;Default;Default;Default;Default;Default;Default;Default;Default;Default;Default;Default;Default;Default;Default;Default;Default;Default;Default;Default;Default;Default;Default;Default;Default;1;10;Default;Default;Default;Default;Default;Default;Default;Default;1;3;"Job-QKDGBD(InvocationCount=1, IterationCount=10, UnrollFactor=1, WarmupCount=3)";Size=100;1;Workload;Result;8;2029200;1;2029200
SynchronizationBenchmark.AddTargetPlace;Benchmark;SynchronizationBenchmark;AddTargetPlace;Job-QKDGBD;Default;Default;Default;Default;Default;Default;Default;Default;Default;Default;Default;Default;Default;Default;Default;Default;Default;Default;Default;Default;Default;Default;Default;Default;Default;Default;Default;Default;Default;Default;1;10;Default;Default;Default;Default;Default;Default;Default;Default;1;3;"Job-QKDGBD(InvocationCount=1, IterationCount=10, UnrollFactor=1, WarmupCount=3)";Size=100;1;Workload;Result;9;1985800;1;1985800
SynchronizationBenchmark.AddTargetPlace;Benchmark;SynchronizationBenchmark;AddTargetPlace;Job-QKDGBD;Default;Default;Default;Default;Default;Default;Default;Default;Default;Default;Default;Default;Default;Default;Default;Default;Default;Default;Default;Default;Default;Default;Default;Default;Default;Default;Default;Default;Default;Default;1;10;Default;Default;Default;Default;Default;Default;Default;Default;1;3;"Job-QKDGBD(InvocationCount=1, IterationCount=10, UnrollFactor=1, WarmupCount=3)";Size=100;1;Workload;Result;10;1912700;1;1912700
SynchronizationBenchmark.ChangeStateName;Benchmark;SynchronizationBenchmark;ChangeStateName;Job-QKDGBD;Default;Default;Default;Default;Default;Default;Default;Default;Default;Default;Default;Default;Default;Default;Default;Default;Default;Default;Default;Default;Default;Default;Default;Default;Default;Default;Default;Default;Default;Default;1;10;Default;Default;Default;Default;Default;Default;Default;Default;1;3;"Job-QKDGBD(InvocationCount=1, IterationCount=10, UnrollFactor=1, WarmupCount=3)";Size=1000;1;Overhead;Jitting;1;175700;1;175700
SynchronizationBenchmark.ChangeStateName;Benchmark;SynchronizationBenchmark;ChangeStateName;Job-QKDGBD;Default;Default;Default;Default;Default;Default;Default;Default;Default;Default;Default;Default;Default;Default;Default;Default;Default;Default;Default;Default;Default;Default;Default;Default;Default;Default;Default;Default;Default;Default;1;10;Default;Default;Default;Default;Default;Default;Default;Default;1;3;"Job-QKDGBD(InvocationCount=1, IterationCount=10, UnrollFactor=1, WarmupCount=3)";Size=1000;1;Workload;Jitting;1;19882200;1;19882200
SynchronizationBenchmark.ChangeStateName;Benchmark;SynchronizationBenchmark;ChangeStateName;Job-QKDGBD;Default;Default;Default;Default;Default;Default;Default;Default;Default;Default;Default;Default;Default;Default;Default;Default;Default;Default;Default;Default;Default;Default;Default;Default;Default;Default;Default;Default;Default;Default;1;10;Default;Default;Default;Default;Default;Default;Default;Default;1;3;"Job-QKDGBD(InvocationCount=1, IterationCount=10, UnrollFactor=1, WarmupCount=3)";Size=1000;1;Overhead;Warmup;1;1800;1;1800
SynchronizationBenchmark.ChangeStateName;Benchmark;SynchronizationBenchmark;ChangeStateName;Job-QKDGBD;Default;Default;Default;Default;Default;Default;Default;Default;Default;Default;Default;Default;Default;Default;Default;Default;Default;Default;Default;Default;Default;Default;Default;Default;Default;Default;Default;Default;Default;Default;1;10;Default;Default;Default;Default;Default;Default;Default;Default;1;3;"Job-QKDGBD(InvocationCount=1, IterationCount=10, UnrollFactor=1, WarmupCount=3)";Size=1000;1;Overhead;Warmup;2;1300;1;1300
SynchronizationBenchmark.ChangeStateName;Benchmark;SynchronizationBenchmark;ChangeStateName;Job-QKDGBD;Default;Default;Default;Default;Default;Default;Default;Default;Default;Default;Default;Default;Default;Default;Default;Default;Default;Default;Default;Default;Default;Default;Default;Default;Default;Default;Default;Default;Default;Default;1;10;Default;Default;Default;Default;Default;Default;Default;Default;1;3;"Job-QKDGBD(InvocationCount=1, IterationCount=10, UnrollFactor=1, WarmupCount=3)";Size=1000;1;Overhead;Warmup;3;1600;1;1600
SynchronizationBenchmark.ChangeStateName;Benchmark;SynchronizationBenchmark;ChangeStateName;Job-QKDGBD;Default;Default;Default;Default;Default;Default;Default;Default;Default;Default;Default;Default;Default;Default;Default;Default;Default;Default;Default;Default;Default;Default;Default;Default;Default;Default;Default;Default;Default;Default;1;10;Default;Default;Default;Default;Default;Default;Default;Default;1;3;"Job-QKDGBD(InvocationCount=1, IterationCount=10, UnrollFactor=1, WarmupCount=3)";Size=1000;1;Overhead;Warmup;4;1000;1;1000
SynchronizationBenchmark.ChangeStateName;Benchmark;SynchronizationBenchmark;ChangeStateName;Job-QKDGBD;Default;Default;Default;Default;Default;Default;Default;Default;Default;Default;Default;Default;Default;Default;Default;Default;Default;Default;Default;Default;Default;Default;Default;Default;Default;Default;Default;Default;Default;Default;1;10;Default;Default;Default;Default;Default;Default;Default;Default;1;3;"Job-QKDGBD(InvocationCount=1, IterationCount=10, UnrollFactor=1, WarmupCount=3)";Size=1000;1;Overhead;Warmup;5;1400;1;1400
SynchronizationBenchmark.ChangeStateName;Benchmark;SynchronizationBenchmark;ChangeStateName;Job-QKDGBD;Default;Default;Default;Default;Default;Default;Default;Default;Default;Default;Default;Default;Default;Default;Default;Default;Default;Default;Default;Default;Default;Default;Default;Default;Default;Default;Default;Default;Default;Default;1;10;Default;Default;Default;Default;Default;Default;Default;Default;1;3;"Job-QKDGBD(InvocationCount=1, IterationCount=10, UnrollFactor=1, WarmupCount=3)";Size=1000;1;Overhead;Warmup;6;1900;1;1900
SynchronizationBenchmark.ChangeStateName;Benchmark;SynchronizationBenchmark;ChangeStateName;Job-QKDGBD;Default;Default;Default;Default;Default;Default;Default;Default;Default;Default;Default;Default;Default;Default;Default;Default;Default;Default;Default;Default;Default;Default;Default;Default;Default;Default;Default;Default;Default;Default;1;10;Default;Default;Default;Default;Default;Default;Default;Default;1;3;"Job-QKDGBD(InvocationCount=1, IterationCount=10, UnrollFactor=1, WarmupCount=3)";Size=1000;1;Overhead;Warmup;7;13200;1;13200
SynchronizationBenchmark.ChangeStateName;Benchmark;SynchronizationBenchmark;ChangeStateName;Job-QKDGBD;Default;Default;Default;Default;Default;Default;Default;Default;Default;Default;Default;Default;Default;Default;Default;Default;Default;Default;Default;Default;Default;Default;Default;Default;Default;Default;Default;Default;Default;Default;1;10;Default;Default;Default;Default;Default;Default;Default;Default;1;3;"Job-QKDGBD(InvocationCount=1, IterationCount=10, UnrollFactor=1, WarmupCount=3)";Size=1000;1;Overhead;Warmup;8;3200;1;3200
SynchronizationBenchmark.ChangeStateName;Benchmark;SynchronizationBenchmark;ChangeStateName;Job-QKDGBD;Default;Default;Default;Default;Default;Default;Default;Default;Default;Default;Default;Default;Default;Default;Default;Default;Default;Default;Default;Default;Default;Default;Default;Default;Default;Default;Default;Default;Default;Default;1;10;Default;Default;Default;Default;Default;Default;Default;Default;1;3;"Job-QKDGBD(InvocationCount=1, IterationCount=10, UnrollFactor=1, WarmupCount=3)";Size=1000;1;Overhead;Actual;1;3100;1;3100
SynchronizationBenchmark.ChangeStateName;Benchmark;SynchronizationBenchmark;ChangeStateName;Job-QKDGBD;Default;Default;Default;Default;Default;Default;Default;Default;Default;Default;Default;Default;Default;Default;Default;Default;Default;Default;Default;Default;Default;Default;Default;Default;Default;Default;Default;Default;Default;Default;1;10;Default;Default;Default;Default;Default;Default;Default;Default;1;3;"Job-QKDGBD(InvocationCount=1, IterationCount=10, UnrollFactor=1, WarmupCount=3)";Size=1000;1;Overhead;Actual;2;1200;1;1200
SynchronizationBenchmark.ChangeStateName;Benchmark;SynchronizationBenchmark;ChangeStateName;Job-QKDGBD;Default;Default;Default;Default;Default;Default;Default;Default;Default;Default;Default;Default;Default;Default;Default;Default;Default;Default;Default;Default;Default;Default;Default;Default;Default;Default;Default;Default;Default;Default;1;10;Default;Default;Default;Default;Default;Default;Default;Default;1;3;"Job-QKDGBD(InvocationCount=1, IterationCount=10, UnrollFactor=1, WarmupCount=3)";Size=1000;1;Overhead;Actual;3;3200;1;3200
SynchronizationBenchmark.ChangeStateName;Benchmark;SynchronizationBenchmark;ChangeStateName;Job-QKDGBD;Default;Default;Default;Default;Default;Default;Default;Default;Default;Default;Default;Default;Default;Default;Default;Default;Default;Default;Default;Default;Default;Default;Default;Default;Default;Default;Default;Default;Default;Default;1;10;Default;Default;Default;Default;Default;Default;Default;Default;1;3;"Job-QKDGBD(InvocationCount=1, IterationCount=10, UnrollFactor=1, WarmupCount=3)";Size=1000;1;Overhead;Actual;4;2100;1;2100
SynchronizationBenchmark.ChangeStateName;Benchmark;SynchronizationBenchmark;ChangeStateName;Job-QKDGBD;Default;Default;Default;Default;Default;Default;Default;Default;Default;Default;Default;Default;Default;Default;Default;Default;Default;Default;Default;Default;Default;Default;Default;Default;Default;Default;Default;Default;Default;Default;1;10;Default;Default;Default;Default;Default;Default;Default;Default;1;3;"Job-QKDGBD(InvocationCount=1, IterationCount=10, UnrollFactor=1, WarmupCount=3)";Size=1000;1;Overhead;Actual;5;4800;1;4800
SynchronizationBenchmark.ChangeStateName;Benchmark;SynchronizationBenchmark;ChangeStateName;Job-QKDGBD;Default;Default;Default;Default;Default;Default;Default;Default;Default;Default;Default;Default;Default;Default;Default;Default;Default;Default;Default;Default;Default;Default;Default;Default;Default;Default;Default;Default;Default;Default;1;10;Default;Default;Default;Default;Default;Default;Default;Default;1;3;"Job-QKDGBD(InvocationCount=1, IterationCount=10, UnrollFactor=1, WarmupCount=3)";Size=1000;1;Overhead;Actual;6;3200;1;3200
SynchronizationBenchmark.ChangeStateName;Benchmark;SynchronizationBenchmark;ChangeStateName;Job-QKDGBD;Default;Default;Default;Default;Default;Default;Default;Default;Default;Default;Default;Default;Default;Default;Default;Default;Default;Default;Default;Default;Default;Default;Default;Default;Default;Default;Default;Default;Default;Default;1;10;Default;Default;Default;Default;Default;Default;Default;Default;1;3;"Job-QKDGBD(InvocationCount=1, IterationCount=10, UnrollFactor=1, WarmupCount=3)";Size=1000;1;Overhead;Actual;7;2900;1;2900
SynchronizationBenchmark.ChangeStateName;Benchmark;SynchronizationBenchmark;ChangeStateName;Job-QKDGBD;Default;Default;Default;Default;Default;Default;Default;Default;Default;Default;Default;Default;Default;Default;Default;Default;Default;Default;Default;Default;Default;Default;Default;Default;Default;Default;Default;Default;Default;Default;1;10;Default;Default;Default;Default;Default;Default;Default;Default;1;3;"Job-QKDGBD(InvocationCount=1, IterationCount=10, UnrollFactor=1, WarmupCount=3)";Size=1000;1;Overhead;Actual;8;3000;1;3000
SynchronizationBenchmark.ChangeStateName;Benchmark;SynchronizationBenchmark;ChangeStateName;Job-QKDGBD;Default;Default;Default;Default;Default;Default;Default;Default;Default;Default;Default;Default;Default;Default;Default;Default;Default;Default;Default;Default;Default;Default;Default;Default;Default;Default;Default;Default;Default;Default;1;10;Default;Default;Default;Default;Default;Default;Default;Default;1;3;"Job-QKDGBD(InvocationCount=1, IterationCount=10, UnrollFactor=1, WarmupCount=3)";Size=1000;1;Overhead;Actual;9;1600;1;1600
SynchronizationBenchmark.ChangeStateName;Benchmark;SynchronizationBenchmark;ChangeStateName;Job-QKDGBD;Default;Default;Default;Default;Default;Default;Default;Default;Default;Default;Default;Default;Default;Default;Default;Default;Default;Default;Default;Default;Default;Default;Default;Default;Default;Default;Default;Default;Default;Default;1;10;Default;Default;Default;Default;Default;Default;Default;Default;1;3;"Job-QKDGBD(InvocationCount=1, IterationCount=10, UnrollFactor=1, WarmupCount=3)";Size=1000;1;Overhead;Actual;10;3000;1;3000
SynchronizationBenchmark.ChangeStateName;Benchmark;SynchronizationBenchmark;ChangeStateName;Job-QKDGBD;Default;Default;Default;Default;Default;Default;Default;Default;Default;Default;Default;Default;Default;Default;Default;Default;Default;Default;Default;Default;Default;Default;Default;Default;Default;Default;Default;Default;Default;Default;1;10;Default;Default;Default;Default;Default;Default;Default;Default;1;3;"Job-QKDGBD(InvocationCount=1, IterationCount=10, UnrollFactor=1, WarmupCount=3)";Size=1000;1;Overhead;Actual;11;3200;1;3200
SynchronizationBenchmark.ChangeStateName;Benchmark;SynchronizationBenchmark;ChangeStateName;Job-QKDGBD;Default;Default;Default;Default;Default;Default;Default;Default;Default;Default;Default;Default;Default;Default;Default;Default;Default;Default;Default;Default;Default;Default;Default;Default;Default;Default;Default;Default;Default;Default;1;10;Default;Default;Default;Default;Default;Default;Default;Default;1;3;"Job-QKDGBD(InvocationCount=1, IterationCount=10, UnrollFactor=1, WarmupCount=3)";Size=1000;1;Overhead;Actual;12;3300;1;3300
SynchronizationBenchmark.ChangeStateName;Benchmark;SynchronizationBenchmark;ChangeStateName;Job-QKDGBD;Default;Default;Default;Default;Default;Default;Default;Default;Default;Default;Default;Default;Default;Default;Default;Default;Default;Default;Default;Default;Default;Default;Default;Default;Default;Default;Default;Default;Default;Default;1;10;Default;Default;Default;Default;Default;Default;Default;Default;1;3;"Job-QKDGBD(InvocationCount=1, IterationCount=10, UnrollFactor=1, WarmupCount=3)";Size=1000;1;Overhead;Actual;13;1500;1;1500
SynchronizationBenchmark.ChangeStateName;Benchmark;SynchronizationBenchmark;ChangeStateName;Job-QKDGBD;Default;Default;Default;Default;Default;Default;Default;Default;Default;Default;Default;Default;Default;Default;Default;Default;Default;Default;Default;Default;Default;Default;Default;Default;Default;Default;Default;Default;Default;Default;1;10;Default;Default;Default;Default;Default;Default;Default;Default;1;3;"Job-QKDGBD(InvocationCount=1, IterationCount=10, UnrollFactor=1, WarmupCount=3)";Size=1000;1;Overhead;Actual;14;2000;1;2000
SynchronizationBenchmark.ChangeStateName;Benchmark;SynchronizationBenchmark;ChangeStateName;Job-QKDGBD;Default;Default;Default;Default;Default;Default;Default;Default;Default;Default;Default;Default;Default;Default;Default;Default;Default;Default;Default;Default;Default;Default;Default;Default;Default;Default;Default;Default;Default;Default;1;10;Default;Default;Default;Default;Default;Default;Default;Default;1;3;"Job-QKDGBD(InvocationCount=1, IterationCount=10, UnrollFactor=1, WarmupCount=3)";Size=1000;1;Overhead;Actual;15;1200;1;1200
SynchronizationBenchmark.ChangeStateName;Benchmark;SynchronizationBenchmark;ChangeStateName;Job-QKDGBD;Default;Default;Default;Default;Default;Default;Default;Default;Default;Default;Default;Default;Default;Default;Default;Default;Default;Default;Default;Default;Default;Default;Default;Default;Default;Default;Default;Default;Default;Default;1;10;Default;Default;Default;Default;Default;Default;Default;Default;1;3;"Job-QKDGBD(InvocationCount=1, IterationCount=10, UnrollFactor=1, WarmupCount=3)";Size=1000;1;Overhead;Actual;16;1400;1;1400
SynchronizationBenchmark.ChangeStateName;Benchmark;SynchronizationBenchmark;ChangeStateName;Job-QKDGBD;Default;Default;Default;Default;Default;Default;Default;Default;Default;Default;Default;Default;Default;Default;Default;Default;Default;Default;Default;Default;Default;Default;Default;Default;Default;Default;Default;Default;Default;Default;1;10;Default;Default;Default;Default;Default;Default;Default;Default;1;3;"Job-QKDGBD(InvocationCount=1, IterationCount=10, UnrollFactor=1, WarmupCount=3)";Size=1000;1;Overhead;Actual;17;1900;1;1900
SynchronizationBenchmark.ChangeStateName;Benchmark;SynchronizationBenchmark;ChangeStateName;Job-QKDGBD;Default;Default;Default;Default;Default;Default;Default;Default;Default;Default;Default;Default;Default;Default;Default;Default;Default;Default;Default;Default;Default;Default;Default;Default;Default;Default;Default;Default;Default;Default;1;10;Default;Default;Default;Default;Default;Default;Default;Default;1;3;"Job-QKDGBD(InvocationCount=1, IterationCount=10, UnrollFactor=1, WarmupCount=3)";Size=1000;1;Overhead;Actual;18;1800;1;1800
SynchronizationBenchmark.ChangeStateName;Benchmark;SynchronizationBenchmark;ChangeStateName;Job-QKDGBD;Default;Default;Default;Default;Default;Default;Default;Default;Default;Default;Default;Default;Default;Default;Default;Default;Default;Default;Default;Default;Default;Default;Default;Default;Default;Default;Default;Default;Default;Default;1;10;Default;Default;Default;Default;Default;Default;Default;Default;1;3;"Job-QKDGBD(InvocationCount=1, IterationCount=10, UnrollFactor=1, WarmupCount=3)";Size=1000;1;Overhead;Actual;19;3100;1;3100
SynchronizationBenchmark.ChangeStateName;Benchmark;SynchronizationBenchmark;ChangeStateName;Job-QKDGBD;Default;Default;Default;Default;Default;Default;Default;Default;Default;Default;Default;Default;Default;Default;Default;Default;Default;Default;Default;Default;Default;Default;Default;Default;Default;Default;Default;Default;Default;Default;1;10;Default;Default;Default;Default;Default;Default;Default;Default;1;3;"Job-QKDGBD(InvocationCount=1, IterationCount=10, UnrollFactor=1, WarmupCount=3)";Size=1000;1;Overhead;Actual;20;1200;1;1200
SynchronizationBenchmark.ChangeStateName;Benchmark;SynchronizationBenchmark;ChangeStateName;Job-QKDGBD;Default;Default;Default;Default;Default;Default;Default;Default;Default;Default;Default;Default;Default;Default;Default;Default;Default;Default;Default;Default;Default;Default;Default;Default;Default;Default;Default;Default;Default;Default;1;10;Default;Default;Default;Default;Default;Default;Default;Default;1;3;"Job-QKDGBD(InvocationCount=1, IterationCount=10, UnrollFactor=1, WarmupCount=3)";Size=1000;1;Workload;Warmup;1;3665900;1;3665900
SynchronizationBenchmark.ChangeStateName;Benchmark;SynchronizationBenchmark;ChangeStateName;Job-QKDGBD;Default;Default;Default;Default;Default;Default;Default;Default;Default;Default;Default;Default;Default;Default;Default;Default;Default;Default;Default;Default;Default;Default;Default;Default;Default;Default;Default;Default;Default;Default;1;10;Default;Default;Default;Default;Default;Default;Default;Default;1;3;"Job-QKDGBD(InvocationCount=1, IterationCount=10, UnrollFactor=1, WarmupCount=3)";Size=1000;1;Workload;Warmup;2;8250400;1;8250400
SynchronizationBenchmark.ChangeStateName;Benchmark;SynchronizationBenchmark;ChangeStateName;Job-QKDGBD;Default;Default;Default;Default;Default;Default;Default;Default;Default;Default;Default;Default;Default;Default;Default;Default;Default;Default;Default;Default;Default;Default;Default;Default;Default;Default;Default;Default;Default;Default;1;10;Default;Default;Default;Default;Default;Default;Default;Default;1;3;"Job-QKDGBD(InvocationCount=1, IterationCount=10, UnrollFactor=1, WarmupCount=3)";Size=1000;1;Workload;Warmup;3;3598400;1;3598400
SynchronizationBenchmark.ChangeStateName;Benchmark;SynchronizationBenchmark;ChangeStateName;Job-QKDGBD;Default;Default;Default;Default;Default;Default;Default;Default;Default;Default;Default;Default;Default;Default;Default;Default;Default;Default;Default;Default;Default;Default;Default;Default;Default;Default;Default;Default;Default;Default;1;10;Default;Default;Default;Default;Default;Default;Default;Default;1;3;"Job-QKDGBD(InvocationCount=1, IterationCount=10, UnrollFactor=1, WarmupCount=3)";Size=1000;1;Workload;Actual;1;4665500;1;4665500
SynchronizationBenchmark.ChangeStateName;Benchmark;SynchronizationBenchmark;ChangeStateName;Job-QKDGBD;Default;Default;Default;Default;Default;Default;Default;Default;Default;Default;Default;Default;Default;Default;Default;Default;Default;Default;Default;Default;Default;Default;Default;Default;Default;Default;Default;Default;Default;Default;1;10;Default;Default;Default;Default;Default;Default;Default;Default;1;3;"Job-QKDGBD(InvocationCount=1, IterationCount=10, UnrollFactor=1, WarmupCount=3)";Size=1000;1;Workload;Actual;2;4216100;1;4216100
SynchronizationBenchmark.ChangeStateName;Benchmark;SynchronizationBenchmark;ChangeStateName;Job-QKDGBD;Default;Default;Default;Default;Default;Default;Default;Default;Default;Default;Default;Default;Default;Default;Default;Default;Default;Default;Default;Default;Default;Default;Default;Default;Default;Default;Default;Default;Default;Default;1;10;Default;Default;Default;Default;Default;Default;Default;Default;1;3;"Job-QKDGBD(InvocationCount=1, IterationCount=10, UnrollFactor=1, WarmupCount=3)";Size=1000;1;Workload;Actual;3;3138400;1;3138400
SynchronizationBenchmark.ChangeStateName;Benchmark;SynchronizationBenchmark;ChangeStateName;Job-QKDGBD;Default;Default;Default;Default;Default;Default;Default;Default;Default;Default;Default;Default;Default;Default;Default;Default;Default;Default;Default;Default;Default;Default;Default;Default;Default;Default;Default;Default;Default;Default;1;10;Default;Default;Default;Default;Default;Default;Default;Default;1;3;"Job-QKDGBD(InvocationCount=1, IterationCount=10, UnrollFactor=1, WarmupCount=3)";Size=1000;1;Workload;Actual;4;2257600;1;2257600
SynchronizationBenchmark.ChangeStateName;Benchmark;SynchronizationBenchmark;ChangeStateName;Job-QKDGBD;Default;Default;Default;Default;Default;Default;Default;Default;Default;Default;Default;Default;Default;Default;Default;Default;Default;Default;Default;Default;Default;Default;Default;Default;Default;Default;Default;Default;Default;Default;1;10;Default;Default;Default;Default;Default;Default;Default;Default;1;3;"Job-QKDGBD(InvocationCount=1, IterationCount=10, UnrollFactor=1, WarmupCount=3)";Size=1000;1;Workload;Actual;5;4126600;1;4126600
SynchronizationBenchmark.ChangeStateName;Benchmark;SynchronizationBenchmark;ChangeStateName;Job-QKDGBD;Default;Default;Default;Default;Default;Default;Default;Default;Default;Default;Default;Default;Default;Default;Default;Default;Default;Default;Default;Default;Default;Default;Default;Default;Default;Default;Default;Default;Default;Default;1;10;Default;Default;Default;Default;Default;Default;Default;Default;1;3;"Job-QKDGBD(InvocationCount=1, IterationCount=10, UnrollFactor=1, WarmupCount=3)";Size=1000;1;Workload;Actual;6;4296400;1;4296400
SynchronizationBenchmark.ChangeStateName;Benchmark;SynchronizationBenchmark;ChangeStateName;Job-QKDGBD;Default;Default;Default;Default;Default;Default;Default;Default;Default;Default;Default;Default;Default;Default;Default;Default;Default;Default;Default;Default;Default;Default;Default;Default;Default;Default;Default;Default;Default;Default;1;10;Default;Default;Default;Default;Default;Default;Default;Default;1;3;"Job-QKDGBD(InvocationCount=1, IterationCount=10, UnrollFactor=1, WarmupCount=3)";Size=1000;1;Workload;Actual;7;2019200;1;2019200
SynchronizationBenchmark.ChangeStateName;Benchmark;SynchronizationBenchmark;ChangeStateName;Job-QKDGBD;Default;Default;Default;Default;Default;Default;Default;Default;Default;Default;Default;Default;Default;Default;Default;Default;Default;Default;Default;Default;Default;Default;Default;Default;Default;Default;Default;Default;Default;Default;1;10;Default;Default;Default;Default;Default;Default;Default;Default;1;3;"Job-QKDGBD(InvocationCount=1, IterationCount=10, UnrollFactor=1, WarmupCount=3)";Size=1000;1;Workload;Actual;8;2283100;1;2283100
SynchronizationBenchmark.ChangeStateName;Benchmark;SynchronizationBenchmark;ChangeStateName;Job-QKDGBD;Default;Default;Default;Default;Default;Default;Default;Default;Default;Default;Default;Default;Default;Default;Default;Default;Default;Default;Default;Default;Default;Default;Default;Default;Default;Default;Default;Default;Default;Default;1;10;Default;Default;Default;Default;Default;Default;Default;Default;1;3;"Job-QKDGBD(InvocationCount=1, IterationCount=10, UnrollFactor=1, WarmupCount=3)";Size=1000;1;Workload;Actual;9;1952900;1;1952900
SynchronizationBenchmark.ChangeStateName;Benchmark;SynchronizationBenchmark;ChangeStateName;Job-QKDGBD;Default;Default;Default;Default;Default;Default;Default;Default;Default;Default;Default;Default;Default;Default;Default;Default;Default;Default;Default;Default;Default;Default;Default;Default;Default;Default;Default;Default;Default;Default;1;10;Default;Default;Default;Default;Default;Default;Default;Default;1;3;"Job-QKDGBD(InvocationCount=1, IterationCount=10, UnrollFactor=1, WarmupCount=3)";Size=1000;1;Workload;Actual;10;2126400;1;2126400
SynchronizationBenchmark.ChangeStateName;Benchmark;SynchronizationBenchmark;ChangeStateName;Job-QKDGBD;Default;Default;Default;Default;Default;Default;Default;Default;Default;Default;Default;Default;Default;Default;Default;Default;Default;Default;Default;Default;Default;Default;Default;Default;Default;Default;Default;Default;Default;Default;1;10;Default;Default;Default;Default;Default;Default;Default;Default;1;3;"Job-QKDGBD(InvocationCount=1, IterationCount=10, UnrollFactor=1, WarmupCount=3)";Size=1000;1;Workload;Result;1;4663000;1;4663000
SynchronizationBenchmark.ChangeStateName;Benchmark;SynchronizationBenchmark;ChangeStateName;Job-QKDGBD;Default;Default;Default;Default;Default;Default;Default;Default;Default;Default;Default;Default;Default;Default;Default;Default;Default;Default;Default;Default;Default;Default;Default;Default;Default;Default;Default;Default;Default;Default;1;10;Default;Default;Default;Default;Default;Default;Default;Default;1;3;"Job-QKDGBD(InvocationCount=1, IterationCount=10, UnrollFactor=1, WarmupCount=3)";Size=1000;1;Workload;Result;2;4213600;1;4213600
SynchronizationBenchmark.ChangeStateName;Benchmark;SynchronizationBenchmark;ChangeStateName;Job-QKDGBD;Default;Default;Default;Default;Default;Default;Default;Default;Default;Default;Default;Default;Default;Default;Default;Default;Default;Default;Default;Default;Default;Default;Default;Default;Default;Default;Default;Default;Default;Default;1;10;Default;Default;Default;Default;Default;Default;Default;Default;1;3;"Job-QKDGBD(InvocationCount=1, IterationCount=10, UnrollFactor=1, WarmupCount=3)";Size=1000;1;Workload;Result;3;3135900;1;3135900
SynchronizationBenchmark.ChangeStateName;Benchmark;SynchronizationBenchmark;ChangeStateName;Job-QKDGBD;Default;Default;Default;Default;Default;Default;Default;Default;Default;Default;Default;Default;Default;Default;Default;Default;Default;Default;Default;Default;Default;Default;Default;Default;Default;Default;Default;Default;Default;Default;1;10;Default;Default;Default;Default;Default;Default;Default;Default;1;3;"Job-QKDGBD(InvocationCount=1, IterationCount=10, UnrollFactor=1, WarmupCount=3)";Size=1000;1;Workload;Result;4;2255100;1;2255100
SynchronizationBenchmark.ChangeStateName;Benchmark;SynchronizationBenchmark;ChangeStateName;Job-QKDGBD;Default;Default;Default;Default;Default;Default;Default;Default;Default;Default;Default;Default;Default;Default;Default;Default;Default;Default;Default;Default;Default;Default;Default;Default;Default;Default;Default;Default;Default;Default;1;10;Default;Default;Default;Default;Default;Default;Default;Default;1;3;"Job-QKDGBD(InvocationCount=1, IterationCount=10, UnrollFactor=1, WarmupCount=3)";Size=1000;1;Workload;Result;5;4124100;1;4124100
SynchronizationBenchmark.ChangeStateName;Benchmark;SynchronizationBenchmark;ChangeStateName;Job-QKDGBD;Default;Default;Default;Default;Default;Default;Default;Default;Default;Default;Default;Default;Default;Default;Default;Default;Default;Default;Default;Default;Default;Default;Default;Default;Default;Default;Default;Default;Default;Default;1;10;Default;Default;Default;Default;Default;Default;Default;Default;1;3;"Job-QKDGBD(InvocationCount=1, IterationCount=10, UnrollFactor=1, WarmupCount=3)";Size=1000;1;Workload;Result;6;4293900;1;4293900
SynchronizationBenchmark.ChangeStateName;Benchmark;SynchronizationBenchmark;ChangeStateName;Job-QKDGBD;Default;Default;Default;Default;Default;Default;Default;Default;Default;Default;Default;Default;Default;Default;Default;Default;Default;Default;Default;Default;Default;Default;Default;Default;Default;Default;Default;Default;Default;Default;1;10;Default;Default;Default;Default;Default;Default;Default;Default;1;3;"Job-QKDGBD(InvocationCount=1, IterationCount=10, UnrollFactor=1, WarmupCount=3)";Size=1000;1;Workload;Result;7;2016700;1;2016700
SynchronizationBenchmark.ChangeStateName;Benchmark;SynchronizationBenchmark;ChangeStateName;Job-QKDGBD;Default;Default;Default;Default;Default;Default;Default;Default;Default;Default;Default;Default;Default;Default;Default;Default;Default;Default;Default;Default;Default;Default;Default;Default;Default;Default;Default;Default;Default;Default;1;10;Default;Default;Default;Default;Default;Default;Default;Default;1;3;"Job-QKDGBD(InvocationCount=1, IterationCount=10, UnrollFactor=1, WarmupCount=3)";Size=1000;1;Workload;Result;8;2280600;1;2280600
SynchronizationBenchmark.ChangeStateName;Benchmark;SynchronizationBenchmark;ChangeStateName;Job-QKDGBD;Default;Default;Default;Default;Default;Default;Default;Default;Default;Default;Default;Default;Default;Default;Default;Default;Default;Default;Default;Default;Default;Default;Default;Default;Default;Default;Default;Default;Default;Default;1;10;Default;Default;Default;Default;Default;Default;Default;Default;1;3;"Job-QKDGBD(InvocationCount=1, IterationCount=10, UnrollFactor=1, WarmupCount=3)";Size=1000;1;Workload;Result;9;1950400;1;1950400
SynchronizationBenchmark.ChangeStateName;Benchmark;SynchronizationBenchmark;ChangeStateName;Job-QKDGBD;Default;Default;Default;Default;Default;Default;Default;Default;Default;Default;Default;Default;Default;Default;Default;Default;Default;Default;Default;Default;Default;Default;Default;Default;Default;Default;Default;Default;Default;Default;1;10;Default;Default;Default;Default;Default;Default;Default;Default;1;3;"Job-QKDGBD(InvocationCount=1, IterationCount=10, UnrollFactor=1, WarmupCount=3)";Size=1000;1;Workload;Result;10;2123900;1;2123900
SynchronizationBenchmark.RemoveTransition;Benchmark;SynchronizationBenchmark;RemoveTransition;Job-QKDGBD;Default;Default;Default;Default;Default;Default;Default;Default;Default;Default;Default;Default;Default;Default;Default;Default;Default;Default;Default;Default;Default;Default;Default;Default;Default;Default;Default;Default;Default;Default;1;10;Default;Default;Default;Default;Default;Default;Default;Default;1;3;"Job-QKDGBD(InvocationCount=1, IterationCount=10, UnrollFactor=1, WarmupCount=3)";Size=1000;1;Overhead;Jitting;1;174000;1;174000
SynchronizationBenchmark.RemoveTransition;Benchmark;SynchronizationBenchmark;RemoveTransition;Job-QKDGBD;Default;Default;Default;Default;Default;Default;Default;Default;Default;Default;Default;Default;Default;Default;Default;Default;Default;Default;Default;Default;Default;Default;Default;Default;Default;Default;Default;Default;Default;Default;1;10;Default;Default;Default;Default;Default;Default;Default;Default;1;3;"Job-QKDGBD(InvocationCount=1, IterationCount=10, UnrollFactor=1, WarmupCount=3)";Size=1000;1;Workload;Jitting;1;36703500;1;36703500
SynchronizationBenchmark.RemoveTransition;Benchmark;SynchronizationBenchmark;RemoveTransition;Job-QKDGBD;Default;Default;Default;Default;Default;Default;Default;Default;Default;Default;Default;Default;Default;Default;Default;Default;Default;Default;Default;Default;Default;Default;Default;Default;Default;Default;Default;Default;Default;Default;1;10;Default;Default;Default;Default;Default;Default;Default;Default;1;3;"Job-QKDGBD(InvocationCount=1, IterationCount=10, UnrollFactor=1, WarmupCount=3)";Size=1000;1;Overhead;Warmup;1;900;1;900
SynchronizationBenchmark.RemoveTransition;Benchmark;SynchronizationBenchmark;RemoveTransition;Job-QKDGBD;Default;Default;Default;Default;Default;Default;Default;Default;Default;Default;Default;Default;Default;Default;Default;Default;Default;Default;Default;Default;Default;Default;Default;Default;Default;Default;Default;Default;Default;Default;1;10;Default;Default;Default;Default;Default;Default;Default;Default;1;3;"Job-QKDGBD(InvocationCount=1, IterationCount=10, UnrollFactor=1, WarmupCount=3)";Size=1000;1;Overhead;Warmup;2;1200;1;1200
SynchronizationBenchmark.RemoveTransition;Benchmark;SynchronizationBenchmark;RemoveTransition;Job-QKDGBD;Default;Default;Default;Default;Default;Default;Default;Default;Default;Default;Default;Default;Default;Default;Default;Default;Default;Default;Default;Default;Default;Default;Default;Default;Default;Default;Default;Default;Default;Default;1;10;Default;Default;Default;Default;Default;Default;Default;Default;1;3;"Job-QKDGBD(InvocationCount=1, IterationCount=10, UnrollFactor=1, WarmupCount=3)";Size=1000;1;Overhead;Warmup;3;1100;1;1100
SynchronizationBenchmark.RemoveTransition;Benchmark;SynchronizationBenchmark;RemoveTransition;Job-QKDGBD;Default;Default;Default;Default;Default;Default;Default;Default;Default;Default;Default;Default;Default;Default;Default;Default;Default;Default;Default;Default;Default;Default;Default;Default;Default;Default;Default;Default;Default;Default;1;10;Default;Default;Default;Default;Default;Default;Default;Default;1;3;"Job-QKDGBD(InvocationCount=1, IterationCount=10, UnrollFactor=1, WarmupCount=3)";Size=1000;1;Overhead;Warmup;4;2100;1;2100
SynchronizationBenchmark.RemoveTransition;Benchmark;SynchronizationBenchmark;RemoveTransition;Job-QKDGBD;Default;Default;Default;Default;Default;Default;Default;Default;Default;Default;Default;Default;Default;Default;Default;Default;Default;Default;Default;Default;Default;Default;Default;Default;Default;Default;Default;Default;Default;Default;1;10;Default;Default;Default;Default;Default;Default;Default;Default;1;3;"Job-QKDGBD(InvocationCount=1, IterationCount=10, UnrollFactor=1, WarmupCount=3)";Size=1000;1;Overhead;Warmup;5;2000;1;2000
SynchronizationBenchmark.RemoveTransition;Benchmark;SynchronizationBenchmark;RemoveTransition;Job-QKDGBD;Default;Default;Default;Default;Default;Default;Default;Default;Default;Default;Default;Default;Default;Default;Default;Default;Default;Default;Default;Default;Default;Default;Default;Default;Default;Default;Default;Default;Default;Default;1;10;Default;Default;Default;Default;Default;Default;Default;Default;1;3;"Job-QKDGBD(InvocationCount=1, IterationCount=10, UnrollFactor=1, WarmupCount=3)";Size=1000;1;Overhead;Actual;1;1000;1;1000
SynchronizationBenchmark.RemoveTransition;Benchmark;SynchronizationBenchmark;RemoveTransition;Job-QKDGBD;Default;Default;Default;Default;Default;Default;Default;Default;Default;Default;Default;Default;Default;Default;Default;Default;Default;Default;Default;Default;Default;Default;Default;Default;Default;Default;Default;Default;Default;Default;1;10;Default;Default;Default;Default;Default;Default;Default;Default;1;3;"Job-QKDGBD(InvocationCount=1, IterationCount=10, UnrollFactor=1, WarmupCount=3)";Size=1000;1;Overhead;Actual;2;900;1;900
SynchronizationBenchmark.RemoveTransition;Benchmark;SynchronizationBenchmark;RemoveTransition;Job-QKDGBD;Default;Default;Default;Default;Default;Default;Default;Default;Default;Default;Default;Default;Default;Default;Default;Default;Default;Default;Default;Default;Default;Default;Default;Default;Default;Default;Default;Default;Default;Default;1;10;Default;Default;Default;Default;Default;Default;Default;Default;1;3;"Job-QKDGBD(InvocationCount=1, IterationCount=10, UnrollFactor=1, WarmupCount=3)";Size=1000;1;Overhead;Actual;3;700;1;700
SynchronizationBenchmark.RemoveTransition;Benchmark;SynchronizationBenchmark;RemoveTransition;Job-QKDGBD;Default;Default;Default;Default;Default;Default;Default;Default;Default;Default;Default;Default;Default;Default;Default;Default;Default;Default;Default;Default;Default;Default;Default;Default;Default;Default;Default;Default;Default;Default;1;10;Default;Default;Default;Default;Default;Default;Default;Default;1;3;"Job-QKDGBD(InvocationCount=1, IterationCount=10, UnrollFactor=1, WarmupCount=3)";Size=1000;1;Overhead;Actual;4;1700;1;1700
SynchronizationBenchmark.RemoveTransition;Benchmark;SynchronizationBenchmark;RemoveTransition;Job-QKDGBD;Default;Default;Default;Default;Default;Default;Default;Default;Default;Default;Default;Default;Default;Default;Default;Default;Default;Default;Default;Default;Default;Default;Default;Default;Default;Default;Default;Default;Default;Default;1;10;Default;Default;Default;Default;Default;Default;Default;Default;1;3;"Job-QKDGBD(InvocationCount=1, IterationCount=10, UnrollFactor=1, WarmupCount=3)";Size=1000;1;Overhead;Actual;5;1600;1;1600
SynchronizationBenchmark.RemoveTransition;Benchmark;SynchronizationBenchmark;RemoveTransition;Job-QKDGBD;Default;Default;Default;Default;Default;Default;Default;Default;Default;Default;Default;Default;Default;Default;Default;Default;Default;Default;Default;Default;Default;Default;Default;Default;Default;Default;Default;Default;Default;Default;1;10;Default;Default;Default;Default;Default;Default;Default;Default;1;3;"Job-QKDGBD(InvocationCount=1, IterationCount=10, UnrollFactor=1, WarmupCount=3)";Size=1000;1;Overhead;Actual;6;700;1;700
SynchronizationBenchmark.RemoveTransition;Benchmark;SynchronizationBenchmark;RemoveTransition;Job-QKDGBD;Default;Default;Default;Default;Default;Default;Default;Default;Default;Default;Default;Default;Default;Default;Default;Default;Default;Default;Default;Default;Default;Default;Default;Default;Default;Default;Default;Default;Default;Default;1;10;Default;Default;Default;Default;Default;Default;Default;Default;1;3;"Job-QKDGBD(InvocationCount=1, IterationCount=10, UnrollFactor=1, WarmupCount=3)";Size=1000;1;Overhead;Actual;7;700;1;700
SynchronizationBenchmark.RemoveTransition;Benchmark;SynchronizationBenchmark;RemoveTransition;Job-QKDGBD;Default;Default;Default;Default;Default;Default;Default;Default;Default;Default;Default;Default;Default;Default;Default;Default;Default;Default;Default;Default;Default;Default;Default;Default;Default;Default;Default;Default;Default;Default;1;10;Default;Default;Default;Default;Default;Default;Default;Default;1;3;"Job-QKDGBD(InvocationCount=1, IterationCount=10, UnrollFactor=1, WarmupCount=3)";Size=1000;1;Overhead;Actual;8;2800;1;2800
SynchronizationBenchmark.RemoveTransition;Benchmark;SynchronizationBenchmark;RemoveTransition;Job-QKDGBD;Default;Default;Default;Default;Default;Default;Default;Default;Default;Default;Default;Default;Default;Default;Default;Default;Default;Default;Default;Default;Default;Default;Default;Default;Default;Default;Default;Default;Default;Default;1;10;Default;Default;Default;Default;Default;Default;Default;Default;1;3;"Job-QKDGBD(InvocationCount=1, IterationCount=10, UnrollFactor=1, WarmupCount=3)";Size=1000;1;Overhead;Actual;9;3300;1;3300
SynchronizationBenchmark.RemoveTransition;Benchmark;SynchronizationBenchmark;RemoveTransition;Job-QKDGBD;Default;Default;Default;Default;Default;Default;Default;Default;Default;Default;Default;Default;Default;Default;Default;Default;Default;Default;Default;Default;Default;Default;Default;Default;Default;Default;Default;Default;Default;Default;1;10;Default;Default;Default;Default;Default;Default;Default;Default;1;3;"Job-QKDGBD(InvocationCount=1, IterationCount=10, UnrollFactor=1, WarmupCount=3)";Size=1000;1;Overhead;Actual;10;1800;1;1800
SynchronizationBenchmark.RemoveTransition;Benchmark;SynchronizationBenchmark;RemoveTransition;Job-QKDGBD;Default;Default;Default;Default;Default;Default;Default;Default;Default;Default;Default;Default;Default;Default;Default;Default;Default;Default;Default;Default;Default;Default;Default;Default;Default;Default;Default;Default;Default;Default;1;10;Default;Default;Default;Default;Default;Default;Default;Default;1;3;"Job-QKDGBD(InvocationCount=1, IterationCount=10, UnrollFactor=1, WarmupCount=3)";Size=1000;1;Overhead;Actual;11;2700;1;2700
SynchronizationBenchmark.RemoveTransition;Benchmark;SynchronizationBenchmark;RemoveTransition;Job-QKDGBD;Default;Default;Default;Default;Default;Default;Default;Default;Default;Default;Default;Default;Default;Default;Default;Default;Default;Default;Default;Default;Default;Default;Default;Default;Default;Default;Default;Default;Default;Default;1;10;Default;Default;Default;Default;Default;Default;Default;Default;1;3;"Job-QKDGBD(InvocationCount=1, IterationCount=10, UnrollFactor=1, WarmupCount=3)";Size=1000;1;Overhead;Actual;12;1500;1;1500
SynchronizationBenchmark.RemoveTransition;Benchmark;SynchronizationBenchmark;RemoveTransition;Job-QKDGBD;Default;Default;Default;Default;Default;Default;Default;Default;Default;Default;Default;Default;Default;Default;Default;Default;Default;Default;Default;Default;Default;Default;Default;Default;Default;Default;Default;Default;Default;Default;1;10;Default;Default;Default;Default;Default;Default;Default;Default;1;3;"Job-QKDGBD(InvocationCount=1, IterationCount=10, UnrollFactor=1, WarmupCount=3)";Size=1000;1;Overhead;Actual;13;1600;1;1600
SynchronizationBenchmark.RemoveTransition;Benchmark;SynchronizationBenchmark;RemoveTransition;Job-QKDGBD;Default;Default;Default;Default;Default;Default;Default;Default;Default;Default;Default;Default;Default;Default;Default;Default;Default;Default;Default;Default;Default;Default;Default;Default;Default;Default;Default;Default;Default;Default;1;10;Default;Default;Default;Default;Default;Default;Default;Default;1;3;"Job-QKDGBD(InvocationCount=1, IterationCount=10, UnrollFactor=1, WarmupCount=3)";Size=1000;1;Overhead;Actual;14;3900;1;3900
SynchronizationBenchmark.RemoveTransition;Benchmark;SynchronizationBenchmark;RemoveTransition;Job-QKDGBD;Default;Default;Default;Default;Default;Default;Default;Default;Default;Default;Default;Default;Default;Default;Default;Default;Default;Default;Default;Default;Default;Default;Default;Default;Default;Default;Default;Default;Default;Default;1;10;Default;Default;Default;Default;Default;Default;Default;Default;1;3;"Job-QKDGBD(InvocationCount=1, IterationCount=10, UnrollFactor=1, WarmupCount=3)";Size=1000;1;Overhead;Actual;15;3700;1;3700
SynchronizationBenchmark.RemoveTransition;Benchmark;SynchronizationBenchmark;RemoveTransition;Job-QKDGBD;Default;Default;Default;Default;Default;Default;Default;Default;Default;Default;Default;Default;Default;Default;Default;Default;Default;Default;Default;Default;Default;Default;Default;Default;Default;Default;Default;Default;Default;Default;1;10;Default;Default;Default;Default;Default;Default;Default;Default;1;3;"Job-QKDGBD(InvocationCount=1, IterationCount=10, UnrollFactor=1, WarmupCount=3)";Size=1000;1;Overhead;Actual;16;1400;1;1400
SynchronizationBenchmark.RemoveTransition;Benchmark;SynchronizationBenchmark;RemoveTransition;Job-QKDGBD;Default;Default;Default;Default;Default;Default;Default;Default;Default;Default;Default;Default;Default;Default;Default;Default;Default;Default;Default;Default;Default;Default;Default;Default;Default;Default;Default;Default;Default;Default;1;10;Default;Default;Default;Default;Default;Default;Default;Default;1;3;"Job-QKDGBD(InvocationCount=1, IterationCount=10, UnrollFactor=1, WarmupCount=3)";Size=1000;1;Overhead;Actual;17;2700;1;2700
SynchronizationBenchmark.RemoveTransition;Benchmark;SynchronizationBenchmark;RemoveTransition;Job-QKDGBD;Default;Default;Default;Default;Default;Default;Default;Default;Default;Default;Default;Default;Default;Default;Default;Default;Default;Default;Default;Default;Default;Default;Default;Default;Default;Default;Default;Default;Default;Default;1;10;Default;Default;Default;Default;Default;Default;Default;Default;1;3;"Job-QKDGBD(InvocationCount=1, IterationCount=10, UnrollFactor=1, WarmupCount=3)";Size=1000;1;Overhead;Actual;18;1500;1;1500
SynchronizationBenchmark.RemoveTransition;Benchmark;SynchronizationBenchmark;RemoveTransition;Job-QKDGBD;Default;Default;Default;Default;Default;Default;Default;Default;Default;Default;Default;Default;Default;Default;Default;Default;Default;Default;Default;Default;Default;Default;Default;Default;Default;Default;Default;Default;Default;Default;1;10;Default;Default;Default;Default;Default;Default;Default;Default;1;3;"Job-QKDGBD(InvocationCount=1, IterationCount=10, UnrollFactor=1, WarmupCount=3)";Size=1000;1;Overhead;Actual;19;2100;1;2100
SynchronizationBenchmark.RemoveTransition;Benchmark;SynchronizationBenchmark;RemoveTransition;Job-QKDGBD;Default;Default;Default;Default;Default;Default;Default;Default;Default;Default;Default;Default;Default;Default;Default;Default;Default;Default;Default;Default;Default;Default;Default;Default;Default;Default;Default;Default;Default;Default;1;10;Default;Default;Default;Default;Default;Default;Default;Default;1;3;"Job-QKDGBD(InvocationCount=1, IterationCount=10, UnrollFactor=1, WarmupCount=3)";Size=1000;1;Overhead;Actual;20;2600;1;2600
SynchronizationBenchmark.RemoveTransition;Benchmark;SynchronizationBenchmark;RemoveTransition;Job-QKDGBD;Default;Default;Default;Default;Default;Default;Default;Default;Default;Default;Default;Default;Default;Default;Default;Default;Default;Default;Default;Default;Default;Default;Default;Default;Default;Default;Default;Default;Default;Default;1;10;Default;Default;Default;Default;Default;Default;Default;Default;1;3;"Job-QKDGBD(InvocationCount=1, IterationCount=10, UnrollFactor=1, WarmupCount=3)";Size=1000;1;Workload;Warmup;1;20310500;1;20310500
SynchronizationBenchmark.RemoveTransition;Benchmark;SynchronizationBenchmark;RemoveTransition;Job-QKDGBD;Default;Default;Default;Default;Default;Default;Default;Default;Default;Default;Default;Default;Default;Default;Default;Default;Default;Default;Default;Default;Default;Default;Default;Default;Default;Default;Default;Default;Default;Default;1;10;Default;Default;Default;Default;Default;Default;Default;Default;1;3;"Job-QKDGBD(InvocationCount=1, IterationCount=10, UnrollFactor=1, WarmupCount=3)";Size=1000;1;Workload;Warmup;2;18423200;1;18423200
SynchronizationBenchmark.RemoveTransition;Benchmark;SynchronizationBenchmark;RemoveTransition;Job-QKDGBD;Default;Default;Default;Default;Default;Default;Default;Default;Default;Default;Default;Default;Default;Default;Default;Default;Default;Default;Default;Default;Default;Default;Default;Default;Default;Default;Default;Default;Default;Default;1;10;Default;Default;Default;Default;Default;Default;Default;Default;1;3;"Job-QKDGBD(InvocationCount=1, IterationCount=10, UnrollFactor=1, WarmupCount=3)";Size=1000;1;Workload;Warmup;3;22828800;1;22828800
SynchronizationBenchmark.RemoveTransition;Benchmark;SynchronizationBenchmark;RemoveTransition;Job-QKDGBD;Default;Default;Default;Default;Default;Default;Default;Default;Default;Default;Default;Default;Default;Default;Default;Default;Default;Default;Default;Default;Default;Default;Default;Default;Default;Default;Default;Default;Default;Default;1;10;Default;Default;Default;Default;Default;Default;Default;Default;1;3;"Job-QKDGBD(InvocationCount=1, IterationCount=10, UnrollFactor=1, WarmupCount=3)";Size=1000;1;Workload;Actual;1;21832200;1;21832200
SynchronizationBenchmark.RemoveTransition;Benchmark;SynchronizationBenchmark;RemoveTransition;Job-QKDGBD;Default;Default;Default;Default;Default;Default;Default;Default;Default;Default;Default;Default;Default;Default;Default;Default;Default;Default;Default;Default;Default;Default;Default;Default;Default;Default;Default;Default;Default;Default;1;10;Default;Default;Default;Default;Default;Default;Default;Default;1;3;"Job-QKDGBD(InvocationCount=1, IterationCount=10, UnrollFactor=1, WarmupCount=3)";Size=1000;1;Workload;Actual;2;19416400;1;19416400
SynchronizationBenchmark.RemoveTransition;Benchmark;SynchronizationBenchmark;RemoveTransition;Job-QKDGBD;Default;Default;Default;Default;Default;Default;Default;Default;Default;Default;Default;Default;Default;Default;Default;Default;Default;Default;Default;Default;Default;Default;Default;Default;Default;Default;Default;Default;Default;Default;1;10;Default;Default;Default;Default;Default;Default;Default;Default;1;3;"Job-QKDGBD(InvocationCount=1, IterationCount=10, UnrollFactor=1, WarmupCount=3)";Size=1000;1;Workload;Actual;3;18634100;1;18634100
SynchronizationBenchmark.RemoveTransition;Benchmark;SynchronizationBenchmark;RemoveTransition;Job-QKDGBD;Default;Default;Default;Default;Default;Default;Default;Default;Default;Default;Default;Default;Default;Default;Default;Default;Default;Default;Default;Default;Default;Default;Default;Default;Default;Default;Default;Default;Default;Default;1;10;Default;Default;Default;Default;Default;Default;Default;Default;1;3;"Job-QKDGBD(InvocationCount=1, IterationCount=10, UnrollFactor=1, WarmupCount=3)";Size=1000;1;Workload;Actual;4;21241000;1;21241000
SynchronizationBenchmark.RemoveTransition;Benchmark;SynchronizationBenchmark;RemoveTransition;Job-QKDGBD;Default;Default;Default;Default;Default;Default;Default;Default;Default;Default;Default;Default;Default;Default;Default;Default;Default;Default;Default;Default;Default;Default;Default;Default;Default;Default;Default;Default;Default;Default;1;10;Default;Default;Default;Default;Default;Default;Default;Default;1;3;"Job-QKDGBD(InvocationCount=1, IterationCount=10, UnrollFactor=1, WarmupCount=3)";Size=1000;1;Workload;Actual;5;10967000;1;10967000
SynchronizationBenchmark.RemoveTransition;Benchmark;SynchronizationBenchmark;RemoveTransition;Job-QKDGBD;Default;Default;Default;Default;Default;Default;Default;Default;Default;Default;Default;Default;Default;Default;Default;Default;Default;Default;Default;Default;Default;Default;Default;Default;Default;Default;Default;Default;Default;Default;1;10;Default;Default;Default;Default;Default;Default;Default;Default;1;3;"Job-QKDGBD(InvocationCount=1, IterationCount=10, UnrollFactor=1, WarmupCount=3)";Size=1000;1;Workload;Actual;6;11587700;1;11587700
SynchronizationBenchmark.RemoveTransition;Benchmark;SynchronizationBenchmark;RemoveTransition;Job-QKDGBD;Default;Default;Default;Default;Default;Default;Default;Default;Default;Default;Default;Default;Default;Default;Default;Default;Default;Default;Default;Default;Default;Default;Default;Default;Default;Default;Default;Default;Default;Default;1;10;Default;Default;Default;Default;Default;Default;Default;Default;1;3;"Job-QKDGBD(InvocationCount=1, IterationCount=10, UnrollFactor=1, WarmupCount=3)";Size=1000;1;Workload;Actual;7;8365300;1;8365300
SynchronizationBenchmark.RemoveTransition;Benchmark;SynchronizationBenchmark;RemoveTransition;Job-QKDGBD;Default;Default;Default;Default;Default;Default;Default;Default;Default;Default;Default;Default;Default;Default;Default;Default;Default;Default;Default;Default;Default;Default;Default;Default;Default;Default;Default;Default;Default;Default;1;10;Default;Default;Default;Default;Default;Default;Default;Default;1;3;"Job-QKDGBD(InvocationCount=1, IterationCount=10, UnrollFactor=1, WarmupCount=3)";Size=1000;1;Workload;Actual;8;7665000;1;7665000
SynchronizationBenchmark.RemoveTransition;Benchmark;SynchronizationBenchmark;RemoveTransition;Job-QKDGBD;Default;Default;Default;Default;Default;Default;Default;Default;Default;Default;Default;Default;Default;Default;Default;Default;Default;Default;Default;Default;Default;Default;Default;Default;Default;Default;Default;Default;Default;Default;1;10;Default;Default;Default;Default;Default;Default;Default;Default;1;3;"Job-QKDGBD(InvocationCount=1, IterationCount=10, UnrollFactor=1, WarmupCount=3)";Size=1000;1;Workload;Actual;9;8509800;1;8509800
SynchronizationBenchmark.RemoveTransition;Benchmark;SynchronizationBenchmark;RemoveTransition;Job-QKDGBD;Default;Default;Default;Default;Default;Default;Default;Default;Default;Default;Default;Default;Default;Default;Default;Default;Default;Default;Default;Default;Default;Default;Default;Default;Default;Default;Default;Default;Default;Default;1;10;Default;Default;Default;Default;Default;Default;Default;Default;1;3;"Job-QKDGBD(InvocationCount=1, IterationCount=10, UnrollFactor=1, WarmupCount=3)";Size=1000;1;Workload;Actual;10;7945000;1;7945000
SynchronizationBenchmark.RemoveTransition;Benchmark;SynchronizationBenchmark;RemoveTransition;Job-QKDGBD;Default;Default;Default;Default;Default;Default;Default;Default;Default;Default;Default;Default;Default;Default;Default;Default;Default;Default;Default;Default;Default;Default;Default;Default;Default;Default;Default;Default;Default;Default;1;10;Default;Default;Default;Default;Default;Default;Default;Default;1;3;"Job-QKDGBD(InvocationCount=1, IterationCount=10, UnrollFactor=1, WarmupCount=3)";Size=1000;1;Workload;Result;1;21830550;1;21830550
SynchronizationBenchmark.RemoveTransition;Benchmark;SynchronizationBenchmark;RemoveTransition;Job-QKDGBD;Default;Default;Default;Default;Default;Default;Default;Default;Default;Default;Default;Default;Default;Default;Default;Default;Default;Default;Default;Default;Default;Default;Default;Default;Default;Default;Default;Default;Default;Default;1;10;Default;Default;Default;Default;Default;Default;Default;Default;1;3;"Job-QKDGBD(InvocationCount=1, IterationCount=10, UnrollFactor=1, WarmupCount=3)";Size=1000;1;Workload;Result;2;19414750;1;19414750
SynchronizationBenchmark.RemoveTransition;Benchmark;SynchronizationBenchmark;RemoveTransition;Job-QKDGBD;Default;Default;Default;Default;Default;Default;Default;Default;Default;Default;Default;Default;Default;Default;Default;Default;Default;Default;Default;Default;Default;Default;Default;Default;Default;Default;Default;Default;Default;Default;1;10;Default;Default;Default;Default;Default;Default;Default;Default;1;3;"Job-QKDGBD(InvocationCount=1, IterationCount=10, UnrollFactor=1, WarmupCount=3)";Size=1000;1;Workload;Result;3;18632450;1;18632450
SynchronizationBenchmark.RemoveTransition;Benchmark;SynchronizationBenchmark;RemoveTransition;Job-QKDGBD;Default;Default;Default;Default;Default;Default;Default;Default;Default;Default;Default;Default;Default;Default;Default;Default;Default;Default;Default;Default;Default;Default;Default;Default;Default;Default;Default;Default;Default;Default;1;10;Default;Default;Default;Default;Default;Default;Default;Default;1;3;"Job-QKDGBD(InvocationCount=1, IterationCount=10, UnrollFactor=1, WarmupCount=3)";Size=1000;1;Workload;Result;4;21239350;1;21239350
SynchronizationBenchmark.RemoveTransition;Benchmark;SynchronizationBenchmark;RemoveTransition;Job-QKDGBD;Default;Default;Default;Default;Default;Default;Default;Default;Default;Default;Default;Default;Default;Default;Default;Default;Default;Default;Default;Default;Default;Default;Default;Default;Default;Default;Default;Default;Default;Default;1;10;Default;Default;Default;Default;Default;Default;Default;Default;1;3;"Job-QKDGBD(InvocationCount=1, IterationCount=10, UnrollFactor=1, WarmupCount=3)";Size=1000;1;Workload;Result;5;10965350;1;10965350
SynchronizationBenchmark.RemoveTransition;Benchmark;SynchronizationBenchmark;RemoveTransition;Job-QKDGBD;Default;Default;Default;Default;Default;Default;Default;Default;Default;Default;Default;Default;Default;Default;Default;Default;Default;Default;Default;Default;Default;Default;Default;Default;Default;Default;Default;Default;Default;Default;1;10;Default;Default;Default;Default;Default;Default;Default;Default;1;3;"Job-QKDGBD(InvocationCount=1, IterationCount=10, UnrollFactor=1, WarmupCount=3)";Size=1000;1;Workload;Result;6;11586050;1;11586050
SynchronizationBenchmark.RemoveTransition;Benchmark;SynchronizationBenchmark;RemoveTransition;Job-QKDGBD;Default;Default;Default;Default;Default;Default;Default;Default;Default;Default;Default;Default;Default;Default;Default;Default;Default;Default;Default;Default;Default;Default;Default;Default;Default;Default;Default;Default;Default;Default;1;10;Default;Default;Default;Default;Default;Default;Default;Default;1;3;"Job-QKDGBD(InvocationCount=1, IterationCount=10, UnrollFactor=1, WarmupCount=3)";Size=1000;1;Workload;Result;7;8363650;1;8363650
SynchronizationBenchmark.RemoveTransition;Benchmark;SynchronizationBenchmark;RemoveTransition;Job-QKDGBD;Default;Default;Default;Default;Default;Default;Default;Default;Default;Default;Default;Default;Default;Default;Default;Default;Default;Default;Default;Default;Default;Default;Default;Default;Default;Default;Default;Default;Default;Default;1;10;Default;Default;Default;Default;Default;Default;Default;Default;1;3;"Job-QKDGBD(InvocationCount=1, IterationCount=10, UnrollFactor=1, WarmupCount=3)";Size=1000;1;Workload;Result;8;7663350;1;7663350
SynchronizationBenchmark.RemoveTransition;Benchmark;SynchronizationBenchmark;RemoveTransition;Job-QKDGBD;Default;Default;Default;Default;Default;Default;Default;Default;Default;Default;Default;Default;Default;Default;Default;Default;Default;Default;Default;Default;Default;Default;Default;Default;Default;Default;Default;Default;Default;Default;1;10;Default;Default;Default;Default;Default;Default;Default;Default;1;3;"Job-QKDGBD(InvocationCount=1, IterationCount=10, UnrollFactor=1, WarmupCount=3)";Size=1000;1;Workload;Result;9;8508150;1;8508150
SynchronizationBenchmark.RemoveTransition;Benchmark;SynchronizationBenchmark;RemoveTransition;Job-QKDGBD;Default;Default;Default;Default;Default;Default;Default;Default;Default;Default;Default;Default;Default;Default;Default;Default;Default;Default;Default;Default;Default;Default;Default;Default;Default;Default;Default;Default;Default;Default;1;10;Default;Default;Default;Default;Default;Default;Default;Default;1;3;"Job-QKDGBD(InvocationCount=1, IterationCount=10, UnrollFactor=1, WarmupCount=3)";Size=1000;1;Workload;Result;10;7943350;1;7943350
SynchronizationBenchmark.SetStateAsInitial;Benchmark;SynchronizationBenchmark;SetStateAsInitial;Job-QKDGBD;Default;Default;Default;Default;Default;Default;Default;Default;Default;Default;Default;Default;Default;Default;Default;Default;Default;Default;Default;Default;Default;Default;Default;Default;Default;Default;Default;Default;Default;Default;1;10;Default;Default;Default;Default;Default;Default;Default;Default;1;3;"Job-QKDGBD(InvocationCount=1, IterationCount=10, UnrollFactor=1, WarmupCount=3)";Size=1000;1;Overhead;Jitting;1;175700;1;175700
SynchronizationBenchmark.SetStateAsInitial;Benchmark;SynchronizationBenchmark;SetStateAsInitial;Job-QKDGBD;Default;Default;Default;Default;Default;Default;Default;Default;Default;Default;Default;Default;Default;Default;Default;Default;Default;Default;Default;Default;Default;Default;Default;Default;Default;Default;Default;Default;Default;Default;1;10;Default;Default;Default;Default;Default;Default;Default;Default;1;3;"Job-QKDGBD(InvocationCount=1, IterationCount=10, UnrollFactor=1, WarmupCount=3)";Size=1000;1;Workload;Jitting;1;32184200;1;32184200
SynchronizationBenchmark.SetStateAsInitial;Benchmark;SynchronizationBenchmark;SetStateAsInitial;Job-QKDGBD;Default;Default;Default;Default;Default;Default;Default;Default;Default;Default;Default;Default;Default;Default;Default;Default;Default;Default;Default;Default;Default;Default;Default;Default;Default;Default;Default;Default;Default;Default;1;10;Default;Default;Default;Default;Default;Default;Default;Default;1;3;"Job-QKDGBD(InvocationCount=1, IterationCount=10, UnrollFactor=1, WarmupCount=3)";Size=1000;1;Overhead;Warmup;1;800;1;800
SynchronizationBenchmark.SetStateAsInitial;Benchmark;SynchronizationBenchmark;SetStateAsInitial;Job-QKDGBD;Default;Default;Default;Default;Default;Default;Default;Default;Default;Default;Default;Default;Default;Default;Default;Default;Default;Default;Default;Default;Default;Default;Default;Default;Default;Default;Default;Default;Default;Default;1;10;Default;Default;Default;Default;Default;Default;Default;Default;1;3;"Job-QKDGBD(InvocationCount=1, IterationCount=10, UnrollFactor=1, WarmupCount=3)";Size=1000;1;Overhead;Warmup;2;1800;1;1800
SynchronizationBenchmark.SetStateAsInitial;Benchmark;SynchronizationBenchmark;SetStateAsInitial;Job-QKDGBD;Default;Default;Default;Default;Default;Default;Default;Default;Default;Default;Default;Default;Default;Default;Default;Default;Default;Default;Default;Default;Default;Default;Default;Default;Default;Default;Default;Default;Default;Default;1;10;Default;Default;Default;Default;Default;Default;Default;Default;1;3;"Job-QKDGBD(InvocationCount=1, IterationCount=10, UnrollFactor=1, WarmupCount=3)";Size=1000;1;Overhead;Warmup;3;900;1;900
SynchronizationBenchmark.SetStateAsInitial;Benchmark;SynchronizationBenchmark;SetStateAsInitial;Job-QKDGBD;Default;Default;Default;Default;Default;Default;Default;Default;Default;Default;Default;Default;Default;Default;Default;Default;Default;Default;Default;Default;Default;Default;Default;Default;Default;Default;Default;Default;Default;Default;1;10;Default;Default;Default;Default;Default;Default;Default;Default;1;3;"Job-QKDGBD(InvocationCount=1, IterationCount=10, UnrollFactor=1, WarmupCount=3)";Size=1000;1;Overhead;Warmup;4;4100;1;4100
SynchronizationBenchmark.SetStateAsInitial;Benchmark;SynchronizationBenchmark;SetStateAsInitial;Job-QKDGBD;Default;Default;Default;Default;Default;Default;Default;Default;Default;Default;Default;Default;Default;Default;Default;Default;Default;Default;Default;Default;Default;Default;Default;Default;Default;Default;Default;Default;Default;Default;1;10;Default;Default;Default;Default;Default;Default;Default;Default;1;3;"Job-QKDGBD(InvocationCount=1, IterationCount=10, UnrollFactor=1, WarmupCount=3)";Size=1000;1;Overhead;Warmup;5;1700;1;1700
SynchronizationBenchmark.SetStateAsInitial;Benchmark;SynchronizationBenchmark;SetStateAsInitial;Job-QKDGBD;Default;Default;Default;Default;Default;Default;Default;Default;Default;Default;Default;Default;Default;Default;Default;Default;Default;Default;Default;Default;Default;Default;Default;Default;Default;Default;Default;Default;Default;Default;1;10;Default;Default;Default;Default;Default;Default;Default;Default;1;3;"Job-QKDGBD(InvocationCount=1, IterationCount=10, UnrollFactor=1, WarmupCount=3)";Size=1000;1;Overhead;Actual;1;1000;1;1000
SynchronizationBenchmark.SetStateAsInitial;Benchmark;SynchronizationBenchmark;SetStateAsInitial;Job-QKDGBD;Default;Default;Default;Default;Default;Default;Default;Default;Default;Default;Default;Default;Default;Default;Default;Default;Default;Default;Default;Default;Default;Default;Default;Default;Default;Default;Default;Default;Default;Default;1;10;Default;Default;Default;Default;Default;Default;Default;Default;1;3;"Job-QKDGBD(InvocationCount=1, IterationCount=10, UnrollFactor=1, WarmupCount=3)";Size=1000;1;Overhead;Actual;2;900;1;900
SynchronizationBenchmark.SetStateAsInitial;Benchmark;SynchronizationBenchmark;SetStateAsInitial;Job-QKDGBD;Default;Default;Default;Default;Default;Default;Default;Default;Default;Default;Default;Default;Default;Default;Default;Default;Default;Default;Default;Default;Default;Default;Default;Default;Default;Default;Default;Default;Default;Default;1;10;Default;Default;Default;Default;Default;Default;Default;Default;1;3;"Job-QKDGBD(InvocationCount=1, IterationCount=10, UnrollFactor=1, WarmupCount=3)";Size=1000;1;Overhead;Actual;3;900;1;900
SynchronizationBenchmark.SetStateAsInitial;Benchmark;SynchronizationBenchmark;SetStateAsInitial;Job-QKDGBD;Default;Default;Default;Default;Default;Default;Default;Default;Default;Default;Default;Default;Default;Default;Default;Default;Default;Default;Default;Default;Default;Default;Default;Default;Default;Default;Default;Default;Default;Default;1;10;Default;Default;Default;Default;Default;Default;Default;Default;1;3;"Job-QKDGBD(InvocationCount=1, IterationCount=10, UnrollFactor=1, WarmupCount=3)";Size=1000;1;Overhead;Actual;4;1100;1;1100
SynchronizationBenchmark.SetStateAsInitial;Benchmark;SynchronizationBenchmark;SetStateAsInitial;Job-QKDGBD;Default;Default;Default;Default;Default;Default;Default;Default;Default;Default;Default;Default;Default;Default;Default;Default;Default;Default;Default;Default;Default;Default;Default;Default;Default;Default;Default;Default;Default;Default;1;10;Default;Default;Default;Default;Default;Default;Default;Default;1;3;"Job-QKDGBD(InvocationCount=1, IterationCount=10, UnrollFactor=1, WarmupCount=3)";Size=1000;1;Overhead;Actual;5;1600;1;1600
SynchronizationBenchmark.SetStateAsInitial;Benchmark;SynchronizationBenchmark;SetStateAsInitial;Job-QKDGBD;Default;Default;Default;Default;Default;Default;Default;Default;Default;Default;Default;Default;Default;Default;Default;Default;Default;Default;Default;Default;Default;Default;Default;Default;Default;Default;Default;Default;Default;Default;1;10;Default;Default;Default;Default;Default;Default;Default;Default;1;3;"Job-QKDGBD(InvocationCount=1, IterationCount=10, UnrollFactor=1, WarmupCount=3)";Size=1000;1;Overhead;Actual;6;2100;1;2100
SynchronizationBenchmark.SetStateAsInitial;Benchmark;SynchronizationBenchmark;SetStateAsInitial;Job-QKDGBD;Default;Default;Default;Default;Default;Default;Default;Default;Default;Default;Default;Default;Default;Default;Default;Default;Default;Default;Default;Default;Default;Default;Default;Default;Default;Default;Default;Default;Default;Default;1;10;Default;Default;Default;Default;Default;Default;Default;Default;1;3;"Job-QKDGBD(InvocationCount=1, IterationCount=10, UnrollFactor=1, WarmupCount=3)";Size=1000;1;Overhead;Actual;7;2600;1;2600
SynchronizationBenchmark.SetStateAsInitial;Benchmark;SynchronizationBenchmark;SetStateAsInitial;Job-QKDGBD;Default;Default;Default;Default;Default;Default;Default;Default;Default;Default;Default;Default;Default;Default;Default;Default;Default;Default;Default;Default;Default;Default;Default;Default;Default;Default;Default;Default;Default;Default;1;10;Default;Default;Default;Default;Default;Default;Default;Default;1;3;"Job-QKDGBD(InvocationCount=1, IterationCount=10, UnrollFactor=1, WarmupCount=3)";Size=1000;1;Overhead;Actual;8;2600;1;2600
SynchronizationBenchmark.SetStateAsInitial;Benchmark;SynchronizationBenchmark;SetStateAsInitial;Job-QKDGBD;Default;Default;Default;Default;Default;Default;Default;Default;Default;Default;Default;Default;Default;Default;Default;Default;Default;Default;Default;Default;Default;Default;Default;Default;Default;Default;Default;Default;Default;Default;1;10;Default;Default;Default;Default;Default;Default;Default;Default;1;3;"Job-QKDGBD(InvocationCount=1, IterationCount=10, UnrollFactor=1, WarmupCount=3)";Size=1000;1;Overhead;Actual;9;20300;1;20300
SynchronizationBenchmark.SetStateAsInitial;Benchmark;SynchronizationBenchmark;SetStateAsInitial;Job-QKDGBD;Default;Default;Default;Default;Default;Default;Default;Default;Default;Default;Default;Default;Default;Default;Default;Default;Default;Default;Default;Default;Default;Default;Default;Default;Default;Default;Default;Default;Default;Default;1;10;Default;Default;Default;Default;Default;Default;Default;Default;1;3;"Job-QKDGBD(InvocationCount=1, IterationCount=10, UnrollFactor=1, WarmupCount=3)";Size=1000;1;Overhead;Actual;10;3900;1;3900
SynchronizationBenchmark.SetStateAsInitial;Benchmark;SynchronizationBenchmark;SetStateAsInitial;Job-QKDGBD;Default;Default;Default;Default;Default;Default;Default;Default;Default;Default;Default;Default;Default;Default;Default;Default;Default;Default;Default;Default;Default;Default;Default;Default;Default;Default;Default;Default;Default;Default;1;10;Default;Default;Default;Default;Default;Default;Default;Default;1;3;"Job-QKDGBD(InvocationCount=1, IterationCount=10, UnrollFactor=1, WarmupCount=3)";Size=1000;1;Overhead;Actual;11;1700;1;1700
SynchronizationBenchmark.SetStateAsInitial;Benchmark;SynchronizationBenchmark;SetStateAsInitial;Job-QKDGBD;Default;Default;Default;Default;Default;Default;Default;Default;Default;Default;Default;Default;Default;Default;Default;Default;Default;Default;Default;Default;Default;Default;Default;Default;Default;Default;Default;Default;Default;Default;1;10;Default;Default;Default;Default;Default;Default;Default;Default;1;3;"Job-QKDGBD(InvocationCount=1, IterationCount=10, UnrollFactor=1, WarmupCount=3)";Size=1000;1;Overhead;Actual;12;4600;1;4600
SynchronizationBenchmark.SetStateAsInitial;Benchmark;SynchronizationBenchmark;SetStateAsInitial;Job-QKDGBD;Default;Default;Default;Default;Default;Default;Default;Default;Default;Default;Default;Default;Default;Default;Default;Default;Default;Default;Default;Default;Default;Default;Default;Default;Default;Default;Default;Default;Default;Default;1;10;Default;Default;Default;Default;Default;Default;Default;Default;1;3;"Job-QKDGBD(InvocationCount=1, IterationCount=10, UnrollFactor=1, WarmupCount=3)";Size=1000;1;Overhead;Actual;13;2900;1;2900
SynchronizationBenchmark.SetStateAsInitial;Benchmark;SynchronizationBenchmark;SetStateAsInitial;Job-QKDGBD;Default;Default;Default;Default;Default;Default;Default;Default;Default;Default;Default;Default;Default;Default;Default;Default;Default;Default;Default;Default;Default;Default;Default;Default;Default;Default;Default;Default;Default;Default;1;10;Default;Default;Default;Default;Default;Default;Default;Default;1;3;"Job-QKDGBD(InvocationCount=1, IterationCount=10, UnrollFactor=1, WarmupCount=3)";Size=1000;1;Overhead;Actual;14;1200;1;1200
SynchronizationBenchmark.SetStateAsInitial;Benchmark;SynchronizationBenchmark;SetStateAsInitial;Job-QKDGBD;Default;Default;Default;Default;Default;Default;Default;Default;Default;Default;Default;Default;Default;Default;Default;Default;Default;Default;Default;Default;Default;Default;Default;Default;Default;Default;Default;Default;Default;Default;1;10;Default;Default;Default;Default;Default;Default;Default;Default;1;3;"Job-QKDGBD(InvocationCount=1, IterationCount=10, UnrollFactor=1, WarmupCount=3)";Size=1000;1;Overhead;Actual;15;2800;1;2800
SynchronizationBenchmark.SetStateAsInitial;Benchmark;SynchronizationBenchmark;SetStateAsInitial;Job-QKDGBD;Default;Default;Default;Default;Default;Default;Default;Default;Default;Default;Default;Default;Default;Default;Default;Default;Default;Default;Default;Default;Default;Default;Default;Default;Default;Default;Default;Default;Default;Default;1;10;Default;Default;Default;Default;Default;Default;Default;Default;1;3;"Job-QKDGBD(InvocationCount=1, IterationCount=10, UnrollFactor=1, WarmupCount=3)";Size=1000;1;Overhead;Actual;16;4300;1;4300
SynchronizationBenchmark.SetStateAsInitial;Benchmark;SynchronizationBenchmark;SetStateAsInitial;Job-QKDGBD;Default;Default;Default;Default;Default;Default;Default;Default;Default;Default;Default;Default;Default;Default;Default;Default;Default;Default;Default;Default;Default;Default;Default;Default;Default;Default;Default;Default;Default;Default;1;10;Default;Default;Default;Default;Default;Default;Default;Default;1;3;"Job-QKDGBD(InvocationCount=1, IterationCount=10, UnrollFactor=1, WarmupCount=3)";Size=1000;1;Overhead;Actual;17;1800;1;1800
SynchronizationBenchmark.SetStateAsInitial;Benchmark;SynchronizationBenchmark;SetStateAsInitial;Job-QKDGBD;Default;Default;Default;Default;Default;Default;Default;Default;Default;Default;Default;Default;Default;Default;Default;Default;Default;Default;Default;Default;Default;Default;Default;Default;Default;Default;Default;Default;Default;Default;1;10;Default;Default;Default;Default;Default;Default;Default;Default;1;3;"Job-QKDGBD(InvocationCount=1, IterationCount=10, UnrollFactor=1, WarmupCount=3)";Size=1000;1;Overhead;Actual;18;1600;1;1600
SynchronizationBenchmark.SetStateAsInitial;Benchmark;SynchronizationBenchmark;SetStateAsInitial;Job-QKDGBD;Default;Default;Default;Default;Default;Default;Default;Default;Default;Default;Default;Default;Default;Default;Default;Default;Default;Default;Default;Default;Default;Default;Default;Default;Default;Default;Default;Default;Default;Default;1;10;Default;Default;Default;Default;Default;Default;Default;Default;1;3;"Job-QKDGBD(InvocationCount=1, IterationCount=10, UnrollFactor=1, WarmupCount=3)";Size=1000;1;Overhead;Actual;19;1600;1;1600
SynchronizationBenchmark.SetStateAsInitial;Benchmark;SynchronizationBenchmark;SetStateAsInitial;Job-QKDGBD;Default;Default;Default;Default;Default;Default;Default;Default;Default;Default;Default;Default;Default;Default;Default;Default;Default;Default;Default;Default;Default;Default;Default;Default;Default;Default;Default;Default;Default;Default;1;10;Default;Default;Default;Default;Default;Default;Default;Default;1;3;"Job-QKDGBD(InvocationCount=1, IterationCount=10, UnrollFactor=1, WarmupCount=3)";Size=1000;1;Overhead;Actual;20;1400;1;1400
SynchronizationBenchmark.SetStateAsInitial;Benchmark;SynchronizationBenchmark;SetStateAsInitial;Job-QKDGBD;Default;Default;Default;Default;Default;Default;Default;Default;Default;Default;Default;Default;Default;Default;Default;Default;Default;Default;Default;Default;Default;Default;Default;Default;Default;Default;Default;Default;Default;Default;1;10;Default;Default;Default;Default;Default;Default;Default;Default;1;3;"Job-QKDGBD(InvocationCount=1, IterationCount=10, UnrollFactor=1, WarmupCount=3)";Size=1000;1;Workload;Warmup;1;15537200;1;15537200
SynchronizationBenchmark.SetStateAsInitial;Benchmark;SynchronizationBenchmark;SetStateAsInitial;Job-QKDGBD;Default;Default;Default;Default;Default;Default;Default;Default;Default;Default;Default;Default;Default;Default;Default;Default;Default;Default;Default;Default;Default;Default;Default;Default;Default;Default;Default;Default;Default;Default;1;10;Default;Default;Default;Default;Default;Default;Default;Default;1;3;"Job-QKDGBD(InvocationCount=1, IterationCount=10, UnrollFactor=1, WarmupCount=3)";Size=1000;1;Workload;Warmup;2;17696000;1;17696000
SynchronizationBenchmark.SetStateAsInitial;Benchmark;SynchronizationBenchmark;SetStateAsInitial;Job-QKDGBD;Default;Default;Default;Default;Default;Default;Default;Default;Default;Default;Default;Default;Default;Default;Default;Default;Default;Default;Default;Default;Default;Default;Default;Default;Default;Default;Default;Default;Default;Default;1;10;Default;Default;Default;Default;Default;Default;Default;Default;1;3;"Job-QKDGBD(InvocationCount=1, IterationCount=10, UnrollFactor=1, WarmupCount=3)";Size=1000;1;Workload;Warmup;3;19763300;1;19763300
SynchronizationBenchmark.SetStateAsInitial;Benchmark;SynchronizationBenchmark;SetStateAsInitial;Job-QKDGBD;Default;Default;Default;Default;Default;Default;Default;Default;Default;Default;Default;Default;Default;Default;Default;Default;Default;Default;Default;Default;Default;Default;Default;Default;Default;Default;Default;Default;Default;Default;1;10;Default;Default;Default;Default;Default;Default;Default;Default;1;3;"Job-QKDGBD(InvocationCount=1, IterationCount=10, UnrollFactor=1, WarmupCount=3)";Size=1000;1;Workload;Actual;1;26454700;1;26454700
SynchronizationBenchmark.SetStateAsInitial;Benchmark;SynchronizationBenchmark;SetStateAsInitial;Job-QKDGBD;Default;Default;Default;Default;Default;Default;Default;Default;Default;Default;Default;Default;Default;Default;Default;Default;Default;Default;Default;Default;Default;Default;Default;Default;Default;Default;Default;Default;Default;Default;1;10;Default;Default;Default;Default;Default;Default;Default;Default;1;3;"Job-QKDGBD(InvocationCount=1, IterationCount=10, UnrollFactor=1, WarmupCount=3)";Size=1000;1;Workload;Actual;2;18747600;1;18747600
SynchronizationBenchmark.SetStateAsInitial;Benchmark;SynchronizationBenchmark;SetStateAsInitial;Job-QKDGBD;Default;Default;Default;Default;Default;Default;Default;Default;Default;Default;Default;Default;Default;Default;Default;Default;Default;Default;Default;Default;Default;Default;Default;Default;Default;Default;Default;Default;Default;Default;1;10;Default;Default;Default;Default;Default;Default;Default;Default;1;3;"Job-QKDGBD(InvocationCount=1, IterationCount=10, UnrollFactor=1, WarmupCount=3)";Size=1000;1;Workload;Actual;3;20573700;1;20573700
SynchronizationBenchmark.SetStateAsInitial;Benchmark;SynchronizationBenchmark;SetStateAsInitial;Job-QKDGBD;Default;Default;Default;Default;Default;Default;Default;Default;Default;Default;Default;Default;Default;Default;Default;Default;Default;Default;Default;Default;Default;Default;Default;Default;Default;Default;Default;Default;Default;Default;1;10;Default;Default;Default;Default;Default;Default;Default;Default;1;3;"Job-QKDGBD(InvocationCount=1, IterationCount=10, UnrollFactor=1, WarmupCount=3)";Size=1000;1;Workload;Actual;4;15042800;1;15042800
SynchronizationBenchmark.SetStateAsInitial;Benchmark;SynchronizationBenchmark;SetStateAsInitial;Job-QKDGBD;Default;Default;Default;Default;Default;Default;Default;Default;Default;Default;Default;Default;Default;Default;Default;Default;Default;Default;Default;Default;Default;Default;Default;Default;Default;Default;Default;Default;Default;Default;1;10;Default;Default;Default;Default;Default;Default;Default;Default;1;3;"Job-QKDGBD(InvocationCount=1, IterationCount=10, UnrollFactor=1, WarmupCount=3)";Size=1000;1;Workload;Actual;5;14370600;1;14370600
SynchronizationBenchmark.SetStateAsInitial;Benchmark;SynchronizationBenchmark;SetStateAsInitial;Job-QKDGBD;Default;Default;Default;Default;Default;Default;Default;Default;Default;Default;Default;Default;Default;Default;Default;Default;Default;Default;Default;Default;Default;Default;Default;Default;Default;Default;Default;Default;Default;Default;1;10;Default;Default;Default;Default;Default;Default;Default;Default;1;3;"Job-QKDGBD(InvocationCount=1, IterationCount=10, UnrollFactor=1, WarmupCount=3)";Size=1000;1;Workload;Actual;6;6628300;1;6628300
SynchronizationBenchmark.SetStateAsInitial;Benchmark;SynchronizationBenchmark;SetStateAsInitial;Job-QKDGBD;Default;Default;Default;Default;Default;Default;Default;Default;Default;Default;Default;Default;Default;Default;Default;Default;Default;Default;Default;Default;Default;Default;Default;Default;Default;Default;Default;Default;Default;Default;1;10;Default;Default;Default;Default;Default;Default;Default;Default;1;3;"Job-QKDGBD(InvocationCount=1, IterationCount=10, UnrollFactor=1, WarmupCount=3)";Size=1000;1;Workload;Actual;7;8165800;1;8165800
SynchronizationBenchmark.SetStateAsInitial;Benchmark;SynchronizationBenchmark;SetStateAsInitial;Job-QKDGBD;Default;Default;Default;Default;Default;Default;Default;Default;Default;Default;Default;Default;Default;Default;Default;Default;Default;Default;Default;Default;Default;Default;Default;Default;Default;Default;Default;Default;Default;Default;1;10;Default;Default;Default;Default;Default;Default;Default;Default;1;3;"Job-QKDGBD(InvocationCount=1, IterationCount=10, UnrollFactor=1, WarmupCount=3)";Size=1000;1;Workload;Actual;8;6725600;1;6725600
SynchronizationBenchmark.SetStateAsInitial;Benchmark;SynchronizationBenchmark;SetStateAsInitial;Job-QKDGBD;Default;Default;Default;Default;Default;Default;Default;Default;Default;Default;Default;Default;Default;Default;Default;Default;Default;Default;Default;Default;Default;Default;Default;Default;Default;Default;Default;Default;Default;Default;1;10;Default;Default;Default;Default;Default;Default;Default;Default;1;3;"Job-QKDGBD(InvocationCount=1, IterationCount=10, UnrollFactor=1, WarmupCount=3)";Size=1000;1;Workload;Actual;9;7971800;1;7971800
SynchronizationBenchmark.SetStateAsInitial;Benchmark;SynchronizationBenchmark;SetStateAsInitial;Job-QKDGBD;Default;Default;Default;Default;Default;Default;Default;Default;Default;Default;Default;Default;Default;Default;Default;Default;Default;Default;Default;Default;Default;Default;Default;Default;Default;Default;Default;Default;Default;Default;1;10;Default;Default;Default;Default;Default;Default;Default;Default;1;3;"Job-QKDGBD(InvocationCount=1, IterationCount=10, UnrollFactor=1, WarmupCount=3)";Size=1000;1;Workload;Actual;10;6511000;1;6511000
SynchronizationBenchmark.SetStateAsInitial;Benchmark;SynchronizationBenchmark;SetStateAsInitial;Job-QKDGBD;Default;Default;Default;Default;Default;Default;Default;Default;Default;Default;Default;Default;Default;Default;Default;Default;Default;Default;Default;Default;Default;Default;Default;Default;Default;Default;Default;Default;Default;Default;1;10;Default;Default;Default;Default;Default;Default;Default;Default;1;3;"Job-QKDGBD(InvocationCount=1, IterationCount=10, UnrollFactor=1, WarmupCount=3)";Size=1000;1;Workload;Result;1;26452950;1;26452950
SynchronizationBenchmark.SetStateAsInitial;Benchmark;SynchronizationBenchmark;SetStateAsInitial;Job-QKDGBD;Default;Default;Default;Default;Default;Default;Default;Default;Default;Default;Default;Default;Default;Default;Default;Default;Default;Default;Default;Default;Default;Default;Default;Default;Default;Default;Default;Default;Default;Default;1;10;Default;Default;Default;Default;Default;Default;Default;Default;1;3;"Job-QKDGBD(InvocationCount=1, IterationCount=10, UnrollFactor=1, WarmupCount=3)";Size=1000;1;Workload;Result;2;18745850;1;18745850
SynchronizationBenchmark.SetStateAsInitial;Benchmark;SynchronizationBenchmark;SetStateAsInitial;Job-QKDGBD;Default;Default;Default;Default;Default;Default;Default;Default;Default;Default;Default;Default;Default;Default;Default;Default;Default;Default;Default;Default;Default;Default;Default;Default;Default;Default;Default;Default;Default;Default;1;10;Default;Default;Default;Default;Default;Default;Default;Default;1;3;"Job-QKDGBD(InvocationCount=1, IterationCount=10, UnrollFactor=1, WarmupCount=3)";Size=1000;1;Workload;Result;3;20571950;1;20571950
SynchronizationBenchmark.SetStateAsInitial;Benchmark;SynchronizationBenchmark;SetStateAsInitial;Job-QKDGBD;Default;Default;Default;Default;Default;Default;Default;Default;Default;Default;Default;Default;Default;Default;Default;Default;Default;Default;Default;Default;Default;Default;Default;Default;Default;Default;Default;Default;Default;Default;1;10;Default;Default;Default;Default;Default;Default;Default;Default;1;3;"Job-QKDGBD(InvocationCount=1, IterationCount=10, UnrollFactor=1, WarmupCount=3)";Size=1000;1;Workload;Result;4;15041050;1;15041050
SynchronizationBenchmark.SetStateAsInitial;Benchmark;SynchronizationBenchmark;SetStateAsInitial;Job-QKDGBD;Default;Default;Default;Default;Default;Default;Default;Default;Default;Default;Default;Default;Default;Default;Default;Default;Default;Default;Default;Default;Default;Default;Default;Default;Default;Default;Default;Default;Default;Default;1;10;Default;Default;Default;Default;Default;Default;Default;Default;1;3;"Job-QKDGBD(InvocationCount=1, IterationCount=10, UnrollFactor=1, WarmupCount=3)";Size=1000;1;Workload;Result;5;14368850;1;14368850
SynchronizationBenchmark.SetStateAsInitial;Benchmark;SynchronizationBenchmark;SetStateAsInitial;Job-QKDGBD;Default;Default;Default;Default;Default;Default;Default;Default;Default;Default;Default;Default;Default;Default;Default;Default;Default;Default;Default;Default;Default;Default;Default;Default;Default;Default;Default;Default;Default;Default;1;10;Default;Default;Default;Default;Default;Default;Default;Default;1;3;"Job-QKDGBD(InvocationCount=1, IterationCount=10, UnrollFactor=1, WarmupCount=3)";Size=1000;1;Workload;Result;6;6626550;1;6626550
SynchronizationBenchmark.SetStateAsInitial;Benchmark;SynchronizationBenchmark;SetStateAsInitial;Job-QKDGBD;Default;Default;Default;Default;Default;Default;Default;Default;Default;Default;Default;Default;Default;Default;Default;Default;Default;Default;Default;Default;Default;Default;Default;Default;Default;Default;Default;Default;Default;Default;1;10;Default;Default;Default;Default;Default;Default;Default;Default;1;3;"Job-QKDGBD(InvocationCount=1, IterationCount=10, UnrollFactor=1, WarmupCount=3)";Size=1000;1;Workload;Result;7;8164050;1;8164050
SynchronizationBenchmark.SetStateAsInitial;Benchmark;SynchronizationBenchmark;SetStateAsInitial;Job-QKDGBD;Default;Default;Default;Default;Default;Default;Default;Default;Default;Default;Default;Default;Default;Default;Default;Default;Default;Default;Default;Default;Default;Default;Default;Default;Default;Default;Default;Default;Default;Default;1;10;Default;Default;Default;Default;Default;Default;Default;Default;1;3;"Job-QKDGBD(InvocationCount=1, IterationCount=10, UnrollFactor=1, WarmupCount=3)";Size=1000;1;Workload;Result;8;6723850;1;6723850
SynchronizationBenchmark.SetStateAsInitial;Benchmark;SynchronizationBenchmark;SetStateAsInitial;Job-QKDGBD;Default;Default;Default;Default;Default;Default;Default;Default;Default;Default;Default;Default;Default;Default;Default;Default;Default;Default;Default;Default;Default;Default;Default;Default;Default;Default;Default;Default;Default;Default;1;10;Default;Default;Default;Default;Default;Default;Default;Default;1;3;"Job-QKDGBD(InvocationCount=1, IterationCount=10, UnrollFactor=1, WarmupCount=3)";Size=1000;1;Workload;Result;9;7970050;1;7970050
SynchronizationBenchmark.SetStateAsInitial;Benchmark;SynchronizationBenchmark;SetStateAsInitial;Job-QKDGBD;Default;Default;Default;Default;Default;Default;Default;Default;Default;Default;Default;Default;Default;Default;Default;Default;Default;Default;Default;Default;Default;Default;Default;Default;Default;Default;Default;Default;Default;Default;1;10;Default;Default;Default;Default;Default;Default;Default;Default;1;3;"Job-QKDGBD(InvocationCount=1, IterationCount=10, UnrollFactor=1, WarmupCount=3)";Size=1000;1;Workload;Result;10;6509250;1;6509250
SynchronizationBenchmark.AddTargetPlace;Benchmark;SynchronizationBenchmark;AddTargetPlace;Job-QKDGBD;Default;Default;Default;Default;Default;Default;Default;Default;Default;Default;Default;Default;Default;Default;Default;Default;Default;Default;Default;Default;Default;Default;Default;Default;Default;Default;Default;Default;Default;Default;1;10;Default;Default;Default;Default;Default;Default;Default;Default;1;3;"Job-QKDGBD(InvocationCount=1, IterationCount=10, UnrollFactor=1, WarmupCount=3)";Size=1000;1;Overhead;Jitting;1;176500;1;176500
SynchronizationBenchmark.AddTargetPlace;Benchmark;SynchronizationBenchmark;AddTargetPlace;Job-QKDGBD;Default;Default;Default;Default;Default;Default;Default;Default;Default;Default;Default;Default;Default;Default;Default;Default;Default;Default;Default;Default;Default;Default;Default;Default;Default;Default;Default;Default;Default;Default;1;10;Default;Default;Default;Default;Default;Default;Default;Default;1;3;"Job-QKDGBD(InvocationCount=1, IterationCount=10, UnrollFactor=1, WarmupCount=3)";Size=1000;1;Workload;Jitting;1;34396800;1;34396800
SynchronizationBenchmark.AddTargetPlace;Benchmark;SynchronizationBenchmark;AddTargetPlace;Job-QKDGBD;Default;Default;Default;Default;Default;Default;Default;Default;Default;Default;Default;Default;Default;Default;Default;Default;Default;Default;Default;Default;Default;Default;Default;Default;Default;Default;Default;Default;Default;Default;1;10;Default;Default;Default;Default;Default;Default;Default;Default;1;3;"Job-QKDGBD(InvocationCount=1, IterationCount=10, UnrollFactor=1, WarmupCount=3)";Size=1000;1;Overhead;Warmup;1;800;1;800
SynchronizationBenchmark.AddTargetPlace;Benchmark;SynchronizationBenchmark;AddTargetPlace;Job-QKDGBD;Default;Default;Default;Default;Default;Default;Default;Default;Default;Default;Default;Default;Default;Default;Default;Default;Default;Default;Default;Default;Default;Default;Default;Default;Default;Default;Default;Default;Default;Default;1;10;Default;Default;Default;Default;Default;Default;Default;Default;1;3;"Job-QKDGBD(InvocationCount=1, IterationCount=10, UnrollFactor=1, WarmupCount=3)";Size=1000;1;Overhead;Warmup;2;800;1;800
SynchronizationBenchmark.AddTargetPlace;Benchmark;SynchronizationBenchmark;AddTargetPlace;Job-QKDGBD;Default;Default;Default;Default;Default;Default;Default;Default;Default;Default;Default;Default;Default;Default;Default;Default;Default;Default;Default;Default;Default;Default;Default;Default;Default;Default;Default;Default;Default;Default;1;10;Default;Default;Default;Default;Default;Default;Default;Default;1;3;"Job-QKDGBD(InvocationCount=1, IterationCount=10, UnrollFactor=1, WarmupCount=3)";Size=1000;1;Overhead;Warmup;3;600;1;600
SynchronizationBenchmark.AddTargetPlace;Benchmark;SynchronizationBenchmark;AddTargetPlace;Job-QKDGBD;Default;Default;Default;Default;Default;Default;Default;Default;Default;Default;Default;Default;Default;Default;Default;Default;Default;Default;Default;Default;Default;Default;Default;Default;Default;Default;Default;Default;Default;Default;1;10;Default;Default;Default;Default;Default;Default;Default;Default;1;3;"Job-QKDGBD(InvocationCount=1, IterationCount=10, UnrollFactor=1, WarmupCount=3)";Size=1000;1;Overhead;Warmup;4;800;1;800
SynchronizationBenchmark.AddTargetPlace;Benchmark;SynchronizationBenchmark;AddTargetPlace;Job-QKDGBD;Default;Default;Default;Default;Default;Default;Default;Default;Default;Default;Default;Default;Default;Default;Default;Default;Default;Default;Default;Default;Default;Default;Default;Default;Default;Default;Default;Default;Default;Default;1;10;Default;Default;Default;Default;Default;Default;Default;Default;1;3;"Job-QKDGBD(InvocationCount=1, IterationCount=10, UnrollFactor=1, WarmupCount=3)";Size=1000;1;Overhead;Warmup;5;2400;1;2400
SynchronizationBenchmark.AddTargetPlace;Benchmark;SynchronizationBenchmark;AddTargetPlace;Job-QKDGBD;Default;Default;Default;Default;Default;Default;Default;Default;Default;Default;Default;Default;Default;Default;Default;Default;Default;Default;Default;Default;Default;Default;Default;Default;Default;Default;Default;Default;Default;Default;1;10;Default;Default;Default;Default;Default;Default;Default;Default;1;3;"Job-QKDGBD(InvocationCount=1, IterationCount=10, UnrollFactor=1, WarmupCount=3)";Size=1000;1;Overhead;Warmup;6;1900;1;1900
SynchronizationBenchmark.AddTargetPlace;Benchmark;SynchronizationBenchmark;AddTargetPlace;Job-QKDGBD;Default;Default;Default;Default;Default;Default;Default;Default;Default;Default;Default;Default;Default;Default;Default;Default;Default;Default;Default;Default;Default;Default;Default;Default;Default;Default;Default;Default;Default;Default;1;10;Default;Default;Default;Default;Default;Default;Default;Default;1;3;"Job-QKDGBD(InvocationCount=1, IterationCount=10, UnrollFactor=1, WarmupCount=3)";Size=1000;1;Overhead;Actual;1;3200;1;3200
SynchronizationBenchmark.AddTargetPlace;Benchmark;SynchronizationBenchmark;AddTargetPlace;Job-QKDGBD;Default;Default;Default;Default;Default;Default;Default;Default;Default;Default;Default;Default;Default;Default;Default;Default;Default;Default;Default;Default;Default;Default;Default;Default;Default;Default;Default;Default;Default;Default;1;10;Default;Default;Default;Default;Default;Default;Default;Default;1;3;"Job-QKDGBD(InvocationCount=1, IterationCount=10, UnrollFactor=1, WarmupCount=3)";Size=1000;1;Overhead;Actual;2;1900;1;1900
SynchronizationBenchmark.AddTargetPlace;Benchmark;SynchronizationBenchmark;AddTargetPlace;Job-QKDGBD;Default;Default;Default;Default;Default;Default;Default;Default;Default;Default;Default;Default;Default;Default;Default;Default;Default;Default;Default;Default;Default;Default;Default;Default;Default;Default;Default;Default;Default;Default;1;10;Default;Default;Default;Default;Default;Default;Default;Default;1;3;"Job-QKDGBD(InvocationCount=1, IterationCount=10, UnrollFactor=1, WarmupCount=3)";Size=1000;1;Overhead;Actual;3;1400;1;1400
SynchronizationBenchmark.AddTargetPlace;Benchmark;SynchronizationBenchmark;AddTargetPlace;Job-QKDGBD;Default;Default;Default;Default;Default;Default;Default;Default;Default;Default;Default;Default;Default;Default;Default;Default;Default;Default;Default;Default;Default;Default;Default;Default;Default;Default;Default;Default;Default;Default;1;10;Default;Default;Default;Default;Default;Default;Default;Default;1;3;"Job-QKDGBD(InvocationCount=1, IterationCount=10, UnrollFactor=1, WarmupCount=3)";Size=1000;1;Overhead;Actual;4;1400;1;1400
SynchronizationBenchmark.AddTargetPlace;Benchmark;SynchronizationBenchmark;AddTargetPlace;Job-QKDGBD;Default;Default;Default;Default;Default;Default;Default;Default;Default;Default;Default;Default;Default;Default;Default;Default;Default;Default;Default;Default;Default;Default;Default;Default;Default;Default;Default;Default;Default;Default;1;10;Default;Default;Default;Default;Default;Default;Default;Default;1;3;"Job-QKDGBD(InvocationCount=1, IterationCount=10, UnrollFactor=1, WarmupCount=3)";Size=1000;1;Overhead;Actual;5;3200;1;3200
SynchronizationBenchmark.AddTargetPlace;Benchmark;SynchronizationBenchmark;AddTargetPlace;Job-QKDGBD;Default;Default;Default;Default;Default;Default;Default;Default;Default;Default;Default;Default;Default;Default;Default;Default;Default;Default;Default;Default;Default;Default;Default;Default;Default;Default;Default;Default;Default;Default;1;10;Default;Default;Default;Default;Default;Default;Default;Default;1;3;"Job-QKDGBD(InvocationCount=1, IterationCount=10, UnrollFactor=1, WarmupCount=3)";Size=1000;1;Overhead;Actual;6;1600;1;1600
SynchronizationBenchmark.AddTargetPlace;Benchmark;SynchronizationBenchmark;AddTargetPlace;Job-QKDGBD;Default;Default;Default;Default;Default;Default;Default;Default;Default;Default;Default;Default;Default;Default;Default;Default;Default;Default;Default;Default;Default;Default;Default;Default;Default;Default;Default;Default;Default;Default;1;10;Default;Default;Default;Default;Default;Default;Default;Default;1;3;"Job-QKDGBD(InvocationCount=1, IterationCount=10, UnrollFactor=1, WarmupCount=3)";Size=1000;1;Overhead;Actual;7;3000;1;3000
SynchronizationBenchmark.AddTargetPlace;Benchmark;SynchronizationBenchmark;AddTargetPlace;Job-QKDGBD;Default;Default;Default;Default;Default;Default;Default;Default;Default;Default;Default;Default;Default;Default;Default;Default;Default;Default;Default;Default;Default;Default;Default;Default;Default;Default;Default;Default;Default;Default;1;10;Default;Default;Default;Default;Default;Default;Default;Default;1;3;"Job-QKDGBD(InvocationCount=1, IterationCount=10, UnrollFactor=1, WarmupCount=3)";Size=1000;1;Overhead;Actual;8;5700;1;5700
SynchronizationBenchmark.AddTargetPlace;Benchmark;SynchronizationBenchmark;AddTargetPlace;Job-QKDGBD;Default;Default;Default;Default;Default;Default;Default;Default;Default;Default;Default;Default;Default;Default;Default;Default;Default;Default;Default;Default;Default;Default;Default;Default;Default;Default;Default;Default;Default;Default;1;10;Default;Default;Default;Default;Default;Default;Default;Default;1;3;"Job-QKDGBD(InvocationCount=1, IterationCount=10, UnrollFactor=1, WarmupCount=3)";Size=1000;1;Overhead;Actual;9;1700;1;1700
SynchronizationBenchmark.AddTargetPlace;Benchmark;SynchronizationBenchmark;AddTargetPlace;Job-QKDGBD;Default;Default;Default;Default;Default;Default;Default;Default;Default;Default;Default;Default;Default;Default;Default;Default;Default;Default;Default;Default;Default;Default;Default;Default;Default;Default;Default;Default;Default;Default;1;10;Default;Default;Default;Default;Default;Default;Default;Default;1;3;"Job-QKDGBD(InvocationCount=1, IterationCount=10, UnrollFactor=1, WarmupCount=3)";Size=1000;1;Overhead;Actual;10;2000;1;2000
SynchronizationBenchmark.AddTargetPlace;Benchmark;SynchronizationBenchmark;AddTargetPlace;Job-QKDGBD;Default;Default;Default;Default;Default;Default;Default;Default;Default;Default;Default;Default;Default;Default;Default;Default;Default;Default;Default;Default;Default;Default;Default;Default;Default;Default;Default;Default;Default;Default;1;10;Default;Default;Default;Default;Default;Default;Default;Default;1;3;"Job-QKDGBD(InvocationCount=1, IterationCount=10, UnrollFactor=1, WarmupCount=3)";Size=1000;1;Overhead;Actual;11;1300;1;1300
SynchronizationBenchmark.AddTargetPlace;Benchmark;SynchronizationBenchmark;AddTargetPlace;Job-QKDGBD;Default;Default;Default;Default;Default;Default;Default;Default;Default;Default;Default;Default;Default;Default;Default;Default;Default;Default;Default;Default;Default;Default;Default;Default;Default;Default;Default;Default;Default;Default;1;10;Default;Default;Default;Default;Default;Default;Default;Default;1;3;"Job-QKDGBD(InvocationCount=1, IterationCount=10, UnrollFactor=1, WarmupCount=3)";Size=1000;1;Overhead;Actual;12;1500;1;1500
SynchronizationBenchmark.AddTargetPlace;Benchmark;SynchronizationBenchmark;AddTargetPlace;Job-QKDGBD;Default;Default;Default;Default;Default;Default;Default;Default;Default;Default;Default;Default;Default;Default;Default;Default;Default;Default;Default;Default;Default;Default;Default;Default;Default;Default;Default;Default;Default;Default;1;10;Default;Default;Default;Default;Default;Default;Default;Default;1;3;"Job-QKDGBD(InvocationCount=1, IterationCount=10, UnrollFactor=1, WarmupCount=3)";Size=1000;1;Overhead;Actual;13;1200;1;1200
SynchronizationBenchmark.AddTargetPlace;Benchmark;SynchronizationBenchmark;AddTargetPlace;Job-QKDGBD;Default;Default;Default;Default;Default;Default;Default;Default;Default;Default;Default;Default;Default;Default;Default;Default;Default;Default;Default;Default;Default;Default;Default;Default;Default;Default;Default;Default;Default;Default;1;10;Default;Default;Default;Default;Default;Default;Default;Default;1;3;"Job-QKDGBD(InvocationCount=1, IterationCount=10, UnrollFactor=1, WarmupCount=3)";Size=1000;1;Overhead;Actual;14;1700;1;1700
SynchronizationBenchmark.AddTargetPlace;Benchmark;SynchronizationBenchmark;AddTargetPlace;Job-QKDGBD;Default;Default;Default;Default;Default;Default;Default;Default;Default;Default;Default;Default;Default;Default;Default;Default;Default;Default;Default;Default;Default;Default;Default;Default;Default;Default;Default;Default;Default;Default;1;10;Default;Default;Default;Default;Default;Default;Default;Default;1;3;"Job-QKDGBD(InvocationCount=1, IterationCount=10, UnrollFactor=1, WarmupCount=3)";Size=1000;1;Overhead;Actual;15;1400;1;1400
SynchronizationBenchmark.AddTargetPlace;Benchmark;SynchronizationBenchmark;AddTargetPlace;Job-QKDGBD;Default;Default;Default;Default;Default;Default;Default;Default;Default;Default;Default;Default;Default;Default;Default;Default;Default;Default;Default;Default;Default;Default;Default;Default;Default;Default;Default;Default;Default;Default;1;10;Default;Default;Default;Default;Default;Default;Default;Default;1;3;"Job-QKDGBD(InvocationCount=1, IterationCount=10, UnrollFactor=1, WarmupCount=3)";Size=1000;1;Overhead;Actual;16;1300;1;1300
SynchronizationBenchmark.AddTargetPlace;Benchmark;SynchronizationBenchmark;AddTargetPlace;Job-QKDGBD;Default;Default;Default;Default;Default;Default;Default;Default;Default;Default;Default;Default;Default;Default;Default;Default;Default;Default;Default;Default;Default;Default;Default;Default;Default;Default;Default;Default;Default;Default;1;10;Default;Default;Default;Default;Default;Default;Default;Default;1;3;"Job-QKDGBD(InvocationCount=1, IterationCount=10, UnrollFactor=1, WarmupCount=3)";Size=1000;1;Overhead;Actual;17;2600;1;2600
SynchronizationBenchmark.AddTargetPlace;Benchmark;SynchronizationBenchmark;AddTargetPlace;Job-QKDGBD;Default;Default;Default;Default;Default;Default;Default;Default;Default;Default;Default;Default;Default;Default;Default;Default;Default;Default;Default;Default;Default;Default;Default;Default;Default;Default;Default;Default;Default;Default;1;10;Default;Default;Default;Default;Default;Default;Default;Default;1;3;"Job-QKDGBD(InvocationCount=1, IterationCount=10, UnrollFactor=1, WarmupCount=3)";Size=1000;1;Overhead;Actual;18;2200;1;2200
SynchronizationBenchmark.AddTargetPlace;Benchmark;SynchronizationBenchmark;AddTargetPlace;Job-QKDGBD;Default;Default;Default;Default;Default;Default;Default;Default;Default;Default;Default;Default;Default;Default;Default;Default;Default;Default;Default;Default;Default;Default;Default;Default;Default;Default;Default;Default;Default;Default;1;10;Default;Default;Default;Default;Default;Default;Default;Default;1;3;"Job-QKDGBD(InvocationCount=1, IterationCount=10, UnrollFactor=1, WarmupCount=3)";Size=1000;1;Overhead;Actual;19;1200;1;1200
SynchronizationBenchmark.AddTargetPlace;Benchmark;SynchronizationBenchmark;AddTargetPlace;Job-QKDGBD;Default;Default;Default;Default;Default;Default;Default;Default;Default;Default;Default;Default;Default;Default;Default;Default;Default;Default;Default;Default;Default;Default;Default;Default;Default;Default;Default;Default;Default;Default;1;10;Default;Default;Default;Default;Default;Default;Default;Default;1;3;"Job-QKDGBD(InvocationCount=1, IterationCount=10, UnrollFactor=1, WarmupCount=3)";Size=1000;1;Overhead;Actual;20;2900;1;2900
SynchronizationBenchmark.AddTargetPlace;Benchmark;SynchronizationBenchmark;AddTargetPlace;Job-QKDGBD;Default;Default;Default;Default;Default;Default;Default;Default;Default;Default;Default;Default;Default;Default;Default;Default;Default;Default;Default;Default;Default;Default;Default;Default;Default;Default;Default;Default;Default;Default;1;10;Default;Default;Default;Default;Default;Default;Default;Default;1;3;"Job-QKDGBD(InvocationCount=1, IterationCount=10, UnrollFactor=1, WarmupCount=3)";Size=1000;1;Workload;Warmup;1;9720300;1;9720300
SynchronizationBenchmark.AddTargetPlace;Benchmark;SynchronizationBenchmark;AddTargetPlace;Job-QKDGBD;Default;Default;Default;Default;Default;Default;Default;Default;Default;Default;Default;Default;Default;Default;Default;Default;Default;Default;Default;Default;Default;Default;Default;Default;Default;Default;Default;Default;Default;Default;1;10;Default;Default;Default;Default;Default;Default;Default;Default;1;3;"Job-QKDGBD(InvocationCount=1, IterationCount=10, UnrollFactor=1, WarmupCount=3)";Size=1000;1;Workload;Warmup;2;9648000;1;9648000
SynchronizationBenchmark.AddTargetPlace;Benchmark;SynchronizationBenchmark;AddTargetPlace;Job-QKDGBD;Default;Default;Default;Default;Default;Default;Default;Default;Default;Default;Default;Default;Default;Default;Default;Default;Default;Default;Default;Default;Default;Default;Default;Default;Default;Default;Default;Default;Default;Default;1;10;Default;Default;Default;Default;Default;Default;Default;Default;1;3;"Job-QKDGBD(InvocationCount=1, IterationCount=10, UnrollFactor=1, WarmupCount=3)";Size=1000;1;Workload;Warmup;3;15417700;1;15417700
SynchronizationBenchmark.AddTargetPlace;Benchmark;SynchronizationBenchmark;AddTargetPlace;Job-QKDGBD;Default;Default;Default;Default;Default;Default;Default;Default;Default;Default;Default;Default;Default;Default;Default;Default;Default;Default;Default;Default;Default;Default;Default;Default;Default;Default;Default;Default;Default;Default;1;10;Default;Default;Default;Default;Default;Default;Default;Default;1;3;"Job-QKDGBD(InvocationCount=1, IterationCount=10, UnrollFactor=1, WarmupCount=3)";Size=1000;1;Workload;Actual;1;11339000;1;11339000
SynchronizationBenchmark.AddTargetPlace;Benchmark;SynchronizationBenchmark;AddTargetPlace;Job-QKDGBD;Default;Default;Default;Default;Default;Default;Default;Default;Default;Default;Default;Default;Default;Default;Default;Default;Default;Default;Default;Default;Default;Default;Default;Default;Default;Default;Default;Default;Default;Default;1;10;Default;Default;Default;Default;Default;Default;Default;Default;1;3;"Job-QKDGBD(InvocationCount=1, IterationCount=10, UnrollFactor=1, WarmupCount=3)";Size=1000;1;Workload;Actual;2;11338200;1;11338200
SynchronizationBenchmark.AddTargetPlace;Benchmark;SynchronizationBenchmark;AddTargetPlace;Job-QKDGBD;Default;Default;Default;Default;Default;Default;Default;Default;Default;Default;Default;Default;Default;Default;Default;Default;Default;Default;Default;Default;Default;Default;Default;Default;Default;Default;Default;Default;Default;Default;1;10;Default;Default;Default;Default;Default;Default;Default;Default;1;3;"Job-QKDGBD(InvocationCount=1, IterationCount=10, UnrollFactor=1, WarmupCount=3)";Size=1000;1;Workload;Actual;3;11415400;1;11415400
SynchronizationBenchmark.AddTargetPlace;Benchmark;SynchronizationBenchmark;AddTargetPlace;Job-QKDGBD;Default;Default;Default;Default;Default;Default;Default;Default;Default;Default;Default;Default;Default;Default;Default;Default;Default;Default;Default;Default;Default;Default;Default;Default;Default;Default;Default;Default;Default;Default;1;10;Default;Default;Default;Default;Default;Default;Default;Default;1;3;"Job-QKDGBD(InvocationCount=1, IterationCount=10, UnrollFactor=1, WarmupCount=3)";Size=1000;1;Workload;Actual;4;11204600;1;11204600
SynchronizationBenchmark.AddTargetPlace;Benchmark;SynchronizationBenchmark;AddTargetPlace;Job-QKDGBD;Default;Default;Default;Default;Default;Default;Default;Default;Default;Default;Default;Default;Default;Default;Default;Default;Default;Default;Default;Default;Default;Default;Default;Default;Default;Default;Default;Default;Default;Default;1;10;Default;Default;Default;Default;Default;Default;Default;Default;1;3;"Job-QKDGBD(InvocationCount=1, IterationCount=10, UnrollFactor=1, WarmupCount=3)";Size=1000;1;Workload;Actual;5;11212900;1;11212900
SynchronizationBenchmark.AddTargetPlace;Benchmark;SynchronizationBenchmark;AddTargetPlace;Job-QKDGBD;Default;Default;Default;Default;Default;Default;Default;Default;Default;Default;Default;Default;Default;Default;Default;Default;Default;Default;Default;Default;Default;Default;Default;Default;Default;Default;Default;Default;Default;Default;1;10;Default;Default;Default;Default;Default;Default;Default;Default;1;3;"Job-QKDGBD(InvocationCount=1, IterationCount=10, UnrollFactor=1, WarmupCount=3)";Size=1000;1;Workload;Actual;6;12401100;1;12401100
SynchronizationBenchmark.AddTargetPlace;Benchmark;SynchronizationBenchmark;AddTargetPlace;Job-QKDGBD;Default;Default;Default;Default;Default;Default;Default;Default;Default;Default;Default;Default;Default;Default;Default;Default;Default;Default;Default;Default;Default;Default;Default;Default;Default;Default;Default;Default;Default;Default;1;10;Default;Default;Default;Default;Default;Default;Default;Default;1;3;"Job-QKDGBD(InvocationCount=1, IterationCount=10, UnrollFactor=1, WarmupCount=3)";Size=1000;1;Workload;Actual;7;10205700;1;10205700
SynchronizationBenchmark.AddTargetPlace;Benchmark;SynchronizationBenchmark;AddTargetPlace;Job-QKDGBD;Default;Default;Default;Default;Default;Default;Default;Default;Default;Default;Default;Default;Default;Default;Default;Default;Default;Default;Default;Default;Default;Default;Default;Default;Default;Default;Default;Default;Default;Default;1;10;Default;Default;Default;Default;Default;Default;Default;Default;1;3;"Job-QKDGBD(InvocationCount=1, IterationCount=10, UnrollFactor=1, WarmupCount=3)";Size=1000;1;Workload;Actual;8;6503700;1;6503700
SynchronizationBenchmark.AddTargetPlace;Benchmark;SynchronizationBenchmark;AddTargetPlace;Job-QKDGBD;Default;Default;Default;Default;Default;Default;Default;Default;Default;Default;Default;Default;Default;Default;Default;Default;Default;Default;Default;Default;Default;Default;Default;Default;Default;Default;Default;Default;Default;Default;1;10;Default;Default;Default;Default;Default;Default;Default;Default;1;3;"Job-QKDGBD(InvocationCount=1, IterationCount=10, UnrollFactor=1, WarmupCount=3)";Size=1000;1;Workload;Actual;9;5335900;1;5335900
SynchronizationBenchmark.AddTargetPlace;Benchmark;SynchronizationBenchmark;AddTargetPlace;Job-QKDGBD;Default;Default;Default;Default;Default;Default;Default;Default;Default;Default;Default;Default;Default;Default;Default;Default;Default;Default;Default;Default;Default;Default;Default;Default;Default;Default;Default;Default;Default;Default;1;10;Default;Default;Default;Default;Default;Default;Default;Default;1;3;"Job-QKDGBD(InvocationCount=1, IterationCount=10, UnrollFactor=1, WarmupCount=3)";Size=1000;1;Workload;Actual;10;4866500;1;4866500
SynchronizationBenchmark.AddTargetPlace;Benchmark;SynchronizationBenchmark;AddTargetPlace;Job-QKDGBD;Default;Default;Default;Default;Default;Default;Default;Default;Default;Default;Default;Default;Default;Default;Default;Default;Default;Default;Default;Default;Default;Default;Default;Default;Default;Default;Default;Default;Default;Default;1;10;Default;Default;Default;Default;Default;Default;Default;Default;1;3;"Job-QKDGBD(InvocationCount=1, IterationCount=10, UnrollFactor=1, WarmupCount=3)";Size=1000;1;Workload;Result;1;11337300;1;11337300
SynchronizationBenchmark.AddTargetPlace;Benchmark;SynchronizationBenchmark;AddTargetPlace;Job-QKDGBD;Default;Default;Default;Default;Default;Default;Default;Default;Default;Default;Default;Default;Default;Default;Default;Default;Default;Default;Default;Default;Default;Default;Default;Default;Default;Default;Default;Default;Default;Default;1;10;Default;Default;Default;Default;Default;Default;Default;Default;1;3;"Job-QKDGBD(InvocationCount=1, IterationCount=10, UnrollFactor=1, WarmupCount=3)";Size=1000;1;Workload;Result;2;11336500;1;11336500
SynchronizationBenchmark.AddTargetPlace;Benchmark;SynchronizationBenchmark;AddTargetPlace;Job-QKDGBD;Default;Default;Default;Default;Default;Default;Default;Default;Default;Default;Default;Default;Default;Default;Default;Default;Default;Default;Default;Default;Default;Default;Default;Default;Default;Default;Default;Default;Default;Default;1;10;Default;Default;Default;Default;Default;Default;Default;Default;1;3;"Job-QKDGBD(InvocationCount=1, IterationCount=10, UnrollFactor=1, WarmupCount=3)";Size=1000;1;Workload;Result;3;11413700;1;11413700
SynchronizationBenchmark.AddTargetPlace;Benchmark;SynchronizationBenchmark;AddTargetPlace;Job-QKDGBD;Default;Default;Default;Default;Default;Default;Default;Default;Default;Default;Default;Default;Default;Default;Default;Default;Default;Default;Default;Default;Default;Default;Default;Default;Default;Default;Default;Default;Default;Default;1;10;Default;Default;Default;Default;Default;Default;Default;Default;1;3;"Job-QKDGBD(InvocationCount=1, IterationCount=10, UnrollFactor=1, WarmupCount=3)";Size=1000;1;Workload;Result;4;11202900;1;11202900
SynchronizationBenchmark.AddTargetPlace;Benchmark;SynchronizationBenchmark;AddTargetPlace;Job-QKDGBD;Default;Default;Default;Default;Default;Default;Default;Default;Default;Default;Default;Default;Default;Default;Default;Default;Default;Default;Default;Default;Default;Default;Default;Default;Default;Default;Default;Default;Default;Default;1;10;Default;Default;Default;Default;Default;Default;Default;Default;1;3;"Job-QKDGBD(InvocationCount=1, IterationCount=10, UnrollFactor=1, WarmupCount=3)";Size=1000;1;Workload;Result;5;11211200;1;11211200
SynchronizationBenchmark.AddTargetPlace;Benchmark;SynchronizationBenchmark;AddTargetPlace;Job-QKDGBD;Default;Default;Default;Default;Default;Default;Default;Default;Default;Default;Default;Default;Default;Default;Default;Default;Default;Default;Default;Default;Default;Default;Default;Default;Default;Default;Default;Default;Default;Default;1;10;Default;Default;Default;Default;Default;Default;Default;Default;1;3;"Job-QKDGBD(InvocationCount=1, IterationCount=10, UnrollFactor=1, WarmupCount=3)";Size=1000;1;Workload;Result;6;12399400;1;12399400
SynchronizationBenchmark.AddTargetPlace;Benchmark;SynchronizationBenchmark;AddTargetPlace;Job-QKDGBD;Default;Default;Default;Default;Default;Default;Default;Default;Default;Default;Default;Default;Default;Default;Default;Default;Default;Default;Default;Default;Default;Default;Default;Default;Default;Default;Default;Default;Default;Default;1;10;Default;Default;Default;Default;Default;Default;Default;Default;1;3;"Job-QKDGBD(InvocationCount=1, IterationCount=10, UnrollFactor=1, WarmupCount=3)";Size=1000;1;Workload;Result;7;10204000;1;10204000
SynchronizationBenchmark.AddTargetPlace;Benchmark;SynchronizationBenchmark;AddTargetPlace;Job-QKDGBD;Default;Default;Default;Default;Default;Default;Default;Default;Default;Default;Default;Default;Default;Default;Default;Default;Default;Default;Default;Default;Default;Default;Default;Default;Default;Default;Default;Default;Default;Default;1;10;Default;Default;Default;Default;Default;Default;Default;Default;1;3;"Job-QKDGBD(InvocationCount=1, IterationCount=10, UnrollFactor=1, WarmupCount=3)";Size=1000;1;Workload;Result;8;6502000;1;6502000
SynchronizationBenchmark.AddTargetPlace;Benchmark;SynchronizationBenchmark;AddTargetPlace;Job-QKDGBD;Default;Default;Default;Default;Default;Default;Default;Default;Default;Default;Default;Default;Default;Default;Default;Default;Default;Default;Default;Default;Default;Default;Default;Default;Default;Default;Default;Default;Default;Default;1;10;Default;Default;Default;Default;Default;Default;Default;Default;1;3;"Job-QKDGBD(InvocationCount=1, IterationCount=10, UnrollFactor=1, WarmupCount=3)";Size=1000;1;Workload;Result;9;5334200;1;5334200
SynchronizationBenchmark.AddTargetPlace;Benchmark;SynchronizationBenchmark;AddTargetPlace;Job-QKDGBD;Default;Default;Default;Default;Default;Default;Default;Default;Default;Default;Default;Default;Default;Default;Default;Default;Default;Default;Default;Default;Default;Default;Default;Default;Default;Default;Default;Default;Default;Default;1;10;Default;Default;Default;Default;Default;Default;Default;Default;1;3;"Job-QKDGBD(InvocationCount=1, IterationCount=10, UnrollFactor=1, WarmupCount=3)";Size=1000;1;Workload;Result;10;4864800;1;4864800
SynchronizationBenchmark.ChangeStateName;Benchmark;SynchronizationBenchmark;ChangeStateName;Job-QKDGBD;Default;Default;Default;Default;Default;Default;Default;Default;Default;Default;Default;Default;Default;Default;Default;Default;Default;Default;Default;Default;Default;Default;Default;Default;Default;Default;Default;Default;Default;Default;1;10;Default;Default;Default;Default;Default;Default;Default;Default;1;3;"Job-QKDGBD(InvocationCount=1, IterationCount=10, UnrollFactor=1, WarmupCount=3)";Size=10000;1;Overhead;Jitting;1;131200;1;131200
SynchronizationBenchmark.ChangeStateName;Benchmark;SynchronizationBenchmark;ChangeStateName;Job-QKDGBD;Default;Default;Default;Default;Default;Default;Default;Default;Default;Default;Default;Default;Default;Default;Default;Default;Default;Default;Default;Default;Default;Default;Default;Default;Default;Default;Default;Default;Default;Default;1;10;Default;Default;Default;Default;Default;Default;Default;Default;1;3;"Job-QKDGBD(InvocationCount=1, IterationCount=10, UnrollFactor=1, WarmupCount=3)";Size=10000;1;Workload;Jitting;1;48018500;1;48018500
SynchronizationBenchmark.ChangeStateName;Benchmark;SynchronizationBenchmark;ChangeStateName;Job-QKDGBD;Default;Default;Default;Default;Default;Default;Default;Default;Default;Default;Default;Default;Default;Default;Default;Default;Default;Default;Default;Default;Default;Default;Default;Default;Default;Default;Default;Default;Default;Default;1;10;Default;Default;Default;Default;Default;Default;Default;Default;1;3;"Job-QKDGBD(InvocationCount=1, IterationCount=10, UnrollFactor=1, WarmupCount=3)";Size=10000;1;Overhead;Warmup;1;2000;1;2000
SynchronizationBenchmark.ChangeStateName;Benchmark;SynchronizationBenchmark;ChangeStateName;Job-QKDGBD;Default;Default;Default;Default;Default;Default;Default;Default;Default;Default;Default;Default;Default;Default;Default;Default;Default;Default;Default;Default;Default;Default;Default;Default;Default;Default;Default;Default;Default;Default;1;10;Default;Default;Default;Default;Default;Default;Default;Default;1;3;"Job-QKDGBD(InvocationCount=1, IterationCount=10, UnrollFactor=1, WarmupCount=3)";Size=10000;1;Overhead;Warmup;2;4700;1;4700
SynchronizationBenchmark.ChangeStateName;Benchmark;SynchronizationBenchmark;ChangeStateName;Job-QKDGBD;Default;Default;Default;Default;Default;Default;Default;Default;Default;Default;Default;Default;Default;Default;Default;Default;Default;Default;Default;Default;Default;Default;Default;Default;Default;Default;Default;Default;Default;Default;1;10;Default;Default;Default;Default;Default;Default;Default;Default;1;3;"Job-QKDGBD(InvocationCount=1, IterationCount=10, UnrollFactor=1, WarmupCount=3)";Size=10000;1;Overhead;Warmup;3;7500;1;7500
SynchronizationBenchmark.ChangeStateName;Benchmark;SynchronizationBenchmark;ChangeStateName;Job-QKDGBD;Default;Default;Default;Default;Default;Default;Default;Default;Default;Default;Default;Default;Default;Default;Default;Default;Default;Default;Default;Default;Default;Default;Default;Default;Default;Default;Default;Default;Default;Default;1;10;Default;Default;Default;Default;Default;Default;Default;Default;1;3;"Job-QKDGBD(InvocationCount=1, IterationCount=10, UnrollFactor=1, WarmupCount=3)";Size=10000;1;Overhead;Warmup;4;2000;1;2000
SynchronizationBenchmark.ChangeStateName;Benchmark;SynchronizationBenchmark;ChangeStateName;Job-QKDGBD;Default;Default;Default;Default;Default;Default;Default;Default;Default;Default;Default;Default;Default;Default;Default;Default;Default;Default;Default;Default;Default;Default;Default;Default;Default;Default;Default;Default;Default;Default;1;10;Default;Default;Default;Default;Default;Default;Default;Default;1;3;"Job-QKDGBD(InvocationCount=1, IterationCount=10, UnrollFactor=1, WarmupCount=3)";Size=10000;1;Overhead;Warmup;5;1900;1;1900
SynchronizationBenchmark.ChangeStateName;Benchmark;SynchronizationBenchmark;ChangeStateName;Job-QKDGBD;Default;Default;Default;Default;Default;Default;Default;Default;Default;Default;Default;Default;Default;Default;Default;Default;Default;Default;Default;Default;Default;Default;Default;Default;Default;Default;Default;Default;Default;Default;1;10;Default;Default;Default;Default;Default;Default;Default;Default;1;3;"Job-QKDGBD(InvocationCount=1, IterationCount=10, UnrollFactor=1, WarmupCount=3)";Size=10000;1;Overhead;Warmup;6;2000;1;2000
SynchronizationBenchmark.ChangeStateName;Benchmark;SynchronizationBenchmark;ChangeStateName;Job-QKDGBD;Default;Default;Default;Default;Default;Default;Default;Default;Default;Default;Default;Default;Default;Default;Default;Default;Default;Default;Default;Default;Default;Default;Default;Default;Default;Default;Default;Default;Default;Default;1;10;Default;Default;Default;Default;Default;Default;Default;Default;1;3;"Job-QKDGBD(InvocationCount=1, IterationCount=10, UnrollFactor=1, WarmupCount=3)";Size=10000;1;Overhead;Warmup;7;3800;1;3800
SynchronizationBenchmark.ChangeStateName;Benchmark;SynchronizationBenchmark;ChangeStateName;Job-QKDGBD;Default;Default;Default;Default;Default;Default;Default;Default;Default;Default;Default;Default;Default;Default;Default;Default;Default;Default;Default;Default;Default;Default;Default;Default;Default;Default;Default;Default;Default;Default;1;10;Default;Default;Default;Default;Default;Default;Default;Default;1;3;"Job-QKDGBD(InvocationCount=1, IterationCount=10, UnrollFactor=1, WarmupCount=3)";Size=10000;1;Overhead;Warmup;8;2000;1;2000
SynchronizationBenchmark.ChangeStateName;Benchmark;SynchronizationBenchmark;ChangeStateName;Job-QKDGBD;Default;Default;Default;Default;Default;Default;Default;Default;Default;Default;Default;Default;Default;Default;Default;Default;Default;Default;Default;Default;Default;Default;Default;Default;Default;Default;Default;Default;Default;Default;1;10;Default;Default;Default;Default;Default;Default;Default;Default;1;3;"Job-QKDGBD(InvocationCount=1, IterationCount=10, UnrollFactor=1, WarmupCount=3)";Size=10000;1;Overhead;Actual;1;1700;1;1700
SynchronizationBenchmark.ChangeStateName;Benchmark;SynchronizationBenchmark;ChangeStateName;Job-QKDGBD;Default;Default;Default;Default;Default;Default;Default;Default;Default;Default;Default;Default;Default;Default;Default;Default;Default;Default;Default;Default;Default;Default;Default;Default;Default;Default;Default;Default;Default;Default;1;10;Default;Default;Default;Default;Default;Default;Default;Default;1;3;"Job-QKDGBD(InvocationCount=1, IterationCount=10, UnrollFactor=1, WarmupCount=3)";Size=10000;1;Overhead;Actual;2;2000;1;2000
SynchronizationBenchmark.ChangeStateName;Benchmark;SynchronizationBenchmark;ChangeStateName;Job-QKDGBD;Default;Default;Default;Default;Default;Default;Default;Default;Default;Default;Default;Default;Default;Default;Default;Default;Default;Default;Default;Default;Default;Default;Default;Default;Default;Default;Default;Default;Default;Default;1;10;Default;Default;Default;Default;Default;Default;Default;Default;1;3;"Job-QKDGBD(InvocationCount=1, IterationCount=10, UnrollFactor=1, WarmupCount=3)";Size=10000;1;Overhead;Actual;3;5900;1;5900
SynchronizationBenchmark.ChangeStateName;Benchmark;SynchronizationBenchmark;ChangeStateName;Job-QKDGBD;Default;Default;Default;Default;Default;Default;Default;Default;Default;Default;Default;Default;Default;Default;Default;Default;Default;Default;Default;Default;Default;Default;Default;Default;Default;Default;Default;Default;Default;Default;1;10;Default;Default;Default;Default;Default;Default;Default;Default;1;3;"Job-QKDGBD(InvocationCount=1, IterationCount=10, UnrollFactor=1, WarmupCount=3)";Size=10000;1;Overhead;Actual;4;7800;1;7800
SynchronizationBenchmark.ChangeStateName;Benchmark;SynchronizationBenchmark;ChangeStateName;Job-QKDGBD;Default;Default;Default;Default;Default;Default;Default;Default;Default;Default;Default;Default;Default;Default;Default;Default;Default;Default;Default;Default;Default;Default;Default;Default;Default;Default;Default;Default;Default;Default;1;10;Default;Default;Default;Default;Default;Default;Default;Default;1;3;"Job-QKDGBD(InvocationCount=1, IterationCount=10, UnrollFactor=1, WarmupCount=3)";Size=10000;1;Overhead;Actual;5;4400;1;4400
SynchronizationBenchmark.ChangeStateName;Benchmark;SynchronizationBenchmark;ChangeStateName;Job-QKDGBD;Default;Default;Default;Default;Default;Default;Default;Default;Default;Default;Default;Default;Default;Default;Default;Default;Default;Default;Default;Default;Default;Default;Default;Default;Default;Default;Default;Default;Default;Default;1;10;Default;Default;Default;Default;Default;Default;Default;Default;1;3;"Job-QKDGBD(InvocationCount=1, IterationCount=10, UnrollFactor=1, WarmupCount=3)";Size=10000;1;Overhead;Actual;6;1800;1;1800
SynchronizationBenchmark.ChangeStateName;Benchmark;SynchronizationBenchmark;ChangeStateName;Job-QKDGBD;Default;Default;Default;Default;Default;Default;Default;Default;Default;Default;Default;Default;Default;Default;Default;Default;Default;Default;Default;Default;Default;Default;Default;Default;Default;Default;Default;Default;Default;Default;1;10;Default;Default;Default;Default;Default;Default;Default;Default;1;3;"Job-QKDGBD(InvocationCount=1, IterationCount=10, UnrollFactor=1, WarmupCount=3)";Size=10000;1;Overhead;Actual;7;2100;1;2100
SynchronizationBenchmark.ChangeStateName;Benchmark;SynchronizationBenchmark;ChangeStateName;Job-QKDGBD;Default;Default;Default;Default;Default;Default;Default;Default;Default;Default;Default;Default;Default;Default;Default;Default;Default;Default;Default;Default;Default;Default;Default;Default;Default;Default;Default;Default;Default;Default;1;10;Default;Default;Default;Default;Default;Default;Default;Default;1;3;"Job-QKDGBD(InvocationCount=1, IterationCount=10, UnrollFactor=1, WarmupCount=3)";Size=10000;1;Overhead;Actual;8;3800;1;3800
SynchronizationBenchmark.ChangeStateName;Benchmark;SynchronizationBenchmark;ChangeStateName;Job-QKDGBD;Default;Default;Default;Default;Default;Default;Default;Default;Default;Default;Default;Default;Default;Default;Default;Default;Default;Default;Default;Default;Default;Default;Default;Default;Default;Default;Default;Default;Default;Default;1;10;Default;Default;Default;Default;Default;Default;Default;Default;1;3;"Job-QKDGBD(InvocationCount=1, IterationCount=10, UnrollFactor=1, WarmupCount=3)";Size=10000;1;Overhead;Actual;9;2000;1;2000
SynchronizationBenchmark.ChangeStateName;Benchmark;SynchronizationBenchmark;ChangeStateName;Job-QKDGBD;Default;Default;Default;Default;Default;Default;Default;Default;Default;Default;Default;Default;Default;Default;Default;Default;Default;Default;Default;Default;Default;Default;Default;Default;Default;Default;Default;Default;Default;Default;1;10;Default;Default;Default;Default;Default;Default;Default;Default;1;3;"Job-QKDGBD(InvocationCount=1, IterationCount=10, UnrollFactor=1, WarmupCount=3)";Size=10000;1;Overhead;Actual;10;2100;1;2100
SynchronizationBenchmark.ChangeStateName;Benchmark;SynchronizationBenchmark;ChangeStateName;Job-QKDGBD;Default;Default;Default;Default;Default;Default;Default;Default;Default;Default;Default;Default;Default;Default;Default;Default;Default;Default;Default;Default;Default;Default;Default;Default;Default;Default;Default;Default;Default;Default;1;10;Default;Default;Default;Default;Default;Default;Default;Default;1;3;"Job-QKDGBD(InvocationCount=1, IterationCount=10, UnrollFactor=1, WarmupCount=3)";Size=10000;1;Overhead;Actual;11;4400;1;4400
SynchronizationBenchmark.ChangeStateName;Benchmark;SynchronizationBenchmark;ChangeStateName;Job-QKDGBD;Default;Default;Default;Default;Default;Default;Default;Default;Default;Default;Default;Default;Default;Default;Default;Default;Default;Default;Default;Default;Default;Default;Default;Default;Default;Default;Default;Default;Default;Default;1;10;Default;Default;Default;Default;Default;Default;Default;Default;1;3;"Job-QKDGBD(InvocationCount=1, IterationCount=10, UnrollFactor=1, WarmupCount=3)";Size=10000;1;Overhead;Actual;12;2000;1;2000
SynchronizationBenchmark.ChangeStateName;Benchmark;SynchronizationBenchmark;ChangeStateName;Job-QKDGBD;Default;Default;Default;Default;Default;Default;Default;Default;Default;Default;Default;Default;Default;Default;Default;Default;Default;Default;Default;Default;Default;Default;Default;Default;Default;Default;Default;Default;Default;Default;1;10;Default;Default;Default;Default;Default;Default;Default;Default;1;3;"Job-QKDGBD(InvocationCount=1, IterationCount=10, UnrollFactor=1, WarmupCount=3)";Size=10000;1;Overhead;Actual;13;1700;1;1700
SynchronizationBenchmark.ChangeStateName;Benchmark;SynchronizationBenchmark;ChangeStateName;Job-QKDGBD;Default;Default;Default;Default;Default;Default;Default;Default;Default;Default;Default;Default;Default;Default;Default;Default;Default;Default;Default;Default;Default;Default;Default;Default;Default;Default;Default;Default;Default;Default;1;10;Default;Default;Default;Default;Default;Default;Default;Default;1;3;"Job-QKDGBD(InvocationCount=1, IterationCount=10, UnrollFactor=1, WarmupCount=3)";Size=10000;1;Overhead;Actual;14;2300;1;2300
SynchronizationBenchmark.ChangeStateName;Benchmark;SynchronizationBenchmark;ChangeStateName;Job-QKDGBD;Default;Default;Default;Default;Default;Default;Default;Default;Default;Default;Default;Default;Default;Default;Default;Default;Default;Default;Default;Default;Default;Default;Default;Default;Default;Default;Default;Default;Default;Default;1;10;Default;Default;Default;Default;Default;Default;Default;Default;1;3;"Job-QKDGBD(InvocationCount=1, IterationCount=10, UnrollFactor=1, WarmupCount=3)";Size=10000;1;Overhead;Actual;15;2100;1;2100
SynchronizationBenchmark.ChangeStateName;Benchmark;SynchronizationBenchmark;ChangeStateName;Job-QKDGBD;Default;Default;Default;Default;Default;Default;Default;Default;Default;Default;Default;Default;Default;Default;Default;Default;Default;Default;Default;Default;Default;Default;Default;Default;Default;Default;Default;Default;Default;Default;1;10;Default;Default;Default;Default;Default;Default;Default;Default;1;3;"Job-QKDGBD(InvocationCount=1, IterationCount=10, UnrollFactor=1, WarmupCount=3)";Size=10000;1;Overhead;Actual;16;3300;1;3300
SynchronizationBenchmark.ChangeStateName;Benchmark;SynchronizationBenchmark;ChangeStateName;Job-QKDGBD;Default;Default;Default;Default;Default;Default;Default;Default;Default;Default;Default;Default;Default;Default;Default;Default;Default;Default;Default;Default;Default;Default;Default;Default;Default;Default;Default;Default;Default;Default;1;10;Default;Default;Default;Default;Default;Default;Default;Default;1;3;"Job-QKDGBD(InvocationCount=1, IterationCount=10, UnrollFactor=1, WarmupCount=3)";Size=10000;1;Overhead;Actual;17;2300;1;2300
SynchronizationBenchmark.ChangeStateName;Benchmark;SynchronizationBenchmark;ChangeStateName;Job-QKDGBD;Default;Default;Default;Default;Default;Default;Default;Default;Default;Default;Default;Default;Default;Default;Default;Default;Default;Default;Default;Default;Default;Default;Default;Default;Default;Default;Default;Default;Default;Default;1;10;Default;Default;Default;Default;Default;Default;Default;Default;1;3;"Job-QKDGBD(InvocationCount=1, IterationCount=10, UnrollFactor=1, WarmupCount=3)";Size=10000;1;Overhead;Actual;18;2200;1;2200
SynchronizationBenchmark.ChangeStateName;Benchmark;SynchronizationBenchmark;ChangeStateName;Job-QKDGBD;Default;Default;Default;Default;Default;Default;Default;Default;Default;Default;Default;Default;Default;Default;Default;Default;Default;Default;Default;Default;Default;Default;Default;Default;Default;Default;Default;Default;Default;Default;1;10;Default;Default;Default;Default;Default;Default;Default;Default;1;3;"Job-QKDGBD(InvocationCount=1, IterationCount=10, UnrollFactor=1, WarmupCount=3)";Size=10000;1;Overhead;Actual;19;2000;1;2000
SynchronizationBenchmark.ChangeStateName;Benchmark;SynchronizationBenchmark;ChangeStateName;Job-QKDGBD;Default;Default;Default;Default;Default;Default;Default;Default;Default;Default;Default;Default;Default;Default;Default;Default;Default;Default;Default;Default;Default;Default;Default;Default;Default;Default;Default;Default;Default;Default;1;10;Default;Default;Default;Default;Default;Default;Default;Default;1;3;"Job-QKDGBD(InvocationCount=1, IterationCount=10, UnrollFactor=1, WarmupCount=3)";Size=10000;1;Overhead;Actual;20;5000;1;5000
SynchronizationBenchmark.ChangeStateName;Benchmark;SynchronizationBenchmark;ChangeStateName;Job-QKDGBD;Default;Default;Default;Default;Default;Default;Default;Default;Default;Default;Default;Default;Default;Default;Default;Default;Default;Default;Default;Default;Default;Default;Default;Default;Default;Default;Default;Default;Default;Default;1;10;Default;Default;Default;Default;Default;Default;Default;Default;1;3;"Job-QKDGBD(InvocationCount=1, IterationCount=10, UnrollFactor=1, WarmupCount=3)";Size=10000;1;Workload;Warmup;1;17193000;1;17193000
SynchronizationBenchmark.ChangeStateName;Benchmark;SynchronizationBenchmark;ChangeStateName;Job-QKDGBD;Default;Default;Default;Default;Default;Default;Default;Default;Default;Default;Default;Default;Default;Default;Default;Default;Default;Default;Default;Default;Default;Default;Default;Default;Default;Default;Default;Default;Default;Default;1;10;Default;Default;Default;Default;Default;Default;Default;Default;1;3;"Job-QKDGBD(InvocationCount=1, IterationCount=10, UnrollFactor=1, WarmupCount=3)";Size=10000;1;Workload;Warmup;2;12784300;1;12784300
SynchronizationBenchmark.ChangeStateName;Benchmark;SynchronizationBenchmark;ChangeStateName;Job-QKDGBD;Default;Default;Default;Default;Default;Default;Default;Default;Default;Default;Default;Default;Default;Default;Default;Default;Default;Default;Default;Default;Default;Default;Default;Default;Default;Default;Default;Default;Default;Default;1;10;Default;Default;Default;Default;Default;Default;Default;Default;1;3;"Job-QKDGBD(InvocationCount=1, IterationCount=10, UnrollFactor=1, WarmupCount=3)";Size=10000;1;Workload;Warmup;3;18845300;1;18845300
SynchronizationBenchmark.ChangeStateName;Benchmark;SynchronizationBenchmark;ChangeStateName;Job-QKDGBD;Default;Default;Default;Default;Default;Default;Default;Default;Default;Default;Default;Default;Default;Default;Default;Default;Default;Default;Default;Default;Default;Default;Default;Default;Default;Default;Default;Default;Default;Default;1;10;Default;Default;Default;Default;Default;Default;Default;Default;1;3;"Job-QKDGBD(InvocationCount=1, IterationCount=10, UnrollFactor=1, WarmupCount=3)";Size=10000;1;Workload;Actual;1;15795500;1;15795500
SynchronizationBenchmark.ChangeStateName;Benchmark;SynchronizationBenchmark;ChangeStateName;Job-QKDGBD;Default;Default;Default;Default;Default;Default;Default;Default;Default;Default;Default;Default;Default;Default;Default;Default;Default;Default;Default;Default;Default;Default;Default;Default;Default;Default;Default;Default;Default;Default;1;10;Default;Default;Default;Default;Default;Default;Default;Default;1;3;"Job-QKDGBD(InvocationCount=1, IterationCount=10, UnrollFactor=1, WarmupCount=3)";Size=10000;1;Workload;Actual;2;18744500;1;18744500
SynchronizationBenchmark.ChangeStateName;Benchmark;SynchronizationBenchmark;ChangeStateName;Job-QKDGBD;Default;Default;Default;Default;Default;Default;Default;Default;Default;Default;Default;Default;Default;Default;Default;Default;Default;Default;Default;Default;Default;Default;Default;Default;Default;Default;Default;Default;Default;Default;1;10;Default;Default;Default;Default;Default;Default;Default;Default;1;3;"Job-QKDGBD(InvocationCount=1, IterationCount=10, UnrollFactor=1, WarmupCount=3)";Size=10000;1;Workload;Actual;3;28173500;1;28173500
SynchronizationBenchmark.ChangeStateName;Benchmark;SynchronizationBenchmark;ChangeStateName;Job-QKDGBD;Default;Default;Default;Default;Default;Default;Default;Default;Default;Default;Default;Default;Default;Default;Default;Default;Default;Default;Default;Default;Default;Default;Default;Default;Default;Default;Default;Default;Default;Default;1;10;Default;Default;Default;Default;Default;Default;Default;Default;1;3;"Job-QKDGBD(InvocationCount=1, IterationCount=10, UnrollFactor=1, WarmupCount=3)";Size=10000;1;Workload;Actual;4;18408800;1;18408800
SynchronizationBenchmark.ChangeStateName;Benchmark;SynchronizationBenchmark;ChangeStateName;Job-QKDGBD;Default;Default;Default;Default;Default;Default;Default;Default;Default;Default;Default;Default;Default;Default;Default;Default;Default;Default;Default;Default;Default;Default;Default;Default;Default;Default;Default;Default;Default;Default;1;10;Default;Default;Default;Default;Default;Default;Default;Default;1;3;"Job-QKDGBD(InvocationCount=1, IterationCount=10, UnrollFactor=1, WarmupCount=3)";Size=10000;1;Workload;Actual;5;16465000;1;16465000
SynchronizationBenchmark.ChangeStateName;Benchmark;SynchronizationBenchmark;ChangeStateName;Job-QKDGBD;Default;Default;Default;Default;Default;Default;Default;Default;Default;Default;Default;Default;Default;Default;Default;Default;Default;Default;Default;Default;Default;Default;Default;Default;Default;Default;Default;Default;Default;Default;1;10;Default;Default;Default;Default;Default;Default;Default;Default;1;3;"Job-QKDGBD(InvocationCount=1, IterationCount=10, UnrollFactor=1, WarmupCount=3)";Size=10000;1;Workload;Actual;6;17460800;1;17460800
SynchronizationBenchmark.ChangeStateName;Benchmark;SynchronizationBenchmark;ChangeStateName;Job-QKDGBD;Default;Default;Default;Default;Default;Default;Default;Default;Default;Default;Default;Default;Default;Default;Default;Default;Default;Default;Default;Default;Default;Default;Default;Default;Default;Default;Default;Default;Default;Default;1;10;Default;Default;Default;Default;Default;Default;Default;Default;1;3;"Job-QKDGBD(InvocationCount=1, IterationCount=10, UnrollFactor=1, WarmupCount=3)";Size=10000;1;Workload;Actual;7;23600900;1;23600900
SynchronizationBenchmark.ChangeStateName;Benchmark;SynchronizationBenchmark;ChangeStateName;Job-QKDGBD;Default;Default;Default;Default;Default;Default;Default;Default;Default;Default;Default;Default;Default;Default;Default;Default;Default;Default;Default;Default;Default;Default;Default;Default;Default;Default;Default;Default;Default;Default;1;10;Default;Default;Default;Default;Default;Default;Default;Default;1;3;"Job-QKDGBD(InvocationCount=1, IterationCount=10, UnrollFactor=1, WarmupCount=3)";Size=10000;1;Workload;Actual;8;15149800;1;15149800
SynchronizationBenchmark.ChangeStateName;Benchmark;SynchronizationBenchmark;ChangeStateName;Job-QKDGBD;Default;Default;Default;Default;Default;Default;Default;Default;Default;Default;Default;Default;Default;Default;Default;Default;Default;Default;Default;Default;Default;Default;Default;Default;Default;Default;Default;Default;Default;Default;1;10;Default;Default;Default;Default;Default;Default;Default;Default;1;3;"Job-QKDGBD(InvocationCount=1, IterationCount=10, UnrollFactor=1, WarmupCount=3)";Size=10000;1;Workload;Actual;9;17339600;1;17339600
SynchronizationBenchmark.ChangeStateName;Benchmark;SynchronizationBenchmark;ChangeStateName;Job-QKDGBD;Default;Default;Default;Default;Default;Default;Default;Default;Default;Default;Default;Default;Default;Default;Default;Default;Default;Default;Default;Default;Default;Default;Default;Default;Default;Default;Default;Default;Default;Default;1;10;Default;Default;Default;Default;Default;Default;Default;Default;1;3;"Job-QKDGBD(InvocationCount=1, IterationCount=10, UnrollFactor=1, WarmupCount=3)";Size=10000;1;Workload;Actual;10;19815800;1;19815800
SynchronizationBenchmark.ChangeStateName;Benchmark;SynchronizationBenchmark;ChangeStateName;Job-QKDGBD;Default;Default;Default;Default;Default;Default;Default;Default;Default;Default;Default;Default;Default;Default;Default;Default;Default;Default;Default;Default;Default;Default;Default;Default;Default;Default;Default;Default;Default;Default;1;10;Default;Default;Default;Default;Default;Default;Default;Default;1;3;"Job-QKDGBD(InvocationCount=1, IterationCount=10, UnrollFactor=1, WarmupCount=3)";Size=10000;1;Workload;Result;1;15793350;1;15793350
SynchronizationBenchmark.ChangeStateName;Benchmark;SynchronizationBenchmark;ChangeStateName;Job-QKDGBD;Default;Default;Default;Default;Default;Default;Default;Default;Default;Default;Default;Default;Default;Default;Default;Default;Default;Default;Default;Default;Default;Default;Default;Default;Default;Default;Default;Default;Default;Default;1;10;Default;Default;Default;Default;Default;Default;Default;Default;1;3;"Job-QKDGBD(InvocationCount=1, IterationCount=10, UnrollFactor=1, WarmupCount=3)";Size=10000;1;Workload;Result;2;18742350;1;18742350
SynchronizationBenchmark.ChangeStateName;Benchmark;SynchronizationBenchmark;ChangeStateName;Job-QKDGBD;Default;Default;Default;Default;Default;Default;Default;Default;Default;Default;Default;Default;Default;Default;Default;Default;Default;Default;Default;Default;Default;Default;Default;Default;Default;Default;Default;Default;Default;Default;1;10;Default;Default;Default;Default;Default;Default;Default;Default;1;3;"Job-QKDGBD(InvocationCount=1, IterationCount=10, UnrollFactor=1, WarmupCount=3)";Size=10000;1;Workload;Result;3;18406650;1;18406650
SynchronizationBenchmark.ChangeStateName;Benchmark;SynchronizationBenchmark;ChangeStateName;Job-QKDGBD;Default;Default;Default;Default;Default;Default;Default;Default;Default;Default;Default;Default;Default;Default;Default;Default;Default;Default;Default;Default;Default;Default;Default;Default;Default;Default;Default;Default;Default;Default;1;10;Default;Default;Default;Default;Default;Default;Default;Default;1;3;"Job-QKDGBD(InvocationCount=1, IterationCount=10, UnrollFactor=1, WarmupCount=3)";Size=10000;1;Workload;Result;4;16462850;1;16462850
SynchronizationBenchmark.ChangeStateName;Benchmark;SynchronizationBenchmark;ChangeStateName;Job-QKDGBD;Default;Default;Default;Default;Default;Default;Default;Default;Default;Default;Default;Default;Default;Default;Default;Default;Default;Default;Default;Default;Default;Default;Default;Default;Default;Default;Default;Default;Default;Default;1;10;Default;Default;Default;Default;Default;Default;Default;Default;1;3;"Job-QKDGBD(InvocationCount=1, IterationCount=10, UnrollFactor=1, WarmupCount=3)";Size=10000;1;Workload;Result;5;17458650;1;17458650
SynchronizationBenchmark.ChangeStateName;Benchmark;SynchronizationBenchmark;ChangeStateName;Job-QKDGBD;Default;Default;Default;Default;Default;Default;Default;Default;Default;Default;Default;Default;Default;Default;Default;Default;Default;Default;Default;Default;Default;Default;Default;Default;Default;Default;Default;Default;Default;Default;1;10;Default;Default;Default;Default;Default;Default;Default;Default;1;3;"Job-QKDGBD(InvocationCount=1, IterationCount=10, UnrollFactor=1, WarmupCount=3)";Size=10000;1;Workload;Result;6;23598750;1;23598750
SynchronizationBenchmark.ChangeStateName;Benchmark;SynchronizationBenchmark;ChangeStateName;Job-QKDGBD;Default;Default;Default;Default;Default;Default;Default;Default;Default;Default;Default;Default;Default;Default;Default;Default;Default;Default;Default;Default;Default;Default;Default;Default;Default;Default;Default;Default;Default;Default;1;10;Default;Default;Default;Default;Default;Default;Default;Default;1;3;"Job-QKDGBD(InvocationCount=1, IterationCount=10, UnrollFactor=1, WarmupCount=3)";Size=10000;1;Workload;Result;7;15147650;1;15147650
SynchronizationBenchmark.ChangeStateName;Benchmark;SynchronizationBenchmark;ChangeStateName;Job-QKDGBD;Default;Default;Default;Default;Default;Default;Default;Default;Default;Default;Default;Default;Default;Default;Default;Default;Default;Default;Default;Default;Default;Default;Default;Default;Default;Default;Default;Default;Default;Default;1;10;Default;Default;Default;Default;Default;Default;Default;Default;1;3;"Job-QKDGBD(InvocationCount=1, IterationCount=10, UnrollFactor=1, WarmupCount=3)";Size=10000;1;Workload;Result;8;17337450;1;17337450
SynchronizationBenchmark.ChangeStateName;Benchmark;SynchronizationBenchmark;ChangeStateName;Job-QKDGBD;Default;Default;Default;Default;Default;Default;Default;Default;Default;Default;Default;Default;Default;Default;Default;Default;Default;Default;Default;Default;Default;Default;Default;Default;Default;Default;Default;Default;Default;Default;1;10;Default;Default;Default;Default;Default;Default;Default;Default;1;3;"Job-QKDGBD(InvocationCount=1, IterationCount=10, UnrollFactor=1, WarmupCount=3)";Size=10000;1;Workload;Result;9;19813650;1;19813650
SynchronizationBenchmark.RemoveTransition;Benchmark;SynchronizationBenchmark;RemoveTransition;Job-QKDGBD;Default;Default;Default;Default;Default;Default;Default;Default;Default;Default;Default;Default;Default;Default;Default;Default;Default;Default;Default;Default;Default;Default;Default;Default;Default;Default;Default;Default;Default;Default;1;10;Default;Default;Default;Default;Default;Default;Default;Default;1;3;"Job-QKDGBD(InvocationCount=1, IterationCount=10, UnrollFactor=1, WarmupCount=3)";Size=10000;1;Overhead;Jitting;1;115200;1;115200
SynchronizationBenchmark.RemoveTransition;Benchmark;SynchronizationBenchmark;RemoveTransition;Job-QKDGBD;Default;Default;Default;Default;Default;Default;Default;Default;Default;Default;Default;Default;Default;Default;Default;Default;Default;Default;Default;Default;Default;Default;Default;Default;Default;Default;Default;Default;Default;Default;1;10;Default;Default;Default;Default;Default;Default;Default;Default;1;3;"Job-QKDGBD(InvocationCount=1, IterationCount=10, UnrollFactor=1, WarmupCount=3)";Size=10000;1;Workload;Jitting;1;208187300;1;208187300
SynchronizationBenchmark.RemoveTransition;Benchmark;SynchronizationBenchmark;RemoveTransition;Job-QKDGBD;Default;Default;Default;Default;Default;Default;Default;Default;Default;Default;Default;Default;Default;Default;Default;Default;Default;Default;Default;Default;Default;Default;Default;Default;Default;Default;Default;Default;Default;Default;1;10;Default;Default;Default;Default;Default;Default;Default;Default;1;3;"Job-QKDGBD(InvocationCount=1, IterationCount=10, UnrollFactor=1, WarmupCount=3)";Size=10000;1;Overhead;Warmup;1;1500;1;1500
SynchronizationBenchmark.RemoveTransition;Benchmark;SynchronizationBenchmark;RemoveTransition;Job-QKDGBD;Default;Default;Default;Default;Default;Default;Default;Default;Default;Default;Default;Default;Default;Default;Default;Default;Default;Default;Default;Default;Default;Default;Default;Default;Default;Default;Default;Default;Default;Default;1;10;Default;Default;Default;Default;Default;Default;Default;Default;1;3;"Job-QKDGBD(InvocationCount=1, IterationCount=10, UnrollFactor=1, WarmupCount=3)";Size=10000;1;Overhead;Warmup;2;1800;1;1800
SynchronizationBenchmark.RemoveTransition;Benchmark;SynchronizationBenchmark;RemoveTransition;Job-QKDGBD;Default;Default;Default;Default;Default;Default;Default;Default;Default;Default;Default;Default;Default;Default;Default;Default;Default;Default;Default;Default;Default;Default;Default;Default;Default;Default;Default;Default;Default;Default;1;10;Default;Default;Default;Default;Default;Default;Default;Default;1;3;"Job-QKDGBD(InvocationCount=1, IterationCount=10, UnrollFactor=1, WarmupCount=3)";Size=10000;1;Overhead;Warmup;3;1900;1;1900
SynchronizationBenchmark.RemoveTransition;Benchmark;SynchronizationBenchmark;RemoveTransition;Job-QKDGBD;Default;Default;Default;Default;Default;Default;Default;Default;Default;Default;Default;Default;Default;Default;Default;Default;Default;Default;Default;Default;Default;Default;Default;Default;Default;Default;Default;Default;Default;Default;1;10;Default;Default;Default;Default;Default;Default;Default;Default;1;3;"Job-QKDGBD(InvocationCount=1, IterationCount=10, UnrollFactor=1, WarmupCount=3)";Size=10000;1;Overhead;Warmup;4;2000;1;2000
SynchronizationBenchmark.RemoveTransition;Benchmark;SynchronizationBenchmark;RemoveTransition;Job-QKDGBD;Default;Default;Default;Default;Default;Default;Default;Default;Default;Default;Default;Default;Default;Default;Default;Default;Default;Default;Default;Default;Default;Default;Default;Default;Default;Default;Default;Default;Default;Default;1;10;Default;Default;Default;Default;Default;Default;Default;Default;1;3;"Job-QKDGBD(InvocationCount=1, IterationCount=10, UnrollFactor=1, WarmupCount=3)";Size=10000;1;Overhead;Warmup;5;1700;1;1700
SynchronizationBenchmark.RemoveTransition;Benchmark;SynchronizationBenchmark;RemoveTransition;Job-QKDGBD;Default;Default;Default;Default;Default;Default;Default;Default;Default;Default;Default;Default;Default;Default;Default;Default;Default;Default;Default;Default;Default;Default;Default;Default;Default;Default;Default;Default;Default;Default;1;10;Default;Default;Default;Default;Default;Default;Default;Default;1;3;"Job-QKDGBD(InvocationCount=1, IterationCount=10, UnrollFactor=1, WarmupCount=3)";Size=10000;1;Overhead;Warmup;6;3100;1;3100
SynchronizationBenchmark.RemoveTransition;Benchmark;SynchronizationBenchmark;RemoveTransition;Job-QKDGBD;Default;Default;Default;Default;Default;Default;Default;Default;Default;Default;Default;Default;Default;Default;Default;Default;Default;Default;Default;Default;Default;Default;Default;Default;Default;Default;Default;Default;Default;Default;1;10;Default;Default;Default;Default;Default;Default;Default;Default;1;3;"Job-QKDGBD(InvocationCount=1, IterationCount=10, UnrollFactor=1, WarmupCount=3)";Size=10000;1;Overhead;Warmup;7;5000;1;5000
SynchronizationBenchmark.RemoveTransition;Benchmark;SynchronizationBenchmark;RemoveTransition;Job-QKDGBD;Default;Default;Default;Default;Default;Default;Default;Default;Default;Default;Default;Default;Default;Default;Default;Default;Default;Default;Default;Default;Default;Default;Default;Default;Default;Default;Default;Default;Default;Default;1;10;Default;Default;Default;Default;Default;Default;Default;Default;1;3;"Job-QKDGBD(InvocationCount=1, IterationCount=10, UnrollFactor=1, WarmupCount=3)";Size=10000;1;Overhead;Warmup;8;1600;1;1600
SynchronizationBenchmark.RemoveTransition;Benchmark;SynchronizationBenchmark;RemoveTransition;Job-QKDGBD;Default;Default;Default;Default;Default;Default;Default;Default;Default;Default;Default;Default;Default;Default;Default;Default;Default;Default;Default;Default;Default;Default;Default;Default;Default;Default;Default;Default;Default;Default;1;10;Default;Default;Default;Default;Default;Default;Default;Default;1;3;"Job-QKDGBD(InvocationCount=1, IterationCount=10, UnrollFactor=1, WarmupCount=3)";Size=10000;1;Overhead;Actual;1;1500;1;1500
SynchronizationBenchmark.RemoveTransition;Benchmark;SynchronizationBenchmark;RemoveTransition;Job-QKDGBD;Default;Default;Default;Default;Default;Default;Default;Default;Default;Default;Default;Default;Default;Default;Default;Default;Default;Default;Default;Default;Default;Default;Default;Default;Default;Default;Default;Default;Default;Default;1;10;Default;Default;Default;Default;Default;Default;Default;Default;1;3;"Job-QKDGBD(InvocationCount=1, IterationCount=10, UnrollFactor=1, WarmupCount=3)";Size=10000;1;Overhead;Actual;2;1500;1;1500
SynchronizationBenchmark.RemoveTransition;Benchmark;SynchronizationBenchmark;RemoveTransition;Job-QKDGBD;Default;Default;Default;Default;Default;Default;Default;Default;Default;Default;Default;Default;Default;Default;Default;Default;Default;Default;Default;Default;Default;Default;Default;Default;Default;Default;Default;Default;Default;Default;1;10;Default;Default;Default;Default;Default;Default;Default;Default;1;3;"Job-QKDGBD(InvocationCount=1, IterationCount=10, UnrollFactor=1, WarmupCount=3)";Size=10000;1;Overhead;Actual;3;1700;1;1700
SynchronizationBenchmark.RemoveTransition;Benchmark;SynchronizationBenchmark;RemoveTransition;Job-QKDGBD;Default;Default;Default;Default;Default;Default;Default;Default;Default;Default;Default;Default;Default;Default;Default;Default;Default;Default;Default;Default;Default;Default;Default;Default;Default;Default;Default;Default;Default;Default;1;10;Default;Default;Default;Default;Default;Default;Default;Default;1;3;"Job-QKDGBD(InvocationCount=1, IterationCount=10, UnrollFactor=1, WarmupCount=3)";Size=10000;1;Overhead;Actual;4;4200;1;4200
SynchronizationBenchmark.RemoveTransition;Benchmark;SynchronizationBenchmark;RemoveTransition;Job-QKDGBD;Default;Default;Default;Default;Default;Default;Default;Default;Default;Default;Default;Default;Default;Default;Default;Default;Default;Default;Default;Default;Default;Default;Default;Default;Default;Default;Default;Default;Default;Default;1;10;Default;Default;Default;Default;Default;Default;Default;Default;1;3;"Job-QKDGBD(InvocationCount=1, IterationCount=10, UnrollFactor=1, WarmupCount=3)";Size=10000;1;Overhead;Actual;5;1600;1;1600
SynchronizationBenchmark.RemoveTransition;Benchmark;SynchronizationBenchmark;RemoveTransition;Job-QKDGBD;Default;Default;Default;Default;Default;Default;Default;Default;Default;Default;Default;Default;Default;Default;Default;Default;Default;Default;Default;Default;Default;Default;Default;Default;Default;Default;Default;Default;Default;Default;1;10;Default;Default;Default;Default;Default;Default;Default;Default;1;3;"Job-QKDGBD(InvocationCount=1, IterationCount=10, UnrollFactor=1, WarmupCount=3)";Size=10000;1;Overhead;Actual;6;4200;1;4200
SynchronizationBenchmark.RemoveTransition;Benchmark;SynchronizationBenchmark;RemoveTransition;Job-QKDGBD;Default;Default;Default;Default;Default;Default;Default;Default;Default;Default;Default;Default;Default;Default;Default;Default;Default;Default;Default;Default;Default;Default;Default;Default;Default;Default;Default;Default;Default;Default;1;10;Default;Default;Default;Default;Default;Default;Default;Default;1;3;"Job-QKDGBD(InvocationCount=1, IterationCount=10, UnrollFactor=1, WarmupCount=3)";Size=10000;1;Overhead;Actual;7;5000;1;5000
SynchronizationBenchmark.RemoveTransition;Benchmark;SynchronizationBenchmark;RemoveTransition;Job-QKDGBD;Default;Default;Default;Default;Default;Default;Default;Default;Default;Default;Default;Default;Default;Default;Default;Default;Default;Default;Default;Default;Default;Default;Default;Default;Default;Default;Default;Default;Default;Default;1;10;Default;Default;Default;Default;Default;Default;Default;Default;1;3;"Job-QKDGBD(InvocationCount=1, IterationCount=10, UnrollFactor=1, WarmupCount=3)";Size=10000;1;Overhead;Actual;8;2300;1;2300
SynchronizationBenchmark.RemoveTransition;Benchmark;SynchronizationBenchmark;RemoveTransition;Job-QKDGBD;Default;Default;Default;Default;Default;Default;Default;Default;Default;Default;Default;Default;Default;Default;Default;Default;Default;Default;Default;Default;Default;Default;Default;Default;Default;Default;Default;Default;Default;Default;1;10;Default;Default;Default;Default;Default;Default;Default;Default;1;3;"Job-QKDGBD(InvocationCount=1, IterationCount=10, UnrollFactor=1, WarmupCount=3)";Size=10000;1;Overhead;Actual;9;2200;1;2200
SynchronizationBenchmark.RemoveTransition;Benchmark;SynchronizationBenchmark;RemoveTransition;Job-QKDGBD;Default;Default;Default;Default;Default;Default;Default;Default;Default;Default;Default;Default;Default;Default;Default;Default;Default;Default;Default;Default;Default;Default;Default;Default;Default;Default;Default;Default;Default;Default;1;10;Default;Default;Default;Default;Default;Default;Default;Default;1;3;"Job-QKDGBD(InvocationCount=1, IterationCount=10, UnrollFactor=1, WarmupCount=3)";Size=10000;1;Overhead;Actual;10;3100;1;3100
SynchronizationBenchmark.RemoveTransition;Benchmark;SynchronizationBenchmark;RemoveTransition;Job-QKDGBD;Default;Default;Default;Default;Default;Default;Default;Default;Default;Default;Default;Default;Default;Default;Default;Default;Default;Default;Default;Default;Default;Default;Default;Default;Default;Default;Default;Default;Default;Default;1;10;Default;Default;Default;Default;Default;Default;Default;Default;1;3;"Job-QKDGBD(InvocationCount=1, IterationCount=10, UnrollFactor=1, WarmupCount=3)";Size=10000;1;Overhead;Actual;11;2400;1;2400
SynchronizationBenchmark.RemoveTransition;Benchmark;SynchronizationBenchmark;RemoveTransition;Job-QKDGBD;Default;Default;Default;Default;Default;Default;Default;Default;Default;Default;Default;Default;Default;Default;Default;Default;Default;Default;Default;Default;Default;Default;Default;Default;Default;Default;Default;Default;Default;Default;1;10;Default;Default;Default;Default;Default;Default;Default;Default;1;3;"Job-QKDGBD(InvocationCount=1, IterationCount=10, UnrollFactor=1, WarmupCount=3)";Size=10000;1;Overhead;Actual;12;1900;1;1900
SynchronizationBenchmark.RemoveTransition;Benchmark;SynchronizationBenchmark;RemoveTransition;Job-QKDGBD;Default;Default;Default;Default;Default;Default;Default;Default;Default;Default;Default;Default;Default;Default;Default;Default;Default;Default;Default;Default;Default;Default;Default;Default;Default;Default;Default;Default;Default;Default;1;10;Default;Default;Default;Default;Default;Default;Default;Default;1;3;"Job-QKDGBD(InvocationCount=1, IterationCount=10, UnrollFactor=1, WarmupCount=3)";Size=10000;1;Overhead;Actual;13;1700;1;1700
SynchronizationBenchmark.RemoveTransition;Benchmark;SynchronizationBenchmark;RemoveTransition;Job-QKDGBD;Default;Default;Default;Default;Default;Default;Default;Default;Default;Default;Default;Default;Default;Default;Default;Default;Default;Default;Default;Default;Default;Default;Default;Default;Default;Default;Default;Default;Default;Default;1;10;Default;Default;Default;Default;Default;Default;Default;Default;1;3;"Job-QKDGBD(InvocationCount=1, IterationCount=10, UnrollFactor=1, WarmupCount=3)";Size=10000;1;Overhead;Actual;14;1900;1;1900
SynchronizationBenchmark.RemoveTransition;Benchmark;SynchronizationBenchmark;RemoveTransition;Job-QKDGBD;Default;Default;Default;Default;Default;Default;Default;Default;Default;Default;Default;Default;Default;Default;Default;Default;Default;Default;Default;Default;Default;Default;Default;Default;Default;Default;Default;Default;Default;Default;1;10;Default;Default;Default;Default;Default;Default;Default;Default;1;3;"Job-QKDGBD(InvocationCount=1, IterationCount=10, UnrollFactor=1, WarmupCount=3)";Size=10000;1;Overhead;Actual;15;3200;1;3200
SynchronizationBenchmark.RemoveTransition;Benchmark;SynchronizationBenchmark;RemoveTransition;Job-QKDGBD;Default;Default;Default;Default;Default;Default;Default;Default;Default;Default;Default;Default;Default;Default;Default;Default;Default;Default;Default;Default;Default;Default;Default;Default;Default;Default;Default;Default;Default;Default;1;10;Default;Default;Default;Default;Default;Default;Default;Default;1;3;"Job-QKDGBD(InvocationCount=1, IterationCount=10, UnrollFactor=1, WarmupCount=3)";Size=10000;1;Overhead;Actual;16;3600;1;3600
SynchronizationBenchmark.RemoveTransition;Benchmark;SynchronizationBenchmark;RemoveTransition;Job-QKDGBD;Default;Default;Default;Default;Default;Default;Default;Default;Default;Default;Default;Default;Default;Default;Default;Default;Default;Default;Default;Default;Default;Default;Default;Default;Default;Default;Default;Default;Default;Default;1;10;Default;Default;Default;Default;Default;Default;Default;Default;1;3;"Job-QKDGBD(InvocationCount=1, IterationCount=10, UnrollFactor=1, WarmupCount=3)";Size=10000;1;Overhead;Actual;17;3000;1;3000
SynchronizationBenchmark.RemoveTransition;Benchmark;SynchronizationBenchmark;RemoveTransition;Job-QKDGBD;Default;Default;Default;Default;Default;Default;Default;Default;Default;Default;Default;Default;Default;Default;Default;Default;Default;Default;Default;Default;Default;Default;Default;Default;Default;Default;Default;Default;Default;Default;1;10;Default;Default;Default;Default;Default;Default;Default;Default;1;3;"Job-QKDGBD(InvocationCount=1, IterationCount=10, UnrollFactor=1, WarmupCount=3)";Size=10000;1;Overhead;Actual;18;5900;1;5900
SynchronizationBenchmark.RemoveTransition;Benchmark;SynchronizationBenchmark;RemoveTransition;Job-QKDGBD;Default;Default;Default;Default;Default;Default;Default;Default;Default;Default;Default;Default;Default;Default;Default;Default;Default;Default;Default;Default;Default;Default;Default;Default;Default;Default;Default;Default;Default;Default;1;10;Default;Default;Default;Default;Default;Default;Default;Default;1;3;"Job-QKDGBD(InvocationCount=1, IterationCount=10, UnrollFactor=1, WarmupCount=3)";Size=10000;1;Overhead;Actual;19;3200;1;3200
SynchronizationBenchmark.RemoveTransition;Benchmark;SynchronizationBenchmark;RemoveTransition;Job-QKDGBD;Default;Default;Default;Default;Default;Default;Default;Default;Default;Default;Default;Default;Default;Default;Default;Default;Default;Default;Default;Default;Default;Default;Default;Default;Default;Default;Default;Default;Default;Default;1;10;Default;Default;Default;Default;Default;Default;Default;Default;1;3;"Job-QKDGBD(InvocationCount=1, IterationCount=10, UnrollFactor=1, WarmupCount=3)";Size=10000;1;Overhead;Actual;20;4100;1;4100
SynchronizationBenchmark.RemoveTransition;Benchmark;SynchronizationBenchmark;RemoveTransition;Job-QKDGBD;Default;Default;Default;Default;Default;Default;Default;Default;Default;Default;Default;Default;Default;Default;Default;Default;Default;Default;Default;Default;Default;Default;Default;Default;Default;Default;Default;Default;Default;Default;1;10;Default;Default;Default;Default;Default;Default;Default;Default;1;3;"Job-QKDGBD(InvocationCount=1, IterationCount=10, UnrollFactor=1, WarmupCount=3)";Size=10000;1;Workload;Warmup;1;68795200;1;68795200
SynchronizationBenchmark.RemoveTransition;Benchmark;SynchronizationBenchmark;RemoveTransition;Job-QKDGBD;Default;Default;Default;Default;Default;Default;Default;Default;Default;Default;Default;Default;Default;Default;Default;Default;Default;Default;Default;Default;Default;Default;Default;Default;Default;Default;Default;Default;Default;Default;1;10;Default;Default;Default;Default;Default;Default;Default;Default;1;3;"Job-QKDGBD(InvocationCount=1, IterationCount=10, UnrollFactor=1, WarmupCount=3)";Size=10000;1;Workload;Warmup;2;65868600;1;65868600
SynchronizationBenchmark.RemoveTransition;Benchmark;SynchronizationBenchmark;RemoveTransition;Job-QKDGBD;Default;Default;Default;Default;Default;Default;Default;Default;Default;Default;Default;Default;Default;Default;Default;Default;Default;Default;Default;Default;Default;Default;Default;Default;Default;Default;Default;Default;Default;Default;1;10;Default;Default;Default;Default;Default;Default;Default;Default;1;3;"Job-QKDGBD(InvocationCount=1, IterationCount=10, UnrollFactor=1, WarmupCount=3)";Size=10000;1;Workload;Warmup;3;65509700;1;65509700
SynchronizationBenchmark.RemoveTransition;Benchmark;SynchronizationBenchmark;RemoveTransition;Job-QKDGBD;Default;Default;Default;Default;Default;Default;Default;Default;Default;Default;Default;Default;Default;Default;Default;Default;Default;Default;Default;Default;Default;Default;Default;Default;Default;Default;Default;Default;Default;Default;1;10;Default;Default;Default;Default;Default;Default;Default;Default;1;3;"Job-QKDGBD(InvocationCount=1, IterationCount=10, UnrollFactor=1, WarmupCount=3)";Size=10000;1;Workload;Actual;1;75711500;1;75711500
SynchronizationBenchmark.RemoveTransition;Benchmark;SynchronizationBenchmark;RemoveTransition;Job-QKDGBD;Default;Default;Default;Default;Default;Default;Default;Default;Default;Default;Default;Default;Default;Default;Default;Default;Default;Default;Default;Default;Default;Default;Default;Default;Default;Default;Default;Default;Default;Default;1;10;Default;Default;Default;Default;Default;Default;Default;Default;1;3;"Job-QKDGBD(InvocationCount=1, IterationCount=10, UnrollFactor=1, WarmupCount=3)";Size=10000;1;Workload;Actual;2;68569400;1;68569400
SynchronizationBenchmark.RemoveTransition;Benchmark;SynchronizationBenchmark;RemoveTransition;Job-QKDGBD;Default;Default;Default;Default;Default;Default;Default;Default;Default;Default;Default;Default;Default;Default;Default;Default;Default;Default;Default;Default;Default;Default;Default;Default;Default;Default;Default;Default;Default;Default;1;10;Default;Default;Default;Default;Default;Default;Default;Default;1;3;"Job-QKDGBD(InvocationCount=1, IterationCount=10, UnrollFactor=1, WarmupCount=3)";Size=10000;1;Workload;Actual;3;71342100;1;71342100
SynchronizationBenchmark.RemoveTransition;Benchmark;SynchronizationBenchmark;RemoveTransition;Job-QKDGBD;Default;Default;Default;Default;Default;Default;Default;Default;Default;Default;Default;Default;Default;Default;Default;Default;Default;Default;Default;Default;Default;Default;Default;Default;Default;Default;Default;Default;Default;Default;1;10;Default;Default;Default;Default;Default;Default;Default;Default;1;3;"Job-QKDGBD(InvocationCount=1, IterationCount=10, UnrollFactor=1, WarmupCount=3)";Size=10000;1;Workload;Actual;4;72462800;1;72462800
SynchronizationBenchmark.RemoveTransition;Benchmark;SynchronizationBenchmark;RemoveTransition;Job-QKDGBD;Default;Default;Default;Default;Default;Default;Default;Default;Default;Default;Default;Default;Default;Default;Default;Default;Default;Default;Default;Default;Default;Default;Default;Default;Default;Default;Default;Default;Default;Default;1;10;Default;Default;Default;Default;Default;Default;Default;Default;1;3;"Job-QKDGBD(InvocationCount=1, IterationCount=10, UnrollFactor=1, WarmupCount=3)";Size=10000;1;Workload;Actual;5;72442600;1;72442600
SynchronizationBenchmark.RemoveTransition;Benchmark;SynchronizationBenchmark;RemoveTransition;Job-QKDGBD;Default;Default;Default;Default;Default;Default;Default;Default;Default;Default;Default;Default;Default;Default;Default;Default;Default;Default;Default;Default;Default;Default;Default;Default;Default;Default;Default;Default;Default;Default;1;10;Default;Default;Default;Default;Default;Default;Default;Default;1;3;"Job-QKDGBD(InvocationCount=1, IterationCount=10, UnrollFactor=1, WarmupCount=3)";Size=10000;1;Workload;Actual;6;72232100;1;72232100
SynchronizationBenchmark.RemoveTransition;Benchmark;SynchronizationBenchmark;RemoveTransition;Job-QKDGBD;Default;Default;Default;Default;Default;Default;Default;Default;Default;Default;Default;Default;Default;Default;Default;Default;Default;Default;Default;Default;Default;Default;Default;Default;Default;Default;Default;Default;Default;Default;1;10;Default;Default;Default;Default;Default;Default;Default;Default;1;3;"Job-QKDGBD(InvocationCount=1, IterationCount=10, UnrollFactor=1, WarmupCount=3)";Size=10000;1;Workload;Actual;7;72416500;1;72416500
SynchronizationBenchmark.RemoveTransition;Benchmark;SynchronizationBenchmark;RemoveTransition;Job-QKDGBD;Default;Default;Default;Default;Default;Default;Default;Default;Default;Default;Default;Default;Default;Default;Default;Default;Default;Default;Default;Default;Default;Default;Default;Default;Default;Default;Default;Default;Default;Default;1;10;Default;Default;Default;Default;Default;Default;Default;Default;1;3;"Job-QKDGBD(InvocationCount=1, IterationCount=10, UnrollFactor=1, WarmupCount=3)";Size=10000;1;Workload;Actual;8;71186300;1;71186300
SynchronizationBenchmark.RemoveTransition;Benchmark;SynchronizationBenchmark;RemoveTransition;Job-QKDGBD;Default;Default;Default;Default;Default;Default;Default;Default;Default;Default;Default;Default;Default;Default;Default;Default;Default;Default;Default;Default;Default;Default;Default;Default;Default;Default;Default;Default;Default;Default;1;10;Default;Default;Default;Default;Default;Default;Default;Default;1;3;"Job-QKDGBD(InvocationCount=1, IterationCount=10, UnrollFactor=1, WarmupCount=3)";Size=10000;1;Workload;Actual;9;69825800;1;69825800
SynchronizationBenchmark.RemoveTransition;Benchmark;SynchronizationBenchmark;RemoveTransition;Job-QKDGBD;Default;Default;Default;Default;Default;Default;Default;Default;Default;Default;Default;Default;Default;Default;Default;Default;Default;Default;Default;Default;Default;Default;Default;Default;Default;Default;Default;Default;Default;Default;1;10;Default;Default;Default;Default;Default;Default;Default;Default;1;3;"Job-QKDGBD(InvocationCount=1, IterationCount=10, UnrollFactor=1, WarmupCount=3)";Size=10000;1;Workload;Actual;10;70923800;1;70923800
SynchronizationBenchmark.RemoveTransition;Benchmark;SynchronizationBenchmark;RemoveTransition;Job-QKDGBD;Default;Default;Default;Default;Default;Default;Default;Default;Default;Default;Default;Default;Default;Default;Default;Default;Default;Default;Default;Default;Default;Default;Default;Default;Default;Default;Default;Default;Default;Default;1;10;Default;Default;Default;Default;Default;Default;Default;Default;1;3;"Job-QKDGBD(InvocationCount=1, IterationCount=10, UnrollFactor=1, WarmupCount=3)";Size=10000;1;Workload;Result;1;68566700;1;68566700
SynchronizationBenchmark.RemoveTransition;Benchmark;SynchronizationBenchmark;RemoveTransition;Job-QKDGBD;Default;Default;Default;Default;Default;Default;Default;Default;Default;Default;Default;Default;Default;Default;Default;Default;Default;Default;Default;Default;Default;Default;Default;Default;Default;Default;Default;Default;Default;Default;1;10;Default;Default;Default;Default;Default;Default;Default;Default;1;3;"Job-QKDGBD(InvocationCount=1, IterationCount=10, UnrollFactor=1, WarmupCount=3)";Size=10000;1;Workload;Result;2;71339400;1;71339400
SynchronizationBenchmark.RemoveTransition;Benchmark;SynchronizationBenchmark;RemoveTransition;Job-QKDGBD;Default;Default;Default;Default;Default;Default;Default;Default;Default;Default;Default;Default;Default;Default;Default;Default;Default;Default;Default;Default;Default;Default;Default;Default;Default;Default;Default;Default;Default;Default;1;10;Default;Default;Default;Default;Default;Default;Default;Default;1;3;"Job-QKDGBD(InvocationCount=1, IterationCount=10, UnrollFactor=1, WarmupCount=3)";Size=10000;1;Workload;Result;3;72460100;1;72460100
SynchronizationBenchmark.RemoveTransition;Benchmark;SynchronizationBenchmark;RemoveTransition;Job-QKDGBD;Default;Default;Default;Default;Default;Default;Default;Default;Default;Default;Default;Default;Default;Default;Default;Default;Default;Default;Default;Default;Default;Default;Default;Default;Default;Default;Default;Default;Default;Default;1;10;Default;Default;Default;Default;Default;Default;Default;Default;1;3;"Job-QKDGBD(InvocationCount=1, IterationCount=10, UnrollFactor=1, WarmupCount=3)";Size=10000;1;Workload;Result;4;72439900;1;72439900
SynchronizationBenchmark.RemoveTransition;Benchmark;SynchronizationBenchmark;RemoveTransition;Job-QKDGBD;Default;Default;Default;Default;Default;Default;Default;Default;Default;Default;Default;Default;Default;Default;Default;Default;Default;Default;Default;Default;Default;Default;Default;Default;Default;Default;Default;Default;Default;Default;1;10;Default;Default;Default;Default;Default;Default;Default;Default;1;3;"Job-QKDGBD(InvocationCount=1, IterationCount=10, UnrollFactor=1, WarmupCount=3)";Size=10000;1;Workload;Result;5;72229400;1;72229400
SynchronizationBenchmark.RemoveTransition;Benchmark;SynchronizationBenchmark;RemoveTransition;Job-QKDGBD;Default;Default;Default;Default;Default;Default;Default;Default;Default;Default;Default;Default;Default;Default;Default;Default;Default;Default;Default;Default;Default;Default;Default;Default;Default;Default;Default;Default;Default;Default;1;10;Default;Default;Default;Default;Default;Default;Default;Default;1;3;"Job-QKDGBD(InvocationCount=1, IterationCount=10, UnrollFactor=1, WarmupCount=3)";Size=10000;1;Workload;Result;6;72413800;1;72413800
SynchronizationBenchmark.RemoveTransition;Benchmark;SynchronizationBenchmark;RemoveTransition;Job-QKDGBD;Default;Default;Default;Default;Default;Default;Default;Default;Default;Default;Default;Default;Default;Default;Default;Default;Default;Default;Default;Default;Default;Default;Default;Default;Default;Default;Default;Default;Default;Default;1;10;Default;Default;Default;Default;Default;Default;Default;Default;1;3;"Job-QKDGBD(InvocationCount=1, IterationCount=10, UnrollFactor=1, WarmupCount=3)";Size=10000;1;Workload;Result;7;71183600;1;71183600
SynchronizationBenchmark.RemoveTransition;Benchmark;SynchronizationBenchmark;RemoveTransition;Job-QKDGBD;Default;Default;Default;Default;Default;Default;Default;Default;Default;Default;Default;Default;Default;Default;Default;Default;Default;Default;Default;Default;Default;Default;Default;Default;Default;Default;Default;Default;Default;Default;1;10;Default;Default;Default;Default;Default;Default;Default;Default;1;3;"Job-QKDGBD(InvocationCount=1, IterationCount=10, UnrollFactor=1, WarmupCount=3)";Size=10000;1;Workload;Result;8;69823100;1;69823100
SynchronizationBenchmark.RemoveTransition;Benchmark;SynchronizationBenchmark;RemoveTransition;Job-QKDGBD;Default;Default;Default;Default;Default;Default;Default;Default;Default;Default;Default;Default;Default;Default;Default;Default;Default;Default;Default;Default;Default;Default;Default;Default;Default;Default;Default;Default;Default;Default;1;10;Default;Default;Default;Default;Default;Default;Default;Default;1;3;"Job-QKDGBD(InvocationCount=1, IterationCount=10, UnrollFactor=1, WarmupCount=3)";Size=10000;1;Workload;Result;9;70921100;1;70921100
SynchronizationBenchmark.SetStateAsInitial;Benchmark;SynchronizationBenchmark;SetStateAsInitial;Job-QKDGBD;Default;Default;Default;Default;Default;Default;Default;Default;Default;Default;Default;Default;Default;Default;Default;Default;Default;Default;Default;Default;Default;Default;Default;Default;Default;Default;Default;Default;Default;Default;1;10;Default;Default;Default;Default;Default;Default;Default;Default;1;3;"Job-QKDGBD(InvocationCount=1, IterationCount=10, UnrollFactor=1, WarmupCount=3)";Size=10000;1;Overhead;Jitting;1;167800;1;167800
SynchronizationBenchmark.SetStateAsInitial;Benchmark;SynchronizationBenchmark;SetStateAsInitial;Job-QKDGBD;Default;Default;Default;Default;Default;Default;Default;Default;Default;Default;Default;Default;Default;Default;Default;Default;Default;Default;Default;Default;Default;Default;Default;Default;Default;Default;Default;Default;Default;Default;1;10;Default;Default;Default;Default;Default;Default;Default;Default;1;3;"Job-QKDGBD(InvocationCount=1, IterationCount=10, UnrollFactor=1, WarmupCount=3)";Size=10000;1;Workload;Jitting;1;189145800;1;189145800
SynchronizationBenchmark.SetStateAsInitial;Benchmark;SynchronizationBenchmark;SetStateAsInitial;Job-QKDGBD;Default;Default;Default;Default;Default;Default;Default;Default;Default;Default;Default;Default;Default;Default;Default;Default;Default;Default;Default;Default;Default;Default;Default;Default;Default;Default;Default;Default;Default;Default;1;10;Default;Default;Default;Default;Default;Default;Default;Default;1;3;"Job-QKDGBD(InvocationCount=1, IterationCount=10, UnrollFactor=1, WarmupCount=3)";Size=10000;1;Overhead;Warmup;1;3300;1;3300
SynchronizationBenchmark.SetStateAsInitial;Benchmark;SynchronizationBenchmark;SetStateAsInitial;Job-QKDGBD;Default;Default;Default;Default;Default;Default;Default;Default;Default;Default;Default;Default;Default;Default;Default;Default;Default;Default;Default;Default;Default;Default;Default;Default;Default;Default;Default;Default;Default;Default;1;10;Default;Default;Default;Default;Default;Default;Default;Default;1;3;"Job-QKDGBD(InvocationCount=1, IterationCount=10, UnrollFactor=1, WarmupCount=3)";Size=10000;1;Overhead;Warmup;2;2100;1;2100
SynchronizationBenchmark.SetStateAsInitial;Benchmark;SynchronizationBenchmark;SetStateAsInitial;Job-QKDGBD;Default;Default;Default;Default;Default;Default;Default;Default;Default;Default;Default;Default;Default;Default;Default;Default;Default;Default;Default;Default;Default;Default;Default;Default;Default;Default;Default;Default;Default;Default;1;10;Default;Default;Default;Default;Default;Default;Default;Default;1;3;"Job-QKDGBD(InvocationCount=1, IterationCount=10, UnrollFactor=1, WarmupCount=3)";Size=10000;1;Overhead;Warmup;3;3700;1;3700
SynchronizationBenchmark.SetStateAsInitial;Benchmark;SynchronizationBenchmark;SetStateAsInitial;Job-QKDGBD;Default;Default;Default;Default;Default;Default;Default;Default;Default;Default;Default;Default;Default;Default;Default;Default;Default;Default;Default;Default;Default;Default;Default;Default;Default;Default;Default;Default;Default;Default;1;10;Default;Default;Default;Default;Default;Default;Default;Default;1;3;"Job-QKDGBD(InvocationCount=1, IterationCount=10, UnrollFactor=1, WarmupCount=3)";Size=10000;1;Overhead;Warmup;4;3400;1;3400
SynchronizationBenchmark.SetStateAsInitial;Benchmark;SynchronizationBenchmark;SetStateAsInitial;Job-QKDGBD;Default;Default;Default;Default;Default;Default;Default;Default;Default;Default;Default;Default;Default;Default;Default;Default;Default;Default;Default;Default;Default;Default;Default;Default;Default;Default;Default;Default;Default;Default;1;10;Default;Default;Default;Default;Default;Default;Default;Default;1;3;"Job-QKDGBD(InvocationCount=1, IterationCount=10, UnrollFactor=1, WarmupCount=3)";Size=10000;1;Overhead;Warmup;5;1600;1;1600
SynchronizationBenchmark.SetStateAsInitial;Benchmark;SynchronizationBenchmark;SetStateAsInitial;Job-QKDGBD;Default;Default;Default;Default;Default;Default;Default;Default;Default;Default;Default;Default;Default;Default;Default;Default;Default;Default;Default;Default;Default;Default;Default;Default;Default;Default;Default;Default;Default;Default;1;10;Default;Default;Default;Default;Default;Default;Default;Default;1;3;"Job-QKDGBD(InvocationCount=1, IterationCount=10, UnrollFactor=1, WarmupCount=3)";Size=10000;1;Overhead;Warmup;6;2500;1;2500
SynchronizationBenchmark.SetStateAsInitial;Benchmark;SynchronizationBenchmark;SetStateAsInitial;Job-QKDGBD;Default;Default;Default;Default;Default;Default;Default;Default;Default;Default;Default;Default;Default;Default;Default;Default;Default;Default;Default;Default;Default;Default;Default;Default;Default;Default;Default;Default;Default;Default;1;10;Default;Default;Default;Default;Default;Default;Default;Default;1;3;"Job-QKDGBD(InvocationCount=1, IterationCount=10, UnrollFactor=1, WarmupCount=3)";Size=10000;1;Overhead;Warmup;7;4200;1;4200
SynchronizationBenchmark.SetStateAsInitial;Benchmark;SynchronizationBenchmark;SetStateAsInitial;Job-QKDGBD;Default;Default;Default;Default;Default;Default;Default;Default;Default;Default;Default;Default;Default;Default;Default;Default;Default;Default;Default;Default;Default;Default;Default;Default;Default;Default;Default;Default;Default;Default;1;10;Default;Default;Default;Default;Default;Default;Default;Default;1;3;"Job-QKDGBD(InvocationCount=1, IterationCount=10, UnrollFactor=1, WarmupCount=3)";Size=10000;1;Overhead;Warmup;8;2000;1;2000
SynchronizationBenchmark.SetStateAsInitial;Benchmark;SynchronizationBenchmark;SetStateAsInitial;Job-QKDGBD;Default;Default;Default;Default;Default;Default;Default;Default;Default;Default;Default;Default;Default;Default;Default;Default;Default;Default;Default;Default;Default;Default;Default;Default;Default;Default;Default;Default;Default;Default;1;10;Default;Default;Default;Default;Default;Default;Default;Default;1;3;"Job-QKDGBD(InvocationCount=1, IterationCount=10, UnrollFactor=1, WarmupCount=3)";Size=10000;1;Overhead;Actual;1;3900;1;3900
SynchronizationBenchmark.SetStateAsInitial;Benchmark;SynchronizationBenchmark;SetStateAsInitial;Job-QKDGBD;Default;Default;Default;Default;Default;Default;Default;Default;Default;Default;Default;Default;Default;Default;Default;Default;Default;Default;Default;Default;Default;Default;Default;Default;Default;Default;Default;Default;Default;Default;1;10;Default;Default;Default;Default;Default;Default;Default;Default;1;3;"Job-QKDGBD(InvocationCount=1, IterationCount=10, UnrollFactor=1, WarmupCount=3)";Size=10000;1;Overhead;Actual;2;1500;1;1500
SynchronizationBenchmark.SetStateAsInitial;Benchmark;SynchronizationBenchmark;SetStateAsInitial;Job-QKDGBD;Default;Default;Default;Default;Default;Default;Default;Default;Default;Default;Default;Default;Default;Default;Default;Default;Default;Default;Default;Default;Default;Default;Default;Default;Default;Default;Default;Default;Default;Default;1;10;Default;Default;Default;Default;Default;Default;Default;Default;1;3;"Job-QKDGBD(InvocationCount=1, IterationCount=10, UnrollFactor=1, WarmupCount=3)";Size=10000;1;Overhead;Actual;3;1600;1;1600
SynchronizationBenchmark.SetStateAsInitial;Benchmark;SynchronizationBenchmark;SetStateAsInitial;Job-QKDGBD;Default;Default;Default;Default;Default;Default;Default;Default;Default;Default;Default;Default;Default;Default;Default;Default;Default;Default;Default;Default;Default;Default;Default;Default;Default;Default;Default;Default;Default;Default;1;10;Default;Default;Default;Default;Default;Default;Default;Default;1;3;"Job-QKDGBD(InvocationCount=1, IterationCount=10, UnrollFactor=1, WarmupCount=3)";Size=10000;1;Overhead;Actual;4;3300;1;3300
SynchronizationBenchmark.SetStateAsInitial;Benchmark;SynchronizationBenchmark;SetStateAsInitial;Job-QKDGBD;Default;Default;Default;Default;Default;Default;Default;Default;Default;Default;Default;Default;Default;Default;Default;Default;Default;Default;Default;Default;Default;Default;Default;Default;Default;Default;Default;Default;Default;Default;1;10;Default;Default;Default;Default;Default;Default;Default;Default;1;3;"Job-QKDGBD(InvocationCount=1, IterationCount=10, UnrollFactor=1, WarmupCount=3)";Size=10000;1;Overhead;Actual;5;1700;1;1700
SynchronizationBenchmark.SetStateAsInitial;Benchmark;SynchronizationBenchmark;SetStateAsInitial;Job-QKDGBD;Default;Default;Default;Default;Default;Default;Default;Default;Default;Default;Default;Default;Default;Default;Default;Default;Default;Default;Default;Default;Default;Default;Default;Default;Default;Default;Default;Default;Default;Default;1;10;Default;Default;Default;Default;Default;Default;Default;Default;1;3;"Job-QKDGBD(InvocationCount=1, IterationCount=10, UnrollFactor=1, WarmupCount=3)";Size=10000;1;Overhead;Actual;6;2100;1;2100
SynchronizationBenchmark.SetStateAsInitial;Benchmark;SynchronizationBenchmark;SetStateAsInitial;Job-QKDGBD;Default;Default;Default;Default;Default;Default;Default;Default;Default;Default;Default;Default;Default;Default;Default;Default;Default;Default;Default;Default;Default;Default;Default;Default;Default;Default;Default;Default;Default;Default;1;10;Default;Default;Default;Default;Default;Default;Default;Default;1;3;"Job-QKDGBD(InvocationCount=1, IterationCount=10, UnrollFactor=1, WarmupCount=3)";Size=10000;1;Overhead;Actual;7;1700;1;1700
SynchronizationBenchmark.SetStateAsInitial;Benchmark;SynchronizationBenchmark;SetStateAsInitial;Job-QKDGBD;Default;Default;Default;Default;Default;Default;Default;Default;Default;Default;Default;Default;Default;Default;Default;Default;Default;Default;Default;Default;Default;Default;Default;Default;Default;Default;Default;Default;Default;Default;1;10;Default;Default;Default;Default;Default;Default;Default;Default;1;3;"Job-QKDGBD(InvocationCount=1, IterationCount=10, UnrollFactor=1, WarmupCount=3)";Size=10000;1;Overhead;Actual;8;1700;1;1700
SynchronizationBenchmark.SetStateAsInitial;Benchmark;SynchronizationBenchmark;SetStateAsInitial;Job-QKDGBD;Default;Default;Default;Default;Default;Default;Default;Default;Default;Default;Default;Default;Default;Default;Default;Default;Default;Default;Default;Default;Default;Default;Default;Default;Default;Default;Default;Default;Default;Default;1;10;Default;Default;Default;Default;Default;Default;Default;Default;1;3;"Job-QKDGBD(InvocationCount=1, IterationCount=10, UnrollFactor=1, WarmupCount=3)";Size=10000;1;Overhead;Actual;9;2100;1;2100
SynchronizationBenchmark.SetStateAsInitial;Benchmark;SynchronizationBenchmark;SetStateAsInitial;Job-QKDGBD;Default;Default;Default;Default;Default;Default;Default;Default;Default;Default;Default;Default;Default;Default;Default;Default;Default;Default;Default;Default;Default;Default;Default;Default;Default;Default;Default;Default;Default;Default;1;10;Default;Default;Default;Default;Default;Default;Default;Default;1;3;"Job-QKDGBD(InvocationCount=1, IterationCount=10, UnrollFactor=1, WarmupCount=3)";Size=10000;1;Overhead;Actual;10;2700;1;2700
SynchronizationBenchmark.SetStateAsInitial;Benchmark;SynchronizationBenchmark;SetStateAsInitial;Job-QKDGBD;Default;Default;Default;Default;Default;Default;Default;Default;Default;Default;Default;Default;Default;Default;Default;Default;Default;Default;Default;Default;Default;Default;Default;Default;Default;Default;Default;Default;Default;Default;1;10;Default;Default;Default;Default;Default;Default;Default;Default;1;3;"Job-QKDGBD(InvocationCount=1, IterationCount=10, UnrollFactor=1, WarmupCount=3)";Size=10000;1;Overhead;Actual;11;1900;1;1900
SynchronizationBenchmark.SetStateAsInitial;Benchmark;SynchronizationBenchmark;SetStateAsInitial;Job-QKDGBD;Default;Default;Default;Default;Default;Default;Default;Default;Default;Default;Default;Default;Default;Default;Default;Default;Default;Default;Default;Default;Default;Default;Default;Default;Default;Default;Default;Default;Default;Default;1;10;Default;Default;Default;Default;Default;Default;Default;Default;1;3;"Job-QKDGBD(InvocationCount=1, IterationCount=10, UnrollFactor=1, WarmupCount=3)";Size=10000;1;Overhead;Actual;12;2300;1;2300
SynchronizationBenchmark.SetStateAsInitial;Benchmark;SynchronizationBenchmark;SetStateAsInitial;Job-QKDGBD;Default;Default;Default;Default;Default;Default;Default;Default;Default;Default;Default;Default;Default;Default;Default;Default;Default;Default;Default;Default;Default;Default;Default;Default;Default;Default;Default;Default;Default;Default;1;10;Default;Default;Default;Default;Default;Default;Default;Default;1;3;"Job-QKDGBD(InvocationCount=1, IterationCount=10, UnrollFactor=1, WarmupCount=3)";Size=10000;1;Overhead;Actual;13;1900;1;1900
SynchronizationBenchmark.SetStateAsInitial;Benchmark;SynchronizationBenchmark;SetStateAsInitial;Job-QKDGBD;Default;Default;Default;Default;Default;Default;Default;Default;Default;Default;Default;Default;Default;Default;Default;Default;Default;Default;Default;Default;Default;Default;Default;Default;Default;Default;Default;Default;Default;Default;1;10;Default;Default;Default;Default;Default;Default;Default;Default;1;3;"Job-QKDGBD(InvocationCount=1, IterationCount=10, UnrollFactor=1, WarmupCount=3)";Size=10000;1;Overhead;Actual;14;2500;1;2500
SynchronizationBenchmark.SetStateAsInitial;Benchmark;SynchronizationBenchmark;SetStateAsInitial;Job-QKDGBD;Default;Default;Default;Default;Default;Default;Default;Default;Default;Default;Default;Default;Default;Default;Default;Default;Default;Default;Default;Default;Default;Default;Default;Default;Default;Default;Default;Default;Default;Default;1;10;Default;Default;Default;Default;Default;Default;Default;Default;1;3;"Job-QKDGBD(InvocationCount=1, IterationCount=10, UnrollFactor=1, WarmupCount=3)";Size=10000;1;Overhead;Actual;15;4200;1;4200
SynchronizationBenchmark.SetStateAsInitial;Benchmark;SynchronizationBenchmark;SetStateAsInitial;Job-QKDGBD;Default;Default;Default;Default;Default;Default;Default;Default;Default;Default;Default;Default;Default;Default;Default;Default;Default;Default;Default;Default;Default;Default;Default;Default;Default;Default;Default;Default;Default;Default;1;10;Default;Default;Default;Default;Default;Default;Default;Default;1;3;"Job-QKDGBD(InvocationCount=1, IterationCount=10, UnrollFactor=1, WarmupCount=3)";Size=10000;1;Overhead;Actual;16;1800;1;1800
SynchronizationBenchmark.SetStateAsInitial;Benchmark;SynchronizationBenchmark;SetStateAsInitial;Job-QKDGBD;Default;Default;Default;Default;Default;Default;Default;Default;Default;Default;Default;Default;Default;Default;Default;Default;Default;Default;Default;Default;Default;Default;Default;Default;Default;Default;Default;Default;Default;Default;1;10;Default;Default;Default;Default;Default;Default;Default;Default;1;3;"Job-QKDGBD(InvocationCount=1, IterationCount=10, UnrollFactor=1, WarmupCount=3)";Size=10000;1;Overhead;Actual;17;2100;1;2100
SynchronizationBenchmark.SetStateAsInitial;Benchmark;SynchronizationBenchmark;SetStateAsInitial;Job-QKDGBD;Default;Default;Default;Default;Default;Default;Default;Default;Default;Default;Default;Default;Default;Default;Default;Default;Default;Default;Default;Default;Default;Default;Default;Default;Default;Default;Default;Default;Default;Default;1;10;Default;Default;Default;Default;Default;Default;Default;Default;1;3;"Job-QKDGBD(InvocationCount=1, IterationCount=10, UnrollFactor=1, WarmupCount=3)";Size=10000;1;Overhead;Actual;18;1800;1;1800
SynchronizationBenchmark.SetStateAsInitial;Benchmark;SynchronizationBenchmark;SetStateAsInitial;Job-QKDGBD;Default;Default;Default;Default;Default;Default;Default;Default;Default;Default;Default;Default;Default;Default;Default;Default;Default;Default;Default;Default;Default;Default;Default;Default;Default;Default;Default;Default;Default;Default;1;10;Default;Default;Default;Default;Default;Default;Default;Default;1;3;"Job-QKDGBD(InvocationCount=1, IterationCount=10, UnrollFactor=1, WarmupCount=3)";Size=10000;1;Overhead;Actual;19;2000;1;2000
SynchronizationBenchmark.SetStateAsInitial;Benchmark;SynchronizationBenchmark;SetStateAsInitial;Job-QKDGBD;Default;Default;Default;Default;Default;Default;Default;Default;Default;Default;Default;Default;Default;Default;Default;Default;Default;Default;Default;Default;Default;Default;Default;Default;Default;Default;Default;Default;Default;Default;1;10;Default;Default;Default;Default;Default;Default;Default;Default;1;3;"Job-QKDGBD(InvocationCount=1, IterationCount=10, UnrollFactor=1, WarmupCount=3)";Size=10000;1;Overhead;Actual;20;3800;1;3800
SynchronizationBenchmark.SetStateAsInitial;Benchmark;SynchronizationBenchmark;SetStateAsInitial;Job-QKDGBD;Default;Default;Default;Default;Default;Default;Default;Default;Default;Default;Default;Default;Default;Default;Default;Default;Default;Default;Default;Default;Default;Default;Default;Default;Default;Default;Default;Default;Default;Default;1;10;Default;Default;Default;Default;Default;Default;Default;Default;1;3;"Job-QKDGBD(InvocationCount=1, IterationCount=10, UnrollFactor=1, WarmupCount=3)";Size=10000;1;Workload;Warmup;1;70566300;1;70566300
SynchronizationBenchmark.SetStateAsInitial;Benchmark;SynchronizationBenchmark;SetStateAsInitial;Job-QKDGBD;Default;Default;Default;Default;Default;Default;Default;Default;Default;Default;Default;Default;Default;Default;Default;Default;Default;Default;Default;Default;Default;Default;Default;Default;Default;Default;Default;Default;Default;Default;1;10;Default;Default;Default;Default;Default;Default;Default;Default;1;3;"Job-QKDGBD(InvocationCount=1, IterationCount=10, UnrollFactor=1, WarmupCount=3)";Size=10000;1;Workload;Warmup;2;63313700;1;63313700
SynchronizationBenchmark.SetStateAsInitial;Benchmark;SynchronizationBenchmark;SetStateAsInitial;Job-QKDGBD;Default;Default;Default;Default;Default;Default;Default;Default;Default;Default;Default;Default;Default;Default;Default;Default;Default;Default;Default;Default;Default;Default;Default;Default;Default;Default;Default;Default;Default;Default;1;10;Default;Default;Default;Default;Default;Default;Default;Default;1;3;"Job-QKDGBD(InvocationCount=1, IterationCount=10, UnrollFactor=1, WarmupCount=3)";Size=10000;1;Workload;Warmup;3;64060400;1;64060400
SynchronizationBenchmark.SetStateAsInitial;Benchmark;SynchronizationBenchmark;SetStateAsInitial;Job-QKDGBD;Default;Default;Default;Default;Default;Default;Default;Default;Default;Default;Default;Default;Default;Default;Default;Default;Default;Default;Default;Default;Default;Default;Default;Default;Default;Default;Default;Default;Default;Default;1;10;Default;Default;Default;Default;Default;Default;Default;Default;1;3;"Job-QKDGBD(InvocationCount=1, IterationCount=10, UnrollFactor=1, WarmupCount=3)";Size=10000;1;Workload;Actual;1;73260700;1;73260700
SynchronizationBenchmark.SetStateAsInitial;Benchmark;SynchronizationBenchmark;SetStateAsInitial;Job-QKDGBD;Default;Default;Default;Default;Default;Default;Default;Default;Default;Default;Default;Default;Default;Default;Default;Default;Default;Default;Default;Default;Default;Default;Default;Default;Default;Default;Default;Default;Default;Default;1;10;Default;Default;Default;Default;Default;Default;Default;Default;1;3;"Job-QKDGBD(InvocationCount=1, IterationCount=10, UnrollFactor=1, WarmupCount=3)";Size=10000;1;Workload;Actual;2;63216500;1;63216500
SynchronizationBenchmark.SetStateAsInitial;Benchmark;SynchronizationBenchmark;SetStateAsInitial;Job-QKDGBD;Default;Default;Default;Default;Default;Default;Default;Default;Default;Default;Default;Default;Default;Default;Default;Default;Default;Default;Default;Default;Default;Default;Default;Default;Default;Default;Default;Default;Default;Default;1;10;Default;Default;Default;Default;Default;Default;Default;Default;1;3;"Job-QKDGBD(InvocationCount=1, IterationCount=10, UnrollFactor=1, WarmupCount=3)";Size=10000;1;Workload;Actual;3;69951200;1;69951200
SynchronizationBenchmark.SetStateAsInitial;Benchmark;SynchronizationBenchmark;SetStateAsInitial;Job-QKDGBD;Default;Default;Default;Default;Default;Default;Default;Default;Default;Default;Default;Default;Default;Default;Default;Default;Default;Default;Default;Default;Default;Default;Default;Default;Default;Default;Default;Default;Default;Default;1;10;Default;Default;Default;Default;Default;Default;Default;Default;1;3;"Job-QKDGBD(InvocationCount=1, IterationCount=10, UnrollFactor=1, WarmupCount=3)";Size=10000;1;Workload;Actual;4;70529100;1;70529100
SynchronizationBenchmark.SetStateAsInitial;Benchmark;SynchronizationBenchmark;SetStateAsInitial;Job-QKDGBD;Default;Default;Default;Default;Default;Default;Default;Default;Default;Default;Default;Default;Default;Default;Default;Default;Default;Default;Default;Default;Default;Default;Default;Default;Default;Default;Default;Default;Default;Default;1;10;Default;Default;Default;Default;Default;Default;Default;Default;1;3;"Job-QKDGBD(InvocationCount=1, IterationCount=10, UnrollFactor=1, WarmupCount=3)";Size=10000;1;Workload;Actual;5;70884500;1;70884500
SynchronizationBenchmark.SetStateAsInitial;Benchmark;SynchronizationBenchmark;SetStateAsInitial;Job-QKDGBD;Default;Default;Default;Default;Default;Default;Default;Default;Default;Default;Default;Default;Default;Default;Default;Default;Default;Default;Default;Default;Default;Default;Default;Default;Default;Default;Default;Default;Default;Default;1;10;Default;Default;Default;Default;Default;Default;Default;Default;1;3;"Job-QKDGBD(InvocationCount=1, IterationCount=10, UnrollFactor=1, WarmupCount=3)";Size=10000;1;Workload;Actual;6;70248700;1;70248700
SynchronizationBenchmark.SetStateAsInitial;Benchmark;SynchronizationBenchmark;SetStateAsInitial;Job-QKDGBD;Default;Default;Default;Default;Default;Default;Default;Default;Default;Default;Default;Default;Default;Default;Default;Default;Default;Default;Default;Default;Default;Default;Default;Default;Default;Default;Default;Default;Default;Default;1;10;Default;Default;Default;Default;Default;Default;Default;Default;1;3;"Job-QKDGBD(InvocationCount=1, IterationCount=10, UnrollFactor=1, WarmupCount=3)";Size=10000;1;Workload;Actual;7;70291600;1;70291600
SynchronizationBenchmark.SetStateAsInitial;Benchmark;SynchronizationBenchmark;SetStateAsInitial;Job-QKDGBD;Default;Default;Default;Default;Default;Default;Default;Default;Default;Default;Default;Default;Default;Default;Default;Default;Default;Default;Default;Default;Default;Default;Default;Default;Default;Default;Default;Default;Default;Default;1;10;Default;Default;Default;Default;Default;Default;Default;Default;1;3;"Job-QKDGBD(InvocationCount=1, IterationCount=10, UnrollFactor=1, WarmupCount=3)";Size=10000;1;Workload;Actual;8;69871500;1;69871500
SynchronizationBenchmark.SetStateAsInitial;Benchmark;SynchronizationBenchmark;SetStateAsInitial;Job-QKDGBD;Default;Default;Default;Default;Default;Default;Default;Default;Default;Default;Default;Default;Default;Default;Default;Default;Default;Default;Default;Default;Default;Default;Default;Default;Default;Default;Default;Default;Default;Default;1;10;Default;Default;Default;Default;Default;Default;Default;Default;1;3;"Job-QKDGBD(InvocationCount=1, IterationCount=10, UnrollFactor=1, WarmupCount=3)";Size=10000;1;Workload;Actual;9;70354300;1;70354300
SynchronizationBenchmark.SetStateAsInitial;Benchmark;SynchronizationBenchmark;SetStateAsInitial;Job-QKDGBD;Default;Default;Default;Default;Default;Default;Default;Default;Default;Default;Default;Default;Default;Default;Default;Default;Default;Default;Default;Default;Default;Default;Default;Default;Default;Default;Default;Default;Default;Default;1;10;Default;Default;Default;Default;Default;Default;Default;Default;1;3;"Job-QKDGBD(InvocationCount=1, IterationCount=10, UnrollFactor=1, WarmupCount=3)";Size=10000;1;Workload;Actual;10;71172800;1;71172800
SynchronizationBenchmark.SetStateAsInitial;Benchmark;SynchronizationBenchmark;SetStateAsInitial;Job-QKDGBD;Default;Default;Default;Default;Default;Default;Default;Default;Default;Default;Default;Default;Default;Default;Default;Default;Default;Default;Default;Default;Default;Default;Default;Default;Default;Default;Default;Default;Default;Default;1;10;Default;Default;Default;Default;Default;Default;Default;Default;1;3;"Job-QKDGBD(InvocationCount=1, IterationCount=10, UnrollFactor=1, WarmupCount=3)";Size=10000;1;Workload;Result;1;63214450;1;63214450
SynchronizationBenchmark.SetStateAsInitial;Benchmark;SynchronizationBenchmark;SetStateAsInitial;Job-QKDGBD;Default;Default;Default;Default;Default;Default;Default;Default;Default;Default;Default;Default;Default;Default;Default;Default;Default;Default;Default;Default;Default;Default;Default;Default;Default;Default;Default;Default;Default;Default;1;10;Default;Default;Default;Default;Default;Default;Default;Default;1;3;"Job-QKDGBD(InvocationCount=1, IterationCount=10, UnrollFactor=1, WarmupCount=3)";Size=10000;1;Workload;Result;2;69949150;1;69949150
SynchronizationBenchmark.SetStateAsInitial;Benchmark;SynchronizationBenchmark;SetStateAsInitial;Job-QKDGBD;Default;Default;Default;Default;Default;Default;Default;Default;Default;Default;Default;Default;Default;Default;Default;Default;Default;Default;Default;Default;Default;Default;Default;Default;Default;Default;Default;Default;Default;Default;1;10;Default;Default;Default;Default;Default;Default;Default;Default;1;3;"Job-QKDGBD(InvocationCount=1, IterationCount=10, UnrollFactor=1, WarmupCount=3)";Size=10000;1;Workload;Result;3;70527050;1;70527050
SynchronizationBenchmark.SetStateAsInitial;Benchmark;SynchronizationBenchmark;SetStateAsInitial;Job-QKDGBD;Default;Default;Default;Default;Default;Default;Default;Default;Default;Default;Default;Default;Default;Default;Default;Default;Default;Default;Default;Default;Default;Default;Default;Default;Default;Default;Default;Default;Default;Default;1;10;Default;Default;Default;Default;Default;Default;Default;Default;1;3;"Job-QKDGBD(InvocationCount=1, IterationCount=10, UnrollFactor=1, WarmupCount=3)";Size=10000;1;Workload;Result;4;70882450;1;70882450
SynchronizationBenchmark.SetStateAsInitial;Benchmark;SynchronizationBenchmark;SetStateAsInitial;Job-QKDGBD;Default;Default;Default;Default;Default;Default;Default;Default;Default;Default;Default;Default;Default;Default;Default;Default;Default;Default;Default;Default;Default;Default;Default;Default;Default;Default;Default;Default;Default;Default;1;10;Default;Default;Default;Default;Default;Default;Default;Default;1;3;"Job-QKDGBD(InvocationCount=1, IterationCount=10, UnrollFactor=1, WarmupCount=3)";Size=10000;1;Workload;Result;5;70246650;1;70246650
SynchronizationBenchmark.SetStateAsInitial;Benchmark;SynchronizationBenchmark;SetStateAsInitial;Job-QKDGBD;Default;Default;Default;Default;Default;Default;Default;Default;Default;Default;Default;Default;Default;Default;Default;Default;Default;Default;Default;Default;Default;Default;Default;Default;Default;Default;Default;Default;Default;Default;1;10;Default;Default;Default;Default;Default;Default;Default;Default;1;3;"Job-QKDGBD(InvocationCount=1, IterationCount=10, UnrollFactor=1, WarmupCount=3)";Size=10000;1;Workload;Result;6;70289550;1;70289550
SynchronizationBenchmark.SetStateAsInitial;Benchmark;SynchronizationBenchmark;SetStateAsInitial;Job-QKDGBD;Default;Default;Default;Default;Default;Default;Default;Default;Default;Default;Default;Default;Default;Default;Default;Default;Default;Default;Default;Default;Default;Default;Default;Default;Default;Default;Default;Default;Default;Default;1;10;Default;Default;Default;Default;Default;Default;Default;Default;1;3;"Job-QKDGBD(InvocationCount=1, IterationCount=10, UnrollFactor=1, WarmupCount=3)";Size=10000;1;Workload;Result;7;69869450;1;69869450
SynchronizationBenchmark.SetStateAsInitial;Benchmark;SynchronizationBenchmark;SetStateAsInitial;Job-QKDGBD;Default;Default;Default;Default;Default;Default;Default;Default;Default;Default;Default;Default;Default;Default;Default;Default;Default;Default;Default;Default;Default;Default;Default;Default;Default;Default;Default;Default;Default;Default;1;10;Default;Default;Default;Default;Default;Default;Default;Default;1;3;"Job-QKDGBD(InvocationCount=1, IterationCount=10, UnrollFactor=1, WarmupCount=3)";Size=10000;1;Workload;Result;8;70352250;1;70352250
SynchronizationBenchmark.SetStateAsInitial;Benchmark;SynchronizationBenchmark;SetStateAsInitial;Job-QKDGBD;Default;Default;Default;Default;Default;Default;Default;Default;Default;Default;Default;Default;Default;Default;Default;Default;Default;Default;Default;Default;Default;Default;Default;Default;Default;Default;Default;Default;Default;Default;1;10;Default;Default;Default;Default;Default;Default;Default;Default;1;3;"Job-QKDGBD(InvocationCount=1, IterationCount=10, UnrollFactor=1, WarmupCount=3)";Size=10000;1;Workload;Result;9;71170750;1;71170750
SynchronizationBenchmark.AddTargetPlace;Benchmark;SynchronizationBenchmark;AddTargetPlace;Job-QKDGBD;Default;Default;Default;Default;Default;Default;Default;Default;Default;Default;Default;Default;Default;Default;Default;Default;Default;Default;Default;Default;Default;Default;Default;Default;Default;Default;Default;Default;Default;Default;1;10;Default;Default;Default;Default;Default;Default;Default;Default;1;3;"Job-QKDGBD(InvocationCount=1, IterationCount=10, UnrollFactor=1, WarmupCount=3)";Size=10000;1;Overhead;Jitting;1;168000;1;168000
SynchronizationBenchmark.AddTargetPlace;Benchmark;SynchronizationBenchmark;AddTargetPlace;Job-QKDGBD;Default;Default;Default;Default;Default;Default;Default;Default;Default;Default;Default;Default;Default;Default;Default;Default;Default;Default;Default;Default;Default;Default;Default;Default;Default;Default;Default;Default;Default;Default;1;10;Default;Default;Default;Default;Default;Default;Default;Default;1;3;"Job-QKDGBD(InvocationCount=1, IterationCount=10, UnrollFactor=1, WarmupCount=3)";Size=10000;1;Workload;Jitting;1;126845800;1;126845800
SynchronizationBenchmark.AddTargetPlace;Benchmark;SynchronizationBenchmark;AddTargetPlace;Job-QKDGBD;Default;Default;Default;Default;Default;Default;Default;Default;Default;Default;Default;Default;Default;Default;Default;Default;Default;Default;Default;Default;Default;Default;Default;Default;Default;Default;Default;Default;Default;Default;1;10;Default;Default;Default;Default;Default;Default;Default;Default;1;3;"Job-QKDGBD(InvocationCount=1, IterationCount=10, UnrollFactor=1, WarmupCount=3)";Size=10000;1;Overhead;Warmup;1;1400;1;1400
SynchronizationBenchmark.AddTargetPlace;Benchmark;SynchronizationBenchmark;AddTargetPlace;Job-QKDGBD;Default;Default;Default;Default;Default;Default;Default;Default;Default;Default;Default;Default;Default;Default;Default;Default;Default;Default;Default;Default;Default;Default;Default;Default;Default;Default;Default;Default;Default;Default;1;10;Default;Default;Default;Default;Default;Default;Default;Default;1;3;"Job-QKDGBD(InvocationCount=1, IterationCount=10, UnrollFactor=1, WarmupCount=3)";Size=10000;1;Overhead;Warmup;2;1700;1;1700
SynchronizationBenchmark.AddTargetPlace;Benchmark;SynchronizationBenchmark;AddTargetPlace;Job-QKDGBD;Default;Default;Default;Default;Default;Default;Default;Default;Default;Default;Default;Default;Default;Default;Default;Default;Default;Default;Default;Default;Default;Default;Default;Default;Default;Default;Default;Default;Default;Default;1;10;Default;Default;Default;Default;Default;Default;Default;Default;1;3;"Job-QKDGBD(InvocationCount=1, IterationCount=10, UnrollFactor=1, WarmupCount=3)";Size=10000;1;Overhead;Warmup;3;2700;1;2700
SynchronizationBenchmark.AddTargetPlace;Benchmark;SynchronizationBenchmark;AddTargetPlace;Job-QKDGBD;Default;Default;Default;Default;Default;Default;Default;Default;Default;Default;Default;Default;Default;Default;Default;Default;Default;Default;Default;Default;Default;Default;Default;Default;Default;Default;Default;Default;Default;Default;1;10;Default;Default;Default;Default;Default;Default;Default;Default;1;3;"Job-QKDGBD(InvocationCount=1, IterationCount=10, UnrollFactor=1, WarmupCount=3)";Size=10000;1;Overhead;Warmup;4;1900;1;1900
SynchronizationBenchmark.AddTargetPlace;Benchmark;SynchronizationBenchmark;AddTargetPlace;Job-QKDGBD;Default;Default;Default;Default;Default;Default;Default;Default;Default;Default;Default;Default;Default;Default;Default;Default;Default;Default;Default;Default;Default;Default;Default;Default;Default;Default;Default;Default;Default;Default;1;10;Default;Default;Default;Default;Default;Default;Default;Default;1;3;"Job-QKDGBD(InvocationCount=1, IterationCount=10, UnrollFactor=1, WarmupCount=3)";Size=10000;1;Overhead;Warmup;5;1600;1;1600
SynchronizationBenchmark.AddTargetPlace;Benchmark;SynchronizationBenchmark;AddTargetPlace;Job-QKDGBD;Default;Default;Default;Default;Default;Default;Default;Default;Default;Default;Default;Default;Default;Default;Default;Default;Default;Default;Default;Default;Default;Default;Default;Default;Default;Default;Default;Default;Default;Default;1;10;Default;Default;Default;Default;Default;Default;Default;Default;1;3;"Job-QKDGBD(InvocationCount=1, IterationCount=10, UnrollFactor=1, WarmupCount=3)";Size=10000;1;Overhead;Warmup;6;3900;1;3900
SynchronizationBenchmark.AddTargetPlace;Benchmark;SynchronizationBenchmark;AddTargetPlace;Job-QKDGBD;Default;Default;Default;Default;Default;Default;Default;Default;Default;Default;Default;Default;Default;Default;Default;Default;Default;Default;Default;Default;Default;Default;Default;Default;Default;Default;Default;Default;Default;Default;1;10;Default;Default;Default;Default;Default;Default;Default;Default;1;3;"Job-QKDGBD(InvocationCount=1, IterationCount=10, UnrollFactor=1, WarmupCount=3)";Size=10000;1;Overhead;Warmup;7;1800;1;1800
SynchronizationBenchmark.AddTargetPlace;Benchmark;SynchronizationBenchmark;AddTargetPlace;Job-QKDGBD;Default;Default;Default;Default;Default;Default;Default;Default;Default;Default;Default;Default;Default;Default;Default;Default;Default;Default;Default;Default;Default;Default;Default;Default;Default;Default;Default;Default;Default;Default;1;10;Default;Default;Default;Default;Default;Default;Default;Default;1;3;"Job-QKDGBD(InvocationCount=1, IterationCount=10, UnrollFactor=1, WarmupCount=3)";Size=10000;1;Overhead;Actual;1;2100;1;2100
SynchronizationBenchmark.AddTargetPlace;Benchmark;SynchronizationBenchmark;AddTargetPlace;Job-QKDGBD;Default;Default;Default;Default;Default;Default;Default;Default;Default;Default;Default;Default;Default;Default;Default;Default;Default;Default;Default;Default;Default;Default;Default;Default;Default;Default;Default;Default;Default;Default;1;10;Default;Default;Default;Default;Default;Default;Default;Default;1;3;"Job-QKDGBD(InvocationCount=1, IterationCount=10, UnrollFactor=1, WarmupCount=3)";Size=10000;1;Overhead;Actual;2;2300;1;2300
SynchronizationBenchmark.AddTargetPlace;Benchmark;SynchronizationBenchmark;AddTargetPlace;Job-QKDGBD;Default;Default;Default;Default;Default;Default;Default;Default;Default;Default;Default;Default;Default;Default;Default;Default;Default;Default;Default;Default;Default;Default;Default;Default;Default;Default;Default;Default;Default;Default;1;10;Default;Default;Default;Default;Default;Default;Default;Default;1;3;"Job-QKDGBD(InvocationCount=1, IterationCount=10, UnrollFactor=1, WarmupCount=3)";Size=10000;1;Overhead;Actual;3;3500;1;3500
SynchronizationBenchmark.AddTargetPlace;Benchmark;SynchronizationBenchmark;AddTargetPlace;Job-QKDGBD;Default;Default;Default;Default;Default;Default;Default;Default;Default;Default;Default;Default;Default;Default;Default;Default;Default;Default;Default;Default;Default;Default;Default;Default;Default;Default;Default;Default;Default;Default;1;10;Default;Default;Default;Default;Default;Default;Default;Default;1;3;"Job-QKDGBD(InvocationCount=1, IterationCount=10, UnrollFactor=1, WarmupCount=3)";Size=10000;1;Overhead;Actual;4;2000;1;2000
SynchronizationBenchmark.AddTargetPlace;Benchmark;SynchronizationBenchmark;AddTargetPlace;Job-QKDGBD;Default;Default;Default;Default;Default;Default;Default;Default;Default;Default;Default;Default;Default;Default;Default;Default;Default;Default;Default;Default;Default;Default;Default;Default;Default;Default;Default;Default;Default;Default;1;10;Default;Default;Default;Default;Default;Default;Default;Default;1;3;"Job-QKDGBD(InvocationCount=1, IterationCount=10, UnrollFactor=1, WarmupCount=3)";Size=10000;1;Overhead;Actual;5;2900;1;2900
SynchronizationBenchmark.AddTargetPlace;Benchmark;SynchronizationBenchmark;AddTargetPlace;Job-QKDGBD;Default;Default;Default;Default;Default;Default;Default;Default;Default;Default;Default;Default;Default;Default;Default;Default;Default;Default;Default;Default;Default;Default;Default;Default;Default;Default;Default;Default;Default;Default;1;10;Default;Default;Default;Default;Default;Default;Default;Default;1;3;"Job-QKDGBD(InvocationCount=1, IterationCount=10, UnrollFactor=1, WarmupCount=3)";Size=10000;1;Overhead;Actual;6;1800;1;1800
SynchronizationBenchmark.AddTargetPlace;Benchmark;SynchronizationBenchmark;AddTargetPlace;Job-QKDGBD;Default;Default;Default;Default;Default;Default;Default;Default;Default;Default;Default;Default;Default;Default;Default;Default;Default;Default;Default;Default;Default;Default;Default;Default;Default;Default;Default;Default;Default;Default;1;10;Default;Default;Default;Default;Default;Default;Default;Default;1;3;"Job-QKDGBD(InvocationCount=1, IterationCount=10, UnrollFactor=1, WarmupCount=3)";Size=10000;1;Overhead;Actual;7;4400;1;4400
SynchronizationBenchmark.AddTargetPlace;Benchmark;SynchronizationBenchmark;AddTargetPlace;Job-QKDGBD;Default;Default;Default;Default;Default;Default;Default;Default;Default;Default;Default;Default;Default;Default;Default;Default;Default;Default;Default;Default;Default;Default;Default;Default;Default;Default;Default;Default;Default;Default;1;10;Default;Default;Default;Default;Default;Default;Default;Default;1;3;"Job-QKDGBD(InvocationCount=1, IterationCount=10, UnrollFactor=1, WarmupCount=3)";Size=10000;1;Overhead;Actual;8;1500;1;1500
SynchronizationBenchmark.AddTargetPlace;Benchmark;SynchronizationBenchmark;AddTargetPlace;Job-QKDGBD;Default;Default;Default;Default;Default;Default;Default;Default;Default;Default;Default;Default;Default;Default;Default;Default;Default;Default;Default;Default;Default;Default;Default;Default;Default;Default;Default;Default;Default;Default;1;10;Default;Default;Default;Default;Default;Default;Default;Default;1;3;"Job-QKDGBD(InvocationCount=1, IterationCount=10, UnrollFactor=1, WarmupCount=3)";Size=10000;1;Overhead;Actual;9;1700;1;1700
SynchronizationBenchmark.AddTargetPlace;Benchmark;SynchronizationBenchmark;AddTargetPlace;Job-QKDGBD;Default;Default;Default;Default;Default;Default;Default;Default;Default;Default;Default;Default;Default;Default;Default;Default;Default;Default;Default;Default;Default;Default;Default;Default;Default;Default;Default;Default;Default;Default;1;10;Default;Default;Default;Default;Default;Default;Default;Default;1;3;"Job-QKDGBD(InvocationCount=1, IterationCount=10, UnrollFactor=1, WarmupCount=3)";Size=10000;1;Overhead;Actual;10;1800;1;1800
SynchronizationBenchmark.AddTargetPlace;Benchmark;SynchronizationBenchmark;AddTargetPlace;Job-QKDGBD;Default;Default;Default;Default;Default;Default;Default;Default;Default;Default;Default;Default;Default;Default;Default;Default;Default;Default;Default;Default;Default;Default;Default;Default;Default;Default;Default;Default;Default;Default;1;10;Default;Default;Default;Default;Default;Default;Default;Default;1;3;"Job-QKDGBD(InvocationCount=1, IterationCount=10, UnrollFactor=1, WarmupCount=3)";Size=10000;1;Overhead;Actual;11;4400;1;4400
SynchronizationBenchmark.AddTargetPlace;Benchmark;SynchronizationBenchmark;AddTargetPlace;Job-QKDGBD;Default;Default;Default;Default;Default;Default;Default;Default;Default;Default;Default;Default;Default;Default;Default;Default;Default;Default;Default;Default;Default;Default;Default;Default;Default;Default;Default;Default;Default;Default;1;10;Default;Default;Default;Default;Default;Default;Default;Default;1;3;"Job-QKDGBD(InvocationCount=1, IterationCount=10, UnrollFactor=1, WarmupCount=3)";Size=10000;1;Overhead;Actual;12;4500;1;4500
SynchronizationBenchmark.AddTargetPlace;Benchmark;SynchronizationBenchmark;AddTargetPlace;Job-QKDGBD;Default;Default;Default;Default;Default;Default;Default;Default;Default;Default;Default;Default;Default;Default;Default;Default;Default;Default;Default;Default;Default;Default;Default;Default;Default;Default;Default;Default;Default;Default;1;10;Default;Default;Default;Default;Default;Default;Default;Default;1;3;"Job-QKDGBD(InvocationCount=1, IterationCount=10, UnrollFactor=1, WarmupCount=3)";Size=10000;1;Overhead;Actual;13;2000;1;2000
SynchronizationBenchmark.AddTargetPlace;Benchmark;SynchronizationBenchmark;AddTargetPlace;Job-QKDGBD;Default;Default;Default;Default;Default;Default;Default;Default;Default;Default;Default;Default;Default;Default;Default;Default;Default;Default;Default;Default;Default;Default;Default;Default;Default;Default;Default;Default;Default;Default;1;10;Default;Default;Default;Default;Default;Default;Default;Default;1;3;"Job-QKDGBD(InvocationCount=1, IterationCount=10, UnrollFactor=1, WarmupCount=3)";Size=10000;1;Overhead;Actual;14;1700;1;1700
SynchronizationBenchmark.AddTargetPlace;Benchmark;SynchronizationBenchmark;AddTargetPlace;Job-QKDGBD;Default;Default;Default;Default;Default;Default;Default;Default;Default;Default;Default;Default;Default;Default;Default;Default;Default;Default;Default;Default;Default;Default;Default;Default;Default;Default;Default;Default;Default;Default;1;10;Default;Default;Default;Default;Default;Default;Default;Default;1;3;"Job-QKDGBD(InvocationCount=1, IterationCount=10, UnrollFactor=1, WarmupCount=3)";Size=10000;1;Overhead;Actual;15;1300;1;1300
SynchronizationBenchmark.AddTargetPlace;Benchmark;SynchronizationBenchmark;AddTargetPlace;Job-QKDGBD;Default;Default;Default;Default;Default;Default;Default;Default;Default;Default;Default;Default;Default;Default;Default;Default;Default;Default;Default;Default;Default;Default;Default;Default;Default;Default;Default;Default;Default;Default;1;10;Default;Default;Default;Default;Default;Default;Default;Default;1;3;"Job-QKDGBD(InvocationCount=1, IterationCount=10, UnrollFactor=1, WarmupCount=3)";Size=10000;1;Overhead;Actual;16;1900;1;1900
SynchronizationBenchmark.AddTargetPlace;Benchmark;SynchronizationBenchmark;AddTargetPlace;Job-QKDGBD;Default;Default;Default;Default;Default;Default;Default;Default;Default;Default;Default;Default;Default;Default;Default;Default;Default;Default;Default;Default;Default;Default;Default;Default;Default;Default;Default;Default;Default;Default;1;10;Default;Default;Default;Default;Default;Default;Default;Default;1;3;"Job-QKDGBD(InvocationCount=1, IterationCount=10, UnrollFactor=1, WarmupCount=3)";Size=10000;1;Overhead;Actual;17;3000;1;3000
SynchronizationBenchmark.AddTargetPlace;Benchmark;SynchronizationBenchmark;AddTargetPlace;Job-QKDGBD;Default;Default;Default;Default;Default;Default;Default;Default;Default;Default;Default;Default;Default;Default;Default;Default;Default;Default;Default;Default;Default;Default;Default;Default;Default;Default;Default;Default;Default;Default;1;10;Default;Default;Default;Default;Default;Default;Default;Default;1;3;"Job-QKDGBD(InvocationCount=1, IterationCount=10, UnrollFactor=1, WarmupCount=3)";Size=10000;1;Overhead;Actual;18;4100;1;4100
SynchronizationBenchmark.AddTargetPlace;Benchmark;SynchronizationBenchmark;AddTargetPlace;Job-QKDGBD;Default;Default;Default;Default;Default;Default;Default;Default;Default;Default;Default;Default;Default;Default;Default;Default;Default;Default;Default;Default;Default;Default;Default;Default;Default;Default;Default;Default;Default;Default;1;10;Default;Default;Default;Default;Default;Default;Default;Default;1;3;"Job-QKDGBD(InvocationCount=1, IterationCount=10, UnrollFactor=1, WarmupCount=3)";Size=10000;1;Overhead;Actual;19;1700;1;1700
SynchronizationBenchmark.AddTargetPlace;Benchmark;SynchronizationBenchmark;AddTargetPlace;Job-QKDGBD;Default;Default;Default;Default;Default;Default;Default;Default;Default;Default;Default;Default;Default;Default;Default;Default;Default;Default;Default;Default;Default;Default;Default;Default;Default;Default;Default;Default;Default;Default;1;10;Default;Default;Default;Default;Default;Default;Default;Default;1;3;"Job-QKDGBD(InvocationCount=1, IterationCount=10, UnrollFactor=1, WarmupCount=3)";Size=10000;1;Overhead;Actual;20;4700;1;4700
SynchronizationBenchmark.AddTargetPlace;Benchmark;SynchronizationBenchmark;AddTargetPlace;Job-QKDGBD;Default;Default;Default;Default;Default;Default;Default;Default;Default;Default;Default;Default;Default;Default;Default;Default;Default;Default;Default;Default;Default;Default;Default;Default;Default;Default;Default;Default;Default;Default;1;10;Default;Default;Default;Default;Default;Default;Default;Default;1;3;"Job-QKDGBD(InvocationCount=1, IterationCount=10, UnrollFactor=1, WarmupCount=3)";Size=10000;1;Workload;Warmup;1;41177600;1;41177600
SynchronizationBenchmark.AddTargetPlace;Benchmark;SynchronizationBenchmark;AddTargetPlace;Job-QKDGBD;Default;Default;Default;Default;Default;Default;Default;Default;Default;Default;Default;Default;Default;Default;Default;Default;Default;Default;Default;Default;Default;Default;Default;Default;Default;Default;Default;Default;Default;Default;1;10;Default;Default;Default;Default;Default;Default;Default;Default;1;3;"Job-QKDGBD(InvocationCount=1, IterationCount=10, UnrollFactor=1, WarmupCount=3)";Size=10000;1;Workload;Warmup;2;40608500;1;40608500
SynchronizationBenchmark.AddTargetPlace;Benchmark;SynchronizationBenchmark;AddTargetPlace;Job-QKDGBD;Default;Default;Default;Default;Default;Default;Default;Default;Default;Default;Default;Default;Default;Default;Default;Default;Default;Default;Default;Default;Default;Default;Default;Default;Default;Default;Default;Default;Default;Default;1;10;Default;Default;Default;Default;Default;Default;Default;Default;1;3;"Job-QKDGBD(InvocationCount=1, IterationCount=10, UnrollFactor=1, WarmupCount=3)";Size=10000;1;Workload;Warmup;3;39323200;1;39323200
SynchronizationBenchmark.AddTargetPlace;Benchmark;SynchronizationBenchmark;AddTargetPlace;Job-QKDGBD;Default;Default;Default;Default;Default;Default;Default;Default;Default;Default;Default;Default;Default;Default;Default;Default;Default;Default;Default;Default;Default;Default;Default;Default;Default;Default;Default;Default;Default;Default;1;10;Default;Default;Default;Default;Default;Default;Default;Default;1;3;"Job-QKDGBD(InvocationCount=1, IterationCount=10, UnrollFactor=1, WarmupCount=3)";Size=10000;1;Workload;Actual;1;47942000;1;47942000
SynchronizationBenchmark.AddTargetPlace;Benchmark;SynchronizationBenchmark;AddTargetPlace;Job-QKDGBD;Default;Default;Default;Default;Default;Default;Default;Default;Default;Default;Default;Default;Default;Default;Default;Default;Default;Default;Default;Default;Default;Default;Default;Default;Default;Default;Default;Default;Default;Default;1;10;Default;Default;Default;Default;Default;Default;Default;Default;1;3;"Job-QKDGBD(InvocationCount=1, IterationCount=10, UnrollFactor=1, WarmupCount=3)";Size=10000;1;Workload;Actual;2;38822900;1;38822900
SynchronizationBenchmark.AddTargetPlace;Benchmark;SynchronizationBenchmark;AddTargetPlace;Job-QKDGBD;Default;Default;Default;Default;Default;Default;Default;Default;Default;Default;Default;Default;Default;Default;Default;Default;Default;Default;Default;Default;Default;Default;Default;Default;Default;Default;Default;Default;Default;Default;1;10;Default;Default;Default;Default;Default;Default;Default;Default;1;3;"Job-QKDGBD(InvocationCount=1, IterationCount=10, UnrollFactor=1, WarmupCount=3)";Size=10000;1;Workload;Actual;3;48528400;1;48528400
SynchronizationBenchmark.AddTargetPlace;Benchmark;SynchronizationBenchmark;AddTargetPlace;Job-QKDGBD;Default;Default;Default;Default;Default;Default;Default;Default;Default;Default;Default;Default;Default;Default;Default;Default;Default;Default;Default;Default;Default;Default;Default;Default;Default;Default;Default;Default;Default;Default;1;10;Default;Default;Default;Default;Default;Default;Default;Default;1;3;"Job-QKDGBD(InvocationCount=1, IterationCount=10, UnrollFactor=1, WarmupCount=3)";Size=10000;1;Workload;Actual;4;45372000;1;45372000
SynchronizationBenchmark.AddTargetPlace;Benchmark;SynchronizationBenchmark;AddTargetPlace;Job-QKDGBD;Default;Default;Default;Default;Default;Default;Default;Default;Default;Default;Default;Default;Default;Default;Default;Default;Default;Default;Default;Default;Default;Default;Default;Default;Default;Default;Default;Default;Default;Default;1;10;Default;Default;Default;Default;Default;Default;Default;Default;1;3;"Job-QKDGBD(InvocationCount=1, IterationCount=10, UnrollFactor=1, WarmupCount=3)";Size=10000;1;Workload;Actual;5;46100400;1;46100400
SynchronizationBenchmark.AddTargetPlace;Benchmark;SynchronizationBenchmark;AddTargetPlace;Job-QKDGBD;Default;Default;Default;Default;Default;Default;Default;Default;Default;Default;Default;Default;Default;Default;Default;Default;Default;Default;Default;Default;Default;Default;Default;Default;Default;Default;Default;Default;Default;Default;1;10;Default;Default;Default;Default;Default;Default;Default;Default;1;3;"Job-QKDGBD(InvocationCount=1, IterationCount=10, UnrollFactor=1, WarmupCount=3)";Size=10000;1;Workload;Actual;6;48218300;1;48218300
SynchronizationBenchmark.AddTargetPlace;Benchmark;SynchronizationBenchmark;AddTargetPlace;Job-QKDGBD;Default;Default;Default;Default;Default;Default;Default;Default;Default;Default;Default;Default;Default;Default;Default;Default;Default;Default;Default;Default;Default;Default;Default;Default;Default;Default;Default;Default;Default;Default;1;10;Default;Default;Default;Default;Default;Default;Default;Default;1;3;"Job-QKDGBD(InvocationCount=1, IterationCount=10, UnrollFactor=1, WarmupCount=3)";Size=10000;1;Workload;Actual;7;48658300;1;48658300
SynchronizationBenchmark.AddTargetPlace;Benchmark;SynchronizationBenchmark;AddTargetPlace;Job-QKDGBD;Default;Default;Default;Default;Default;Default;Default;Default;Default;Default;Default;Default;Default;Default;Default;Default;Default;Default;Default;Default;Default;Default;Default;Default;Default;Default;Default;Default;Default;Default;1;10;Default;Default;Default;Default;Default;Default;Default;Default;1;3;"Job-QKDGBD(InvocationCount=1, IterationCount=10, UnrollFactor=1, WarmupCount=3)";Size=10000;1;Workload;Actual;8;44255000;1;44255000
SynchronizationBenchmark.AddTargetPlace;Benchmark;SynchronizationBenchmark;AddTargetPlace;Job-QKDGBD;Default;Default;Default;Default;Default;Default;Default;Default;Default;Default;Default;Default;Default;Default;Default;Default;Default;Default;Default;Default;Default;Default;Default;Default;Default;Default;Default;Default;Default;Default;1;10;Default;Default;Default;Default;Default;Default;Default;Default;1;3;"Job-QKDGBD(InvocationCount=1, IterationCount=10, UnrollFactor=1, WarmupCount=3)";Size=10000;1;Workload;Actual;9;47408800;1;47408800
SynchronizationBenchmark.AddTargetPlace;Benchmark;SynchronizationBenchmark;AddTargetPlace;Job-QKDGBD;Default;Default;Default;Default;Default;Default;Default;Default;Default;Default;Default;Default;Default;Default;Default;Default;Default;Default;Default;Default;Default;Default;Default;Default;Default;Default;Default;Default;Default;Default;1;10;Default;Default;Default;Default;Default;Default;Default;Default;1;3;"Job-QKDGBD(InvocationCount=1, IterationCount=10, UnrollFactor=1, WarmupCount=3)";Size=10000;1;Workload;Actual;10;48566400;1;48566400
SynchronizationBenchmark.AddTargetPlace;Benchmark;SynchronizationBenchmark;AddTargetPlace;Job-QKDGBD;Default;Default;Default;Default;Default;Default;Default;Default;Default;Default;Default;Default;Default;Default;Default;Default;Default;Default;Default;Default;Default;Default;Default;Default;Default;Default;Default;Default;Default;Default;1;10;Default;Default;Default;Default;Default;Default;Default;Default;1;3;"Job-QKDGBD(InvocationCount=1, IterationCount=10, UnrollFactor=1, WarmupCount=3)";Size=10000;1;Workload;Result;1;47939950;1;47939950
SynchronizationBenchmark.AddTargetPlace;Benchmark;SynchronizationBenchmark;AddTargetPlace;Job-QKDGBD;Default;Default;Default;Default;Default;Default;Default;Default;Default;Default;Default;Default;Default;Default;Default;Default;Default;Default;Default;Default;Default;Default;Default;Default;Default;Default;Default;Default;Default;Default;1;10;Default;Default;Default;Default;Default;Default;Default;Default;1;3;"Job-QKDGBD(InvocationCount=1, IterationCount=10, UnrollFactor=1, WarmupCount=3)";Size=10000;1;Workload;Result;2;38820850;1;38820850
SynchronizationBenchmark.AddTargetPlace;Benchmark;SynchronizationBenchmark;AddTargetPlace;Job-QKDGBD;Default;Default;Default;Default;Default;Default;Default;Default;Default;Default;Default;Default;Default;Default;Default;Default;Default;Default;Default;Default;Default;Default;Default;Default;Default;Default;Default;Default;Default;Default;1;10;Default;Default;Default;Default;Default;Default;Default;Default;1;3;"Job-QKDGBD(InvocationCount=1, IterationCount=10, UnrollFactor=1, WarmupCount=3)";Size=10000;1;Workload;Result;3;48526350;1;48526350
SynchronizationBenchmark.AddTargetPlace;Benchmark;SynchronizationBenchmark;AddTargetPlace;Job-QKDGBD;Default;Default;Default;Default;Default;Default;Default;Default;Default;Default;Default;Default;Default;Default;Default;Default;Default;Default;Default;Default;Default;Default;Default;Default;Default;Default;Default;Default;Default;Default;1;10;Default;Default;Default;Default;Default;Default;Default;Default;1;3;"Job-QKDGBD(InvocationCount=1, IterationCount=10, UnrollFactor=1, WarmupCount=3)";Size=10000;1;Workload;Result;4;45369950;1;45369950
SynchronizationBenchmark.AddTargetPlace;Benchmark;SynchronizationBenchmark;AddTargetPlace;Job-QKDGBD;Default;Default;Default;Default;Default;Default;Default;Default;Default;Default;Default;Default;Default;Default;Default;Default;Default;Default;Default;Default;Default;Default;Default;Default;Default;Default;Default;Default;Default;Default;1;10;Default;Default;Default;Default;Default;Default;Default;Default;1;3;"Job-QKDGBD(InvocationCount=1, IterationCount=10, UnrollFactor=1, WarmupCount=3)";Size=10000;1;Workload;Result;5;46098350;1;46098350
SynchronizationBenchmark.AddTargetPlace;Benchmark;SynchronizationBenchmark;AddTargetPlace;Job-QKDGBD;Default;Default;Default;Default;Default;Default;Default;Default;Default;Default;Default;Default;Default;Default;Default;Default;Default;Default;Default;Default;Default;Default;Default;Default;Default;Default;Default;Default;Default;Default;1;10;Default;Default;Default;Default;Default;Default;Default;Default;1;3;"Job-QKDGBD(InvocationCount=1, IterationCount=10, UnrollFactor=1, WarmupCount=3)";Size=10000;1;Workload;Result;6;48216250;1;48216250
SynchronizationBenchmark.AddTargetPlace;Benchmark;SynchronizationBenchmark;AddTargetPlace;Job-QKDGBD;Default;Default;Default;Default;Default;Default;Default;Default;Default;Default;Default;Default;Default;Default;Default;Default;Default;Default;Default;Default;Default;Default;Default;Default;Default;Default;Default;Default;Default;Default;1;10;Default;Default;Default;Default;Default;Default;Default;Default;1;3;"Job-QKDGBD(InvocationCount=1, IterationCount=10, UnrollFactor=1, WarmupCount=3)";Size=10000;1;Workload;Result;7;48656250;1;48656250
SynchronizationBenchmark.AddTargetPlace;Benchmark;SynchronizationBenchmark;AddTargetPlace;Job-QKDGBD;Default;Default;Default;Default;Default;Default;Default;Default;Default;Default;Default;Default;Default;Default;Default;Default;Default;Default;Default;Default;Default;Default;Default;Default;Default;Default;Default;Default;Default;Default;1;10;Default;Default;Default;Default;Default;Default;Default;Default;1;3;"Job-QKDGBD(InvocationCount=1, IterationCount=10, UnrollFactor=1, WarmupCount=3)";Size=10000;1;Workload;Result;8;44252950;1;44252950
SynchronizationBenchmark.AddTargetPlace;Benchmark;SynchronizationBenchmark;AddTargetPlace;Job-QKDGBD;Default;Default;Default;Default;Default;Default;Default;Default;Default;Default;Default;Default;Default;Default;Default;Default;Default;Default;Default;Default;Default;Default;Default;Default;Default;Default;Default;Default;Default;Default;1;10;Default;Default;Default;Default;Default;Default;Default;Default;1;3;"Job-QKDGBD(InvocationCount=1, IterationCount=10, UnrollFactor=1, WarmupCount=3)";Size=10000;1;Workload;Result;9;47406750;1;47406750
SynchronizationBenchmark.AddTargetPlace;Benchmark;SynchronizationBenchmark;AddTargetPlace;Job-QKDGBD;Default;Default;Default;Default;Default;Default;Default;Default;Default;Default;Default;Default;Default;Default;Default;Default;Default;Default;Default;Default;Default;Default;Default;Default;Default;Default;Default;Default;Default;Default;1;10;Default;Default;Default;Default;Default;Default;Default;Default;1;3;"Job-QKDGBD(InvocationCount=1, IterationCount=10, UnrollFactor=1, WarmupCount=3)";Size=10000;1;Workload;Result;10;48564350;1;48564350
SynchronizationBenchmark.ChangeStateName;Benchmark;SynchronizationBenchmark;ChangeStateName;Job-QKDGBD;Default;Default;Default;Default;Default;Default;Default;Default;Default;Default;Default;Default;Default;Default;Default;Default;Default;Default;Default;Default;Default;Default;Default;Default;Default;Default;Default;Default;Default;Default;1;10;Default;Default;Default;Default;Default;Default;Default;Default;1;3;"Job-QKDGBD(InvocationCount=1, IterationCount=10, UnrollFactor=1, WarmupCount=3)";Size=100000;1;Overhead;Jitting;1;174300;1;174300
SynchronizationBenchmark.ChangeStateName;Benchmark;SynchronizationBenchmark;ChangeStateName;Job-QKDGBD;Default;Default;Default;Default;Default;Default;Default;Default;Default;Default;Default;Default;Default;Default;Default;Default;Default;Default;Default;Default;Default;Default;Default;Default;Default;Default;Default;Default;Default;Default;1;10;Default;Default;Default;Default;Default;Default;Default;Default;1;3;"Job-QKDGBD(InvocationCount=1, IterationCount=10, UnrollFactor=1, WarmupCount=3)";Size=100000;1;Workload;Jitting;1;161113600;1;161113600
SynchronizationBenchmark.ChangeStateName;Benchmark;SynchronizationBenchmark;ChangeStateName;Job-QKDGBD;Default;Default;Default;Default;Default;Default;Default;Default;Default;Default;Default;Default;Default;Default;Default;Default;Default;Default;Default;Default;Default;Default;Default;Default;Default;Default;Default;Default;Default;Default;1;10;Default;Default;Default;Default;Default;Default;Default;Default;1;3;"Job-QKDGBD(InvocationCount=1, IterationCount=10, UnrollFactor=1, WarmupCount=3)";Size=100000;1;Overhead;Warmup;1;1700;1;1700
SynchronizationBenchmark.ChangeStateName;Benchmark;SynchronizationBenchmark;ChangeStateName;Job-QKDGBD;Default;Default;Default;Default;Default;Default;Default;Default;Default;Default;Default;Default;Default;Default;Default;Default;Default;Default;Default;Default;Default;Default;Default;Default;Default;Default;Default;Default;Default;Default;1;10;Default;Default;Default;Default;Default;Default;Default;Default;1;3;"Job-QKDGBD(InvocationCount=1, IterationCount=10, UnrollFactor=1, WarmupCount=3)";Size=100000;1;Overhead;Warmup;2;1900;1;1900
SynchronizationBenchmark.ChangeStateName;Benchmark;SynchronizationBenchmark;ChangeStateName;Job-QKDGBD;Default;Default;Default;Default;Default;Default;Default;Default;Default;Default;Default;Default;Default;Default;Default;Default;Default;Default;Default;Default;Default;Default;Default;Default;Default;Default;Default;Default;Default;Default;1;10;Default;Default;Default;Default;Default;Default;Default;Default;1;3;"Job-QKDGBD(InvocationCount=1, IterationCount=10, UnrollFactor=1, WarmupCount=3)";Size=100000;1;Overhead;Warmup;3;2100;1;2100
SynchronizationBenchmark.ChangeStateName;Benchmark;SynchronizationBenchmark;ChangeStateName;Job-QKDGBD;Default;Default;Default;Default;Default;Default;Default;Default;Default;Default;Default;Default;Default;Default;Default;Default;Default;Default;Default;Default;Default;Default;Default;Default;Default;Default;Default;Default;Default;Default;1;10;Default;Default;Default;Default;Default;Default;Default;Default;1;3;"Job-QKDGBD(InvocationCount=1, IterationCount=10, UnrollFactor=1, WarmupCount=3)";Size=100000;1;Overhead;Warmup;4;1800;1;1800
SynchronizationBenchmark.ChangeStateName;Benchmark;SynchronizationBenchmark;ChangeStateName;Job-QKDGBD;Default;Default;Default;Default;Default;Default;Default;Default;Default;Default;Default;Default;Default;Default;Default;Default;Default;Default;Default;Default;Default;Default;Default;Default;Default;Default;Default;Default;Default;Default;1;10;Default;Default;Default;Default;Default;Default;Default;Default;1;3;"Job-QKDGBD(InvocationCount=1, IterationCount=10, UnrollFactor=1, WarmupCount=3)";Size=100000;1;Overhead;Warmup;5;1900;1;1900
SynchronizationBenchmark.ChangeStateName;Benchmark;SynchronizationBenchmark;ChangeStateName;Job-QKDGBD;Default;Default;Default;Default;Default;Default;Default;Default;Default;Default;Default;Default;Default;Default;Default;Default;Default;Default;Default;Default;Default;Default;Default;Default;Default;Default;Default;Default;Default;Default;1;10;Default;Default;Default;Default;Default;Default;Default;Default;1;3;"Job-QKDGBD(InvocationCount=1, IterationCount=10, UnrollFactor=1, WarmupCount=3)";Size=100000;1;Overhead;Warmup;6;2200;1;2200
SynchronizationBenchmark.ChangeStateName;Benchmark;SynchronizationBenchmark;ChangeStateName;Job-QKDGBD;Default;Default;Default;Default;Default;Default;Default;Default;Default;Default;Default;Default;Default;Default;Default;Default;Default;Default;Default;Default;Default;Default;Default;Default;Default;Default;Default;Default;Default;Default;1;10;Default;Default;Default;Default;Default;Default;Default;Default;1;3;"Job-QKDGBD(InvocationCount=1, IterationCount=10, UnrollFactor=1, WarmupCount=3)";Size=100000;1;Overhead;Warmup;7;2000;1;2000
SynchronizationBenchmark.ChangeStateName;Benchmark;SynchronizationBenchmark;ChangeStateName;Job-QKDGBD;Default;Default;Default;Default;Default;Default;Default;Default;Default;Default;Default;Default;Default;Default;Default;Default;Default;Default;Default;Default;Default;Default;Default;Default;Default;Default;Default;Default;Default;Default;1;10;Default;Default;Default;Default;Default;Default;Default;Default;1;3;"Job-QKDGBD(InvocationCount=1, IterationCount=10, UnrollFactor=1, WarmupCount=3)";Size=100000;1;Overhead;Actual;1;1700;1;1700
SynchronizationBenchmark.ChangeStateName;Benchmark;SynchronizationBenchmark;ChangeStateName;Job-QKDGBD;Default;Default;Default;Default;Default;Default;Default;Default;Default;Default;Default;Default;Default;Default;Default;Default;Default;Default;Default;Default;Default;Default;Default;Default;Default;Default;Default;Default;Default;Default;1;10;Default;Default;Default;Default;Default;Default;Default;Default;1;3;"Job-QKDGBD(InvocationCount=1, IterationCount=10, UnrollFactor=1, WarmupCount=3)";Size=100000;1;Overhead;Actual;2;2100;1;2100
SynchronizationBenchmark.ChangeStateName;Benchmark;SynchronizationBenchmark;ChangeStateName;Job-QKDGBD;Default;Default;Default;Default;Default;Default;Default;Default;Default;Default;Default;Default;Default;Default;Default;Default;Default;Default;Default;Default;Default;Default;Default;Default;Default;Default;Default;Default;Default;Default;1;10;Default;Default;Default;Default;Default;Default;Default;Default;1;3;"Job-QKDGBD(InvocationCount=1, IterationCount=10, UnrollFactor=1, WarmupCount=3)";Size=100000;1;Overhead;Actual;3;2000;1;2000
SynchronizationBenchmark.ChangeStateName;Benchmark;SynchronizationBenchmark;ChangeStateName;Job-QKDGBD;Default;Default;Default;Default;Default;Default;Default;Default;Default;Default;Default;Default;Default;Default;Default;Default;Default;Default;Default;Default;Default;Default;Default;Default;Default;Default;Default;Default;Default;Default;1;10;Default;Default;Default;Default;Default;Default;Default;Default;1;3;"Job-QKDGBD(InvocationCount=1, IterationCount=10, UnrollFactor=1, WarmupCount=3)";Size=100000;1;Overhead;Actual;4;2100;1;2100
SynchronizationBenchmark.ChangeStateName;Benchmark;SynchronizationBenchmark;ChangeStateName;Job-QKDGBD;Default;Default;Default;Default;Default;Default;Default;Default;Default;Default;Default;Default;Default;Default;Default;Default;Default;Default;Default;Default;Default;Default;Default;Default;Default;Default;Default;Default;Default;Default;1;10;Default;Default;Default;Default;Default;Default;Default;Default;1;3;"Job-QKDGBD(InvocationCount=1, IterationCount=10, UnrollFactor=1, WarmupCount=3)";Size=100000;1;Overhead;Actual;5;2000;1;2000
SynchronizationBenchmark.ChangeStateName;Benchmark;SynchronizationBenchmark;ChangeStateName;Job-QKDGBD;Default;Default;Default;Default;Default;Default;Default;Default;Default;Default;Default;Default;Default;Default;Default;Default;Default;Default;Default;Default;Default;Default;Default;Default;Default;Default;Default;Default;Default;Default;1;10;Default;Default;Default;Default;Default;Default;Default;Default;1;3;"Job-QKDGBD(InvocationCount=1, IterationCount=10, UnrollFactor=1, WarmupCount=3)";Size=100000;1;Overhead;Actual;6;2100;1;2100
SynchronizationBenchmark.ChangeStateName;Benchmark;SynchronizationBenchmark;ChangeStateName;Job-QKDGBD;Default;Default;Default;Default;Default;Default;Default;Default;Default;Default;Default;Default;Default;Default;Default;Default;Default;Default;Default;Default;Default;Default;Default;Default;Default;Default;Default;Default;Default;Default;1;10;Default;Default;Default;Default;Default;Default;Default;Default;1;3;"Job-QKDGBD(InvocationCount=1, IterationCount=10, UnrollFactor=1, WarmupCount=3)";Size=100000;1;Overhead;Actual;7;2100;1;2100
SynchronizationBenchmark.ChangeStateName;Benchmark;SynchronizationBenchmark;ChangeStateName;Job-QKDGBD;Default;Default;Default;Default;Default;Default;Default;Default;Default;Default;Default;Default;Default;Default;Default;Default;Default;Default;Default;Default;Default;Default;Default;Default;Default;Default;Default;Default;Default;Default;1;10;Default;Default;Default;Default;Default;Default;Default;Default;1;3;"Job-QKDGBD(InvocationCount=1, IterationCount=10, UnrollFactor=1, WarmupCount=3)";Size=100000;1;Overhead;Actual;8;2100;1;2100
SynchronizationBenchmark.ChangeStateName;Benchmark;SynchronizationBenchmark;ChangeStateName;Job-QKDGBD;Default;Default;Default;Default;Default;Default;Default;Default;Default;Default;Default;Default;Default;Default;Default;Default;Default;Default;Default;Default;Default;Default;Default;Default;Default;Default;Default;Default;Default;Default;1;10;Default;Default;Default;Default;Default;Default;Default;Default;1;3;"Job-QKDGBD(InvocationCount=1, IterationCount=10, UnrollFactor=1, WarmupCount=3)";Size=100000;1;Overhead;Actual;9;2000;1;2000
SynchronizationBenchmark.ChangeStateName;Benchmark;SynchronizationBenchmark;ChangeStateName;Job-QKDGBD;Default;Default;Default;Default;Default;Default;Default;Default;Default;Default;Default;Default;Default;Default;Default;Default;Default;Default;Default;Default;Default;Default;Default;Default;Default;Default;Default;Default;Default;Default;1;10;Default;Default;Default;Default;Default;Default;Default;Default;1;3;"Job-QKDGBD(InvocationCount=1, IterationCount=10, UnrollFactor=1, WarmupCount=3)";Size=100000;1;Overhead;Actual;10;2000;1;2000
SynchronizationBenchmark.ChangeStateName;Benchmark;SynchronizationBenchmark;ChangeStateName;Job-QKDGBD;Default;Default;Default;Default;Default;Default;Default;Default;Default;Default;Default;Default;Default;Default;Default;Default;Default;Default;Default;Default;Default;Default;Default;Default;Default;Default;Default;Default;Default;Default;1;10;Default;Default;Default;Default;Default;Default;Default;Default;1;3;"Job-QKDGBD(InvocationCount=1, IterationCount=10, UnrollFactor=1, WarmupCount=3)";Size=100000;1;Overhead;Actual;11;2000;1;2000
SynchronizationBenchmark.ChangeStateName;Benchmark;SynchronizationBenchmark;ChangeStateName;Job-QKDGBD;Default;Default;Default;Default;Default;Default;Default;Default;Default;Default;Default;Default;Default;Default;Default;Default;Default;Default;Default;Default;Default;Default;Default;Default;Default;Default;Default;Default;Default;Default;1;10;Default;Default;Default;Default;Default;Default;Default;Default;1;3;"Job-QKDGBD(InvocationCount=1, IterationCount=10, UnrollFactor=1, WarmupCount=3)";Size=100000;1;Overhead;Actual;12;1900;1;1900
SynchronizationBenchmark.ChangeStateName;Benchmark;SynchronizationBenchmark;ChangeStateName;Job-QKDGBD;Default;Default;Default;Default;Default;Default;Default;Default;Default;Default;Default;Default;Default;Default;Default;Default;Default;Default;Default;Default;Default;Default;Default;Default;Default;Default;Default;Default;Default;Default;1;10;Default;Default;Default;Default;Default;Default;Default;Default;1;3;"Job-QKDGBD(InvocationCount=1, IterationCount=10, UnrollFactor=1, WarmupCount=3)";Size=100000;1;Overhead;Actual;13;1700;1;1700
SynchronizationBenchmark.ChangeStateName;Benchmark;SynchronizationBenchmark;ChangeStateName;Job-QKDGBD;Default;Default;Default;Default;Default;Default;Default;Default;Default;Default;Default;Default;Default;Default;Default;Default;Default;Default;Default;Default;Default;Default;Default;Default;Default;Default;Default;Default;Default;Default;1;10;Default;Default;Default;Default;Default;Default;Default;Default;1;3;"Job-QKDGBD(InvocationCount=1, IterationCount=10, UnrollFactor=1, WarmupCount=3)";Size=100000;1;Overhead;Actual;14;1900;1;1900
SynchronizationBenchmark.ChangeStateName;Benchmark;SynchronizationBenchmark;ChangeStateName;Job-QKDGBD;Default;Default;Default;Default;Default;Default;Default;Default;Default;Default;Default;Default;Default;Default;Default;Default;Default;Default;Default;Default;Default;Default;Default;Default;Default;Default;Default;Default;Default;Default;1;10;Default;Default;Default;Default;Default;Default;Default;Default;1;3;"Job-QKDGBD(InvocationCount=1, IterationCount=10, UnrollFactor=1, WarmupCount=3)";Size=100000;1;Overhead;Actual;15;2200;1;2200
SynchronizationBenchmark.ChangeStateName;Benchmark;SynchronizationBenchmark;ChangeStateName;Job-QKDGBD;Default;Default;Default;Default;Default;Default;Default;Default;Default;Default;Default;Default;Default;Default;Default;Default;Default;Default;Default;Default;Default;Default;Default;Default;Default;Default;Default;Default;Default;Default;1;10;Default;Default;Default;Default;Default;Default;Default;Default;1;3;"Job-QKDGBD(InvocationCount=1, IterationCount=10, UnrollFactor=1, WarmupCount=3)";Size=100000;1;Overhead;Actual;16;1700;1;1700
SynchronizationBenchmark.ChangeStateName;Benchmark;SynchronizationBenchmark;ChangeStateName;Job-QKDGBD;Default;Default;Default;Default;Default;Default;Default;Default;Default;Default;Default;Default;Default;Default;Default;Default;Default;Default;Default;Default;Default;Default;Default;Default;Default;Default;Default;Default;Default;Default;1;10;Default;Default;Default;Default;Default;Default;Default;Default;1;3;"Job-QKDGBD(InvocationCount=1, IterationCount=10, UnrollFactor=1, WarmupCount=3)";Size=100000;1;Overhead;Actual;17;1900;1;1900
SynchronizationBenchmark.ChangeStateName;Benchmark;SynchronizationBenchmark;ChangeStateName;Job-QKDGBD;Default;Default;Default;Default;Default;Default;Default;Default;Default;Default;Default;Default;Default;Default;Default;Default;Default;Default;Default;Default;Default;Default;Default;Default;Default;Default;Default;Default;Default;Default;1;10;Default;Default;Default;Default;Default;Default;Default;Default;1;3;"Job-QKDGBD(InvocationCount=1, IterationCount=10, UnrollFactor=1, WarmupCount=3)";Size=100000;1;Overhead;Actual;18;2000;1;2000
SynchronizationBenchmark.ChangeStateName;Benchmark;SynchronizationBenchmark;ChangeStateName;Job-QKDGBD;Default;Default;Default;Default;Default;Default;Default;Default;Default;Default;Default;Default;Default;Default;Default;Default;Default;Default;Default;Default;Default;Default;Default;Default;Default;Default;Default;Default;Default;Default;1;10;Default;Default;Default;Default;Default;Default;Default;Default;1;3;"Job-QKDGBD(InvocationCount=1, IterationCount=10, UnrollFactor=1, WarmupCount=3)";Size=100000;1;Overhead;Actual;19;3500;1;3500
SynchronizationBenchmark.ChangeStateName;Benchmark;SynchronizationBenchmark;ChangeStateName;Job-QKDGBD;Default;Default;Default;Default;Default;Default;Default;Default;Default;Default;Default;Default;Default;Default;Default;Default;Default;Default;Default;Default;Default;Default;Default;Default;Default;Default;Default;Default;Default;Default;1;10;Default;Default;Default;Default;Default;Default;Default;Default;1;3;"Job-QKDGBD(InvocationCount=1, IterationCount=10, UnrollFactor=1, WarmupCount=3)";Size=100000;1;Overhead;Actual;20;1800;1;1800
SynchronizationBenchmark.ChangeStateName;Benchmark;SynchronizationBenchmark;ChangeStateName;Job-QKDGBD;Default;Default;Default;Default;Default;Default;Default;Default;Default;Default;Default;Default;Default;Default;Default;Default;Default;Default;Default;Default;Default;Default;Default;Default;Default;Default;Default;Default;Default;Default;1;10;Default;Default;Default;Default;Default;Default;Default;Default;1;3;"Job-QKDGBD(InvocationCount=1, IterationCount=10, UnrollFactor=1, WarmupCount=3)";Size=100000;1;Workload;Warmup;1;168778700;1;168778700
SynchronizationBenchmark.ChangeStateName;Benchmark;SynchronizationBenchmark;ChangeStateName;Job-QKDGBD;Default;Default;Default;Default;Default;Default;Default;Default;Default;Default;Default;Default;Default;Default;Default;Default;Default;Default;Default;Default;Default;Default;Default;Default;Default;Default;Default;Default;Default;Default;1;10;Default;Default;Default;Default;Default;Default;Default;Default;1;3;"Job-QKDGBD(InvocationCount=1, IterationCount=10, UnrollFactor=1, WarmupCount=3)";Size=100000;1;Workload;Warmup;2;140355700;1;140355700
SynchronizationBenchmark.ChangeStateName;Benchmark;SynchronizationBenchmark;ChangeStateName;Job-QKDGBD;Default;Default;Default;Default;Default;Default;Default;Default;Default;Default;Default;Default;Default;Default;Default;Default;Default;Default;Default;Default;Default;Default;Default;Default;Default;Default;Default;Default;Default;Default;1;10;Default;Default;Default;Default;Default;Default;Default;Default;1;3;"Job-QKDGBD(InvocationCount=1, IterationCount=10, UnrollFactor=1, WarmupCount=3)";Size=100000;1;Workload;Warmup;3;179711600;1;179711600
SynchronizationBenchmark.ChangeStateName;Benchmark;SynchronizationBenchmark;ChangeStateName;Job-QKDGBD;Default;Default;Default;Default;Default;Default;Default;Default;Default;Default;Default;Default;Default;Default;Default;Default;Default;Default;Default;Default;Default;Default;Default;Default;Default;Default;Default;Default;Default;Default;1;10;Default;Default;Default;Default;Default;Default;Default;Default;1;3;"Job-QKDGBD(InvocationCount=1, IterationCount=10, UnrollFactor=1, WarmupCount=3)";Size=100000;1;Workload;Actual;1;199889100;1;199889100
SynchronizationBenchmark.ChangeStateName;Benchmark;SynchronizationBenchmark;ChangeStateName;Job-QKDGBD;Default;Default;Default;Default;Default;Default;Default;Default;Default;Default;Default;Default;Default;Default;Default;Default;Default;Default;Default;Default;Default;Default;Default;Default;Default;Default;Default;Default;Default;Default;1;10;Default;Default;Default;Default;Default;Default;Default;Default;1;3;"Job-QKDGBD(InvocationCount=1, IterationCount=10, UnrollFactor=1, WarmupCount=3)";Size=100000;1;Workload;Actual;2;233135600;1;233135600
SynchronizationBenchmark.ChangeStateName;Benchmark;SynchronizationBenchmark;ChangeStateName;Job-QKDGBD;Default;Default;Default;Default;Default;Default;Default;Default;Default;Default;Default;Default;Default;Default;Default;Default;Default;Default;Default;Default;Default;Default;Default;Default;Default;Default;Default;Default;Default;Default;1;10;Default;Default;Default;Default;Default;Default;Default;Default;1;3;"Job-QKDGBD(InvocationCount=1, IterationCount=10, UnrollFactor=1, WarmupCount=3)";Size=100000;1;Workload;Actual;3;270373300;1;270373300
SynchronizationBenchmark.ChangeStateName;Benchmark;SynchronizationBenchmark;ChangeStateName;Job-QKDGBD;Default;Default;Default;Default;Default;Default;Default;Default;Default;Default;Default;Default;Default;Default;Default;Default;Default;Default;Default;Default;Default;Default;Default;Default;Default;Default;Default;Default;Default;Default;1;10;Default;Default;Default;Default;Default;Default;Default;Default;1;3;"Job-QKDGBD(InvocationCount=1, IterationCount=10, UnrollFactor=1, WarmupCount=3)";Size=100000;1;Workload;Actual;4;177175600;1;177175600
SynchronizationBenchmark.ChangeStateName;Benchmark;SynchronizationBenchmark;ChangeStateName;Job-QKDGBD;Default;Default;Default;Default;Default;Default;Default;Default;Default;Default;Default;Default;Default;Default;Default;Default;Default;Default;Default;Default;Default;Default;Default;Default;Default;Default;Default;Default;Default;Default;1;10;Default;Default;Default;Default;Default;Default;Default;Default;1;3;"Job-QKDGBD(InvocationCount=1, IterationCount=10, UnrollFactor=1, WarmupCount=3)";Size=100000;1;Workload;Actual;5;173164500;1;173164500
SynchronizationBenchmark.ChangeStateName;Benchmark;SynchronizationBenchmark;ChangeStateName;Job-QKDGBD;Default;Default;Default;Default;Default;Default;Default;Default;Default;Default;Default;Default;Default;Default;Default;Default;Default;Default;Default;Default;Default;Default;Default;Default;Default;Default;Default;Default;Default;Default;1;10;Default;Default;Default;Default;Default;Default;Default;Default;1;3;"Job-QKDGBD(InvocationCount=1, IterationCount=10, UnrollFactor=1, WarmupCount=3)";Size=100000;1;Workload;Actual;6;218268600;1;218268600
SynchronizationBenchmark.ChangeStateName;Benchmark;SynchronizationBenchmark;ChangeStateName;Job-QKDGBD;Default;Default;Default;Default;Default;Default;Default;Default;Default;Default;Default;Default;Default;Default;Default;Default;Default;Default;Default;Default;Default;Default;Default;Default;Default;Default;Default;Default;Default;Default;1;10;Default;Default;Default;Default;Default;Default;Default;Default;1;3;"Job-QKDGBD(InvocationCount=1, IterationCount=10, UnrollFactor=1, WarmupCount=3)";Size=100000;1;Workload;Actual;7;158416300;1;158416300
SynchronizationBenchmark.ChangeStateName;Benchmark;SynchronizationBenchmark;ChangeStateName;Job-QKDGBD;Default;Default;Default;Default;Default;Default;Default;Default;Default;Default;Default;Default;Default;Default;Default;Default;Default;Default;Default;Default;Default;Default;Default;Default;Default;Default;Default;Default;Default;Default;1;10;Default;Default;Default;Default;Default;Default;Default;Default;1;3;"Job-QKDGBD(InvocationCount=1, IterationCount=10, UnrollFactor=1, WarmupCount=3)";Size=100000;1;Workload;Actual;8;178857000;1;178857000
SynchronizationBenchmark.ChangeStateName;Benchmark;SynchronizationBenchmark;ChangeStateName;Job-QKDGBD;Default;Default;Default;Default;Default;Default;Default;Default;Default;Default;Default;Default;Default;Default;Default;Default;Default;Default;Default;Default;Default;Default;Default;Default;Default;Default;Default;Default;Default;Default;1;10;Default;Default;Default;Default;Default;Default;Default;Default;1;3;"Job-QKDGBD(InvocationCount=1, IterationCount=10, UnrollFactor=1, WarmupCount=3)";Size=100000;1;Workload;Actual;9;137702100;1;137702100
SynchronizationBenchmark.ChangeStateName;Benchmark;SynchronizationBenchmark;ChangeStateName;Job-QKDGBD;Default;Default;Default;Default;Default;Default;Default;Default;Default;Default;Default;Default;Default;Default;Default;Default;Default;Default;Default;Default;Default;Default;Default;Default;Default;Default;Default;Default;Default;Default;1;10;Default;Default;Default;Default;Default;Default;Default;Default;1;3;"Job-QKDGBD(InvocationCount=1, IterationCount=10, UnrollFactor=1, WarmupCount=3)";Size=100000;1;Workload;Actual;10;142467300;1;142467300
SynchronizationBenchmark.ChangeStateName;Benchmark;SynchronizationBenchmark;ChangeStateName;Job-QKDGBD;Default;Default;Default;Default;Default;Default;Default;Default;Default;Default;Default;Default;Default;Default;Default;Default;Default;Default;Default;Default;Default;Default;Default;Default;Default;Default;Default;Default;Default;Default;1;10;Default;Default;Default;Default;Default;Default;Default;Default;1;3;"Job-QKDGBD(InvocationCount=1, IterationCount=10, UnrollFactor=1, WarmupCount=3)";Size=100000;1;Workload;Result;1;199887100;1;199887100
SynchronizationBenchmark.ChangeStateName;Benchmark;SynchronizationBenchmark;ChangeStateName;Job-QKDGBD;Default;Default;Default;Default;Default;Default;Default;Default;Default;Default;Default;Default;Default;Default;Default;Default;Default;Default;Default;Default;Default;Default;Default;Default;Default;Default;Default;Default;Default;Default;1;10;Default;Default;Default;Default;Default;Default;Default;Default;1;3;"Job-QKDGBD(InvocationCount=1, IterationCount=10, UnrollFactor=1, WarmupCount=3)";Size=100000;1;Workload;Result;2;233133600;1;233133600
SynchronizationBenchmark.ChangeStateName;Benchmark;SynchronizationBenchmark;ChangeStateName;Job-QKDGBD;Default;Default;Default;Default;Default;Default;Default;Default;Default;Default;Default;Default;Default;Default;Default;Default;Default;Default;Default;Default;Default;Default;Default;Default;Default;Default;Default;Default;Default;Default;1;10;Default;Default;Default;Default;Default;Default;Default;Default;1;3;"Job-QKDGBD(InvocationCount=1, IterationCount=10, UnrollFactor=1, WarmupCount=3)";Size=100000;1;Workload;Result;3;270371300;1;270371300
SynchronizationBenchmark.ChangeStateName;Benchmark;SynchronizationBenchmark;ChangeStateName;Job-QKDGBD;Default;Default;Default;Default;Default;Default;Default;Default;Default;Default;Default;Default;Default;Default;Default;Default;Default;Default;Default;Default;Default;Default;Default;Default;Default;Default;Default;Default;Default;Default;1;10;Default;Default;Default;Default;Default;Default;Default;Default;1;3;"Job-QKDGBD(InvocationCount=1, IterationCount=10, UnrollFactor=1, WarmupCount=3)";Size=100000;1;Workload;Result;4;177173600;1;177173600
SynchronizationBenchmark.ChangeStateName;Benchmark;SynchronizationBenchmark;ChangeStateName;Job-QKDGBD;Default;Default;Default;Default;Default;Default;Default;Default;Default;Default;Default;Default;Default;Default;Default;Default;Default;Default;Default;Default;Default;Default;Default;Default;Default;Default;Default;Default;Default;Default;1;10;Default;Default;Default;Default;Default;Default;Default;Default;1;3;"Job-QKDGBD(InvocationCount=1, IterationCount=10, UnrollFactor=1, WarmupCount=3)";Size=100000;1;Workload;Result;5;173162500;1;173162500
SynchronizationBenchmark.ChangeStateName;Benchmark;SynchronizationBenchmark;ChangeStateName;Job-QKDGBD;Default;Default;Default;Default;Default;Default;Default;Default;Default;Default;Default;Default;Default;Default;Default;Default;Default;Default;Default;Default;Default;Default;Default;Default;Default;Default;Default;Default;Default;Default;1;10;Default;Default;Default;Default;Default;Default;Default;Default;1;3;"Job-QKDGBD(InvocationCount=1, IterationCount=10, UnrollFactor=1, WarmupCount=3)";Size=100000;1;Workload;Result;6;218266600;1;218266600
SynchronizationBenchmark.ChangeStateName;Benchmark;SynchronizationBenchmark;ChangeStateName;Job-QKDGBD;Default;Default;Default;Default;Default;Default;Default;Default;Default;Default;Default;Default;Default;Default;Default;Default;Default;Default;Default;Default;Default;Default;Default;Default;Default;Default;Default;Default;Default;Default;1;10;Default;Default;Default;Default;Default;Default;Default;Default;1;3;"Job-QKDGBD(InvocationCount=1, IterationCount=10, UnrollFactor=1, WarmupCount=3)";Size=100000;1;Workload;Result;7;158414300;1;158414300
SynchronizationBenchmark.ChangeStateName;Benchmark;SynchronizationBenchmark;ChangeStateName;Job-QKDGBD;Default;Default;Default;Default;Default;Default;Default;Default;Default;Default;Default;Default;Default;Default;Default;Default;Default;Default;Default;Default;Default;Default;Default;Default;Default;Default;Default;Default;Default;Default;1;10;Default;Default;Default;Default;Default;Default;Default;Default;1;3;"Job-QKDGBD(InvocationCount=1, IterationCount=10, UnrollFactor=1, WarmupCount=3)";Size=100000;1;Workload;Result;8;178855000;1;178855000
SynchronizationBenchmark.ChangeStateName;Benchmark;SynchronizationBenchmark;ChangeStateName;Job-QKDGBD;Default;Default;Default;Default;Default;Default;Default;Default;Default;Default;Default;Default;Default;Default;Default;Default;Default;Default;Default;Default;Default;Default;Default;Default;Default;Default;Default;Default;Default;Default;1;10;Default;Default;Default;Default;Default;Default;Default;Default;1;3;"Job-QKDGBD(InvocationCount=1, IterationCount=10, UnrollFactor=1, WarmupCount=3)";Size=100000;1;Workload;Result;9;137700100;1;137700100
SynchronizationBenchmark.ChangeStateName;Benchmark;SynchronizationBenchmark;ChangeStateName;Job-QKDGBD;Default;Default;Default;Default;Default;Default;Default;Default;Default;Default;Default;Default;Default;Default;Default;Default;Default;Default;Default;Default;Default;Default;Default;Default;Default;Default;Default;Default;Default;Default;1;10;Default;Default;Default;Default;Default;Default;Default;Default;1;3;"Job-QKDGBD(InvocationCount=1, IterationCount=10, UnrollFactor=1, WarmupCount=3)";Size=100000;1;Workload;Result;10;142465300;1;142465300
SynchronizationBenchmark.RemoveTransition;Benchmark;SynchronizationBenchmark;RemoveTransition;Job-QKDGBD;Default;Default;Default;Default;Default;Default;Default;Default;Default;Default;Default;Default;Default;Default;Default;Default;Default;Default;Default;Default;Default;Default;Default;Default;Default;Default;Default;Default;Default;Default;1;10;Default;Default;Default;Default;Default;Default;Default;Default;1;3;"Job-QKDGBD(InvocationCount=1, IterationCount=10, UnrollFactor=1, WarmupCount=3)";Size=100000;1;Overhead;Jitting;1;158200;1;158200
SynchronizationBenchmark.RemoveTransition;Benchmark;SynchronizationBenchmark;RemoveTransition;Job-QKDGBD;Default;Default;Default;Default;Default;Default;Default;Default;Default;Default;Default;Default;Default;Default;Default;Default;Default;Default;Default;Default;Default;Default;Default;Default;Default;Default;Default;Default;Default;Default;1;10;Default;Default;Default;Default;Default;Default;Default;Default;1;3;"Job-QKDGBD(InvocationCount=1, IterationCount=10, UnrollFactor=1, WarmupCount=3)";Size=100000;1;Workload;Jitting;1;869084700;1;869084700
SynchronizationBenchmark.RemoveTransition;Benchmark;SynchronizationBenchmark;RemoveTransition;Job-QKDGBD;Default;Default;Default;Default;Default;Default;Default;Default;Default;Default;Default;Default;Default;Default;Default;Default;Default;Default;Default;Default;Default;Default;Default;Default;Default;Default;Default;Default;Default;Default;1;10;Default;Default;Default;Default;Default;Default;Default;Default;1;3;"Job-QKDGBD(InvocationCount=1, IterationCount=10, UnrollFactor=1, WarmupCount=3)";Size=100000;1;Overhead;Warmup;1;1900;1;1900
SynchronizationBenchmark.RemoveTransition;Benchmark;SynchronizationBenchmark;RemoveTransition;Job-QKDGBD;Default;Default;Default;Default;Default;Default;Default;Default;Default;Default;Default;Default;Default;Default;Default;Default;Default;Default;Default;Default;Default;Default;Default;Default;Default;Default;Default;Default;Default;Default;1;10;Default;Default;Default;Default;Default;Default;Default;Default;1;3;"Job-QKDGBD(InvocationCount=1, IterationCount=10, UnrollFactor=1, WarmupCount=3)";Size=100000;1;Overhead;Warmup;2;2000;1;2000
SynchronizationBenchmark.RemoveTransition;Benchmark;SynchronizationBenchmark;RemoveTransition;Job-QKDGBD;Default;Default;Default;Default;Default;Default;Default;Default;Default;Default;Default;Default;Default;Default;Default;Default;Default;Default;Default;Default;Default;Default;Default;Default;Default;Default;Default;Default;Default;Default;1;10;Default;Default;Default;Default;Default;Default;Default;Default;1;3;"Job-QKDGBD(InvocationCount=1, IterationCount=10, UnrollFactor=1, WarmupCount=3)";Size=100000;1;Overhead;Warmup;3;1900;1;1900
SynchronizationBenchmark.RemoveTransition;Benchmark;SynchronizationBenchmark;RemoveTransition;Job-QKDGBD;Default;Default;Default;Default;Default;Default;Default;Default;Default;Default;Default;Default;Default;Default;Default;Default;Default;Default;Default;Default;Default;Default;Default;Default;Default;Default;Default;Default;Default;Default;1;10;Default;Default;Default;Default;Default;Default;Default;Default;1;3;"Job-QKDGBD(InvocationCount=1, IterationCount=10, UnrollFactor=1, WarmupCount=3)";Size=100000;1;Overhead;Warmup;4;2300;1;2300
SynchronizationBenchmark.RemoveTransition;Benchmark;SynchronizationBenchmark;RemoveTransition;Job-QKDGBD;Default;Default;Default;Default;Default;Default;Default;Default;Default;Default;Default;Default;Default;Default;Default;Default;Default;Default;Default;Default;Default;Default;Default;Default;Default;Default;Default;Default;Default;Default;1;10;Default;Default;Default;Default;Default;Default;Default;Default;1;3;"Job-QKDGBD(InvocationCount=1, IterationCount=10, UnrollFactor=1, WarmupCount=3)";Size=100000;1;Overhead;Warmup;5;2000;1;2000
SynchronizationBenchmark.RemoveTransition;Benchmark;SynchronizationBenchmark;RemoveTransition;Job-QKDGBD;Default;Default;Default;Default;Default;Default;Default;Default;Default;Default;Default;Default;Default;Default;Default;Default;Default;Default;Default;Default;Default;Default;Default;Default;Default;Default;Default;Default;Default;Default;1;10;Default;Default;Default;Default;Default;Default;Default;Default;1;3;"Job-QKDGBD(InvocationCount=1, IterationCount=10, UnrollFactor=1, WarmupCount=3)";Size=100000;1;Overhead;Actual;1;1700;1;1700
SynchronizationBenchmark.RemoveTransition;Benchmark;SynchronizationBenchmark;RemoveTransition;Job-QKDGBD;Default;Default;Default;Default;Default;Default;Default;Default;Default;Default;Default;Default;Default;Default;Default;Default;Default;Default;Default;Default;Default;Default;Default;Default;Default;Default;Default;Default;Default;Default;1;10;Default;Default;Default;Default;Default;Default;Default;Default;1;3;"Job-QKDGBD(InvocationCount=1, IterationCount=10, UnrollFactor=1, WarmupCount=3)";Size=100000;1;Overhead;Actual;2;2300;1;2300
SynchronizationBenchmark.RemoveTransition;Benchmark;SynchronizationBenchmark;RemoveTransition;Job-QKDGBD;Default;Default;Default;Default;Default;Default;Default;Default;Default;Default;Default;Default;Default;Default;Default;Default;Default;Default;Default;Default;Default;Default;Default;Default;Default;Default;Default;Default;Default;Default;1;10;Default;Default;Default;Default;Default;Default;Default;Default;1;3;"Job-QKDGBD(InvocationCount=1, IterationCount=10, UnrollFactor=1, WarmupCount=3)";Size=100000;1;Overhead;Actual;3;2000;1;2000
SynchronizationBenchmark.RemoveTransition;Benchmark;SynchronizationBenchmark;RemoveTransition;Job-QKDGBD;Default;Default;Default;Default;Default;Default;Default;Default;Default;Default;Default;Default;Default;Default;Default;Default;Default;Default;Default;Default;Default;Default;Default;Default;Default;Default;Default;Default;Default;Default;1;10;Default;Default;Default;Default;Default;Default;Default;Default;1;3;"Job-QKDGBD(InvocationCount=1, IterationCount=10, UnrollFactor=1, WarmupCount=3)";Size=100000;1;Overhead;Actual;4;1900;1;1900
SynchronizationBenchmark.RemoveTransition;Benchmark;SynchronizationBenchmark;RemoveTransition;Job-QKDGBD;Default;Default;Default;Default;Default;Default;Default;Default;Default;Default;Default;Default;Default;Default;Default;Default;Default;Default;Default;Default;Default;Default;Default;Default;Default;Default;Default;Default;Default;Default;1;10;Default;Default;Default;Default;Default;Default;Default;Default;1;3;"Job-QKDGBD(InvocationCount=1, IterationCount=10, UnrollFactor=1, WarmupCount=3)";Size=100000;1;Overhead;Actual;5;2000;1;2000
SynchronizationBenchmark.RemoveTransition;Benchmark;SynchronizationBenchmark;RemoveTransition;Job-QKDGBD;Default;Default;Default;Default;Default;Default;Default;Default;Default;Default;Default;Default;Default;Default;Default;Default;Default;Default;Default;Default;Default;Default;Default;Default;Default;Default;Default;Default;Default;Default;1;10;Default;Default;Default;Default;Default;Default;Default;Default;1;3;"Job-QKDGBD(InvocationCount=1, IterationCount=10, UnrollFactor=1, WarmupCount=3)";Size=100000;1;Overhead;Actual;6;1900;1;1900
SynchronizationBenchmark.RemoveTransition;Benchmark;SynchronizationBenchmark;RemoveTransition;Job-QKDGBD;Default;Default;Default;Default;Default;Default;Default;Default;Default;Default;Default;Default;Default;Default;Default;Default;Default;Default;Default;Default;Default;Default;Default;Default;Default;Default;Default;Default;Default;Default;1;10;Default;Default;Default;Default;Default;Default;Default;Default;1;3;"Job-QKDGBD(InvocationCount=1, IterationCount=10, UnrollFactor=1, WarmupCount=3)";Size=100000;1;Overhead;Actual;7;1700;1;1700
SynchronizationBenchmark.RemoveTransition;Benchmark;SynchronizationBenchmark;RemoveTransition;Job-QKDGBD;Default;Default;Default;Default;Default;Default;Default;Default;Default;Default;Default;Default;Default;Default;Default;Default;Default;Default;Default;Default;Default;Default;Default;Default;Default;Default;Default;Default;Default;Default;1;10;Default;Default;Default;Default;Default;Default;Default;Default;1;3;"Job-QKDGBD(InvocationCount=1, IterationCount=10, UnrollFactor=1, WarmupCount=3)";Size=100000;1;Overhead;Actual;8;2200;1;2200
SynchronizationBenchmark.RemoveTransition;Benchmark;SynchronizationBenchmark;RemoveTransition;Job-QKDGBD;Default;Default;Default;Default;Default;Default;Default;Default;Default;Default;Default;Default;Default;Default;Default;Default;Default;Default;Default;Default;Default;Default;Default;Default;Default;Default;Default;Default;Default;Default;1;10;Default;Default;Default;Default;Default;Default;Default;Default;1;3;"Job-QKDGBD(InvocationCount=1, IterationCount=10, UnrollFactor=1, WarmupCount=3)";Size=100000;1;Overhead;Actual;9;2000;1;2000
SynchronizationBenchmark.RemoveTransition;Benchmark;SynchronizationBenchmark;RemoveTransition;Job-QKDGBD;Default;Default;Default;Default;Default;Default;Default;Default;Default;Default;Default;Default;Default;Default;Default;Default;Default;Default;Default;Default;Default;Default;Default;Default;Default;Default;Default;Default;Default;Default;1;10;Default;Default;Default;Default;Default;Default;Default;Default;1;3;"Job-QKDGBD(InvocationCount=1, IterationCount=10, UnrollFactor=1, WarmupCount=3)";Size=100000;1;Overhead;Actual;10;1600;1;1600
SynchronizationBenchmark.RemoveTransition;Benchmark;SynchronizationBenchmark;RemoveTransition;Job-QKDGBD;Default;Default;Default;Default;Default;Default;Default;Default;Default;Default;Default;Default;Default;Default;Default;Default;Default;Default;Default;Default;Default;Default;Default;Default;Default;Default;Default;Default;Default;Default;1;10;Default;Default;Default;Default;Default;Default;Default;Default;1;3;"Job-QKDGBD(InvocationCount=1, IterationCount=10, UnrollFactor=1, WarmupCount=3)";Size=100000;1;Overhead;Actual;11;2200;1;2200
SynchronizationBenchmark.RemoveTransition;Benchmark;SynchronizationBenchmark;RemoveTransition;Job-QKDGBD;Default;Default;Default;Default;Default;Default;Default;Default;Default;Default;Default;Default;Default;Default;Default;Default;Default;Default;Default;Default;Default;Default;Default;Default;Default;Default;Default;Default;Default;Default;1;10;Default;Default;Default;Default;Default;Default;Default;Default;1;3;"Job-QKDGBD(InvocationCount=1, IterationCount=10, UnrollFactor=1, WarmupCount=3)";Size=100000;1;Overhead;Actual;12;2000;1;2000
SynchronizationBenchmark.RemoveTransition;Benchmark;SynchronizationBenchmark;RemoveTransition;Job-QKDGBD;Default;Default;Default;Default;Default;Default;Default;Default;Default;Default;Default;Default;Default;Default;Default;Default;Default;Default;Default;Default;Default;Default;Default;Default;Default;Default;Default;Default;Default;Default;1;10;Default;Default;Default;Default;Default;Default;Default;Default;1;3;"Job-QKDGBD(InvocationCount=1, IterationCount=10, UnrollFactor=1, WarmupCount=3)";Size=100000;1;Overhead;Actual;13;2100;1;2100
SynchronizationBenchmark.RemoveTransition;Benchmark;SynchronizationBenchmark;RemoveTransition;Job-QKDGBD;Default;Default;Default;Default;Default;Default;Default;Default;Default;Default;Default;Default;Default;Default;Default;Default;Default;Default;Default;Default;Default;Default;Default;Default;Default;Default;Default;Default;Default;Default;1;10;Default;Default;Default;Default;Default;Default;Default;Default;1;3;"Job-QKDGBD(InvocationCount=1, IterationCount=10, UnrollFactor=1, WarmupCount=3)";Size=100000;1;Overhead;Actual;14;1700;1;1700
SynchronizationBenchmark.RemoveTransition;Benchmark;SynchronizationBenchmark;RemoveTransition;Job-QKDGBD;Default;Default;Default;Default;Default;Default;Default;Default;Default;Default;Default;Default;Default;Default;Default;Default;Default;Default;Default;Default;Default;Default;Default;Default;Default;Default;Default;Default;Default;Default;1;10;Default;Default;Default;Default;Default;Default;Default;Default;1;3;"Job-QKDGBD(InvocationCount=1, IterationCount=10, UnrollFactor=1, WarmupCount=3)";Size=100000;1;Overhead;Actual;15;1700;1;1700
SynchronizationBenchmark.RemoveTransition;Benchmark;SynchronizationBenchmark;RemoveTransition;Job-QKDGBD;Default;Default;Default;Default;Default;Default;Default;Default;Default;Default;Default;Default;Default;Default;Default;Default;Default;Default;Default;Default;Default;Default;Default;Default;Default;Default;Default;Default;Default;Default;1;10;Default;Default;Default;Default;Default;Default;Default;Default;1;3;"Job-QKDGBD(InvocationCount=1, IterationCount=10, UnrollFactor=1, WarmupCount=3)";Size=100000;1;Overhead;Actual;16;2500;1;2500
SynchronizationBenchmark.RemoveTransition;Benchmark;SynchronizationBenchmark;RemoveTransition;Job-QKDGBD;Default;Default;Default;Default;Default;Default;Default;Default;Default;Default;Default;Default;Default;Default;Default;Default;Default;Default;Default;Default;Default;Default;Default;Default;Default;Default;Default;Default;Default;Default;1;10;Default;Default;Default;Default;Default;Default;Default;Default;1;3;"Job-QKDGBD(InvocationCount=1, IterationCount=10, UnrollFactor=1, WarmupCount=3)";Size=100000;1;Overhead;Actual;17;2200;1;2200
SynchronizationBenchmark.RemoveTransition;Benchmark;SynchronizationBenchmark;RemoveTransition;Job-QKDGBD;Default;Default;Default;Default;Default;Default;Default;Default;Default;Default;Default;Default;Default;Default;Default;Default;Default;Default;Default;Default;Default;Default;Default;Default;Default;Default;Default;Default;Default;Default;1;10;Default;Default;Default;Default;Default;Default;Default;Default;1;3;"Job-QKDGBD(InvocationCount=1, IterationCount=10, UnrollFactor=1, WarmupCount=3)";Size=100000;1;Overhead;Actual;18;2100;1;2100
SynchronizationBenchmark.RemoveTransition;Benchmark;SynchronizationBenchmark;RemoveTransition;Job-QKDGBD;Default;Default;Default;Default;Default;Default;Default;Default;Default;Default;Default;Default;Default;Default;Default;Default;Default;Default;Default;Default;Default;Default;Default;Default;Default;Default;Default;Default;Default;Default;1;10;Default;Default;Default;Default;Default;Default;Default;Default;1;3;"Job-QKDGBD(InvocationCount=1, IterationCount=10, UnrollFactor=1, WarmupCount=3)";Size=100000;1;Overhead;Actual;19;1800;1;1800
SynchronizationBenchmark.RemoveTransition;Benchmark;SynchronizationBenchmark;RemoveTransition;Job-QKDGBD;Default;Default;Default;Default;Default;Default;Default;Default;Default;Default;Default;Default;Default;Default;Default;Default;Default;Default;Default;Default;Default;Default;Default;Default;Default;Default;Default;Default;Default;Default;1;10;Default;Default;Default;Default;Default;Default;Default;Default;1;3;"Job-QKDGBD(InvocationCount=1, IterationCount=10, UnrollFactor=1, WarmupCount=3)";Size=100000;1;Overhead;Actual;20;2200;1;2200
SynchronizationBenchmark.RemoveTransition;Benchmark;SynchronizationBenchmark;RemoveTransition;Job-QKDGBD;Default;Default;Default;Default;Default;Default;Default;Default;Default;Default;Default;Default;Default;Default;Default;Default;Default;Default;Default;Default;Default;Default;Default;Default;Default;Default;Default;Default;Default;Default;1;10;Default;Default;Default;Default;Default;Default;Default;Default;1;3;"Job-QKDGBD(InvocationCount=1, IterationCount=10, UnrollFactor=1, WarmupCount=3)";Size=100000;1;Workload;Warmup;1;713786600;1;713786600
SynchronizationBenchmark.RemoveTransition;Benchmark;SynchronizationBenchmark;RemoveTransition;Job-QKDGBD;Default;Default;Default;Default;Default;Default;Default;Default;Default;Default;Default;Default;Default;Default;Default;Default;Default;Default;Default;Default;Default;Default;Default;Default;Default;Default;Default;Default;Default;Default;1;10;Default;Default;Default;Default;Default;Default;Default;Default;1;3;"Job-QKDGBD(InvocationCount=1, IterationCount=10, UnrollFactor=1, WarmupCount=3)";Size=100000;1;Workload;Warmup;2;705752100;1;705752100
SynchronizationBenchmark.RemoveTransition;Benchmark;SynchronizationBenchmark;RemoveTransition;Job-QKDGBD;Default;Default;Default;Default;Default;Default;Default;Default;Default;Default;Default;Default;Default;Default;Default;Default;Default;Default;Default;Default;Default;Default;Default;Default;Default;Default;Default;Default;Default;Default;1;10;Default;Default;Default;Default;Default;Default;Default;Default;1;3;"Job-QKDGBD(InvocationCount=1, IterationCount=10, UnrollFactor=1, WarmupCount=3)";Size=100000;1;Workload;Warmup;3;706501600;1;706501600
SynchronizationBenchmark.RemoveTransition;Benchmark;SynchronizationBenchmark;RemoveTransition;Job-QKDGBD;Default;Default;Default;Default;Default;Default;Default;Default;Default;Default;Default;Default;Default;Default;Default;Default;Default;Default;Default;Default;Default;Default;Default;Default;Default;Default;Default;Default;Default;Default;1;10;Default;Default;Default;Default;Default;Default;Default;Default;1;3;"Job-QKDGBD(InvocationCount=1, IterationCount=10, UnrollFactor=1, WarmupCount=3)";Size=100000;1;Workload;Actual;1;711328200;1;711328200
SynchronizationBenchmark.RemoveTransition;Benchmark;SynchronizationBenchmark;RemoveTransition;Job-QKDGBD;Default;Default;Default;Default;Default;Default;Default;Default;Default;Default;Default;Default;Default;Default;Default;Default;Default;Default;Default;Default;Default;Default;Default;Default;Default;Default;Default;Default;Default;Default;1;10;Default;Default;Default;Default;Default;Default;Default;Default;1;3;"Job-QKDGBD(InvocationCount=1, IterationCount=10, UnrollFactor=1, WarmupCount=3)";Size=100000;1;Workload;Actual;2;778173700;1;778173700
SynchronizationBenchmark.RemoveTransition;Benchmark;SynchronizationBenchmark;RemoveTransition;Job-QKDGBD;Default;Default;Default;Default;Default;Default;Default;Default;Default;Default;Default;Default;Default;Default;Default;Default;Default;Default;Default;Default;Default;Default;Default;Default;Default;Default;Default;Default;Default;Default;1;10;Default;Default;Default;Default;Default;Default;Default;Default;1;3;"Job-QKDGBD(InvocationCount=1, IterationCount=10, UnrollFactor=1, WarmupCount=3)";Size=100000;1;Workload;Actual;3;781403000;1;781403000
SynchronizationBenchmark.RemoveTransition;Benchmark;SynchronizationBenchmark;RemoveTransition;Job-QKDGBD;Default;Default;Default;Default;Default;Default;Default;Default;Default;Default;Default;Default;Default;Default;Default;Default;Default;Default;Default;Default;Default;Default;Default;Default;Default;Default;Default;Default;Default;Default;1;10;Default;Default;Default;Default;Default;Default;Default;Default;1;3;"Job-QKDGBD(InvocationCount=1, IterationCount=10, UnrollFactor=1, WarmupCount=3)";Size=100000;1;Workload;Actual;4;757805700;1;757805700
SynchronizationBenchmark.RemoveTransition;Benchmark;SynchronizationBenchmark;RemoveTransition;Job-QKDGBD;Default;Default;Default;Default;Default;Default;Default;Default;Default;Default;Default;Default;Default;Default;Default;Default;Default;Default;Default;Default;Default;Default;Default;Default;Default;Default;Default;Default;Default;Default;1;10;Default;Default;Default;Default;Default;Default;Default;Default;1;3;"Job-QKDGBD(InvocationCount=1, IterationCount=10, UnrollFactor=1, WarmupCount=3)";Size=100000;1;Workload;Actual;5;794075400;1;794075400
SynchronizationBenchmark.RemoveTransition;Benchmark;SynchronizationBenchmark;RemoveTransition;Job-QKDGBD;Default;Default;Default;Default;Default;Default;Default;Default;Default;Default;Default;Default;Default;Default;Default;Default;Default;Default;Default;Default;Default;Default;Default;Default;Default;Default;Default;Default;Default;Default;1;10;Default;Default;Default;Default;Default;Default;Default;Default;1;3;"Job-QKDGBD(InvocationCount=1, IterationCount=10, UnrollFactor=1, WarmupCount=3)";Size=100000;1;Workload;Actual;6;764680600;1;764680600
SynchronizationBenchmark.RemoveTransition;Benchmark;SynchronizationBenchmark;RemoveTransition;Job-QKDGBD;Default;Default;Default;Default;Default;Default;Default;Default;Default;Default;Default;Default;Default;Default;Default;Default;Default;Default;Default;Default;Default;Default;Default;Default;Default;Default;Default;Default;Default;Default;1;10;Default;Default;Default;Default;Default;Default;Default;Default;1;3;"Job-QKDGBD(InvocationCount=1, IterationCount=10, UnrollFactor=1, WarmupCount=3)";Size=100000;1;Workload;Actual;7;745354100;1;745354100
SynchronizationBenchmark.RemoveTransition;Benchmark;SynchronizationBenchmark;RemoveTransition;Job-QKDGBD;Default;Default;Default;Default;Default;Default;Default;Default;Default;Default;Default;Default;Default;Default;Default;Default;Default;Default;Default;Default;Default;Default;Default;Default;Default;Default;Default;Default;Default;Default;1;10;Default;Default;Default;Default;Default;Default;Default;Default;1;3;"Job-QKDGBD(InvocationCount=1, IterationCount=10, UnrollFactor=1, WarmupCount=3)";Size=100000;1;Workload;Actual;8;715165500;1;715165500
SynchronizationBenchmark.RemoveTransition;Benchmark;SynchronizationBenchmark;RemoveTransition;Job-QKDGBD;Default;Default;Default;Default;Default;Default;Default;Default;Default;Default;Default;Default;Default;Default;Default;Default;Default;Default;Default;Default;Default;Default;Default;Default;Default;Default;Default;Default;Default;Default;1;10;Default;Default;Default;Default;Default;Default;Default;Default;1;3;"Job-QKDGBD(InvocationCount=1, IterationCount=10, UnrollFactor=1, WarmupCount=3)";Size=100000;1;Workload;Actual;9;724967100;1;724967100
SynchronizationBenchmark.RemoveTransition;Benchmark;SynchronizationBenchmark;RemoveTransition;Job-QKDGBD;Default;Default;Default;Default;Default;Default;Default;Default;Default;Default;Default;Default;Default;Default;Default;Default;Default;Default;Default;Default;Default;Default;Default;Default;Default;Default;Default;Default;Default;Default;1;10;Default;Default;Default;Default;Default;Default;Default;Default;1;3;"Job-QKDGBD(InvocationCount=1, IterationCount=10, UnrollFactor=1, WarmupCount=3)";Size=100000;1;Workload;Actual;10;703502100;1;703502100
SynchronizationBenchmark.RemoveTransition;Benchmark;SynchronizationBenchmark;RemoveTransition;Job-QKDGBD;Default;Default;Default;Default;Default;Default;Default;Default;Default;Default;Default;Default;Default;Default;Default;Default;Default;Default;Default;Default;Default;Default;Default;Default;Default;Default;Default;Default;Default;Default;1;10;Default;Default;Default;Default;Default;Default;Default;Default;1;3;"Job-QKDGBD(InvocationCount=1, IterationCount=10, UnrollFactor=1, WarmupCount=3)";Size=100000;1;Workload;Result;1;711326200;1;711326200
SynchronizationBenchmark.RemoveTransition;Benchmark;SynchronizationBenchmark;RemoveTransition;Job-QKDGBD;Default;Default;Default;Default;Default;Default;Default;Default;Default;Default;Default;Default;Default;Default;Default;Default;Default;Default;Default;Default;Default;Default;Default;Default;Default;Default;Default;Default;Default;Default;1;10;Default;Default;Default;Default;Default;Default;Default;Default;1;3;"Job-QKDGBD(InvocationCount=1, IterationCount=10, UnrollFactor=1, WarmupCount=3)";Size=100000;1;Workload;Result;2;778171700;1;778171700
SynchronizationBenchmark.RemoveTransition;Benchmark;SynchronizationBenchmark;RemoveTransition;Job-QKDGBD;Default;Default;Default;Default;Default;Default;Default;Default;Default;Default;Default;Default;Default;Default;Default;Default;Default;Default;Default;Default;Default;Default;Default;Default;Default;Default;Default;Default;Default;Default;1;10;Default;Default;Default;Default;Default;Default;Default;Default;1;3;"Job-QKDGBD(InvocationCount=1, IterationCount=10, UnrollFactor=1, WarmupCount=3)";Size=100000;1;Workload;Result;3;781401000;1;781401000
SynchronizationBenchmark.RemoveTransition;Benchmark;SynchronizationBenchmark;RemoveTransition;Job-QKDGBD;Default;Default;Default;Default;Default;Default;Default;Default;Default;Default;Default;Default;Default;Default;Default;Default;Default;Default;Default;Default;Default;Default;Default;Default;Default;Default;Default;Default;Default;Default;1;10;Default;Default;Default;Default;Default;Default;Default;Default;1;3;"Job-QKDGBD(InvocationCount=1, IterationCount=10, UnrollFactor=1, WarmupCount=3)";Size=100000;1;Workload;Result;4;757803700;1;757803700
SynchronizationBenchmark.RemoveTransition;Benchmark;SynchronizationBenchmark;RemoveTransition;Job-QKDGBD;Default;Default;Default;Default;Default;Default;Default;Default;Default;Default;Default;Default;Default;Default;Default;Default;Default;Default;Default;Default;Default;Default;Default;Default;Default;Default;Default;Default;Default;Default;1;10;Default;Default;Default;Default;Default;Default;Default;Default;1;3;"Job-QKDGBD(InvocationCount=1, IterationCount=10, UnrollFactor=1, WarmupCount=3)";Size=100000;1;Workload;Result;5;794073400;1;794073400
SynchronizationBenchmark.RemoveTransition;Benchmark;SynchronizationBenchmark;RemoveTransition;Job-QKDGBD;Default;Default;Default;Default;Default;Default;Default;Default;Default;Default;Default;Default;Default;Default;Default;Default;Default;Default;Default;Default;Default;Default;Default;Default;Default;Default;Default;Default;Default;Default;1;10;Default;Default;Default;Default;Default;Default;Default;Default;1;3;"Job-QKDGBD(InvocationCount=1, IterationCount=10, UnrollFactor=1, WarmupCount=3)";Size=100000;1;Workload;Result;6;764678600;1;764678600
SynchronizationBenchmark.RemoveTransition;Benchmark;SynchronizationBenchmark;RemoveTransition;Job-QKDGBD;Default;Default;Default;Default;Default;Default;Default;Default;Default;Default;Default;Default;Default;Default;Default;Default;Default;Default;Default;Default;Default;Default;Default;Default;Default;Default;Default;Default;Default;Default;1;10;Default;Default;Default;Default;Default;Default;Default;Default;1;3;"Job-QKDGBD(InvocationCount=1, IterationCount=10, UnrollFactor=1, WarmupCount=3)";Size=100000;1;Workload;Result;7;745352100;1;745352100
SynchronizationBenchmark.RemoveTransition;Benchmark;SynchronizationBenchmark;RemoveTransition;Job-QKDGBD;Default;Default;Default;Default;Default;Default;Default;Default;Default;Default;Default;Default;Default;Default;Default;Default;Default;Default;Default;Default;Default;Default;Default;Default;Default;Default;Default;Default;Default;Default;1;10;Default;Default;Default;Default;Default;Default;Default;Default;1;3;"Job-QKDGBD(InvocationCount=1, IterationCount=10, UnrollFactor=1, WarmupCount=3)";Size=100000;1;Workload;Result;8;715163500;1;715163500
SynchronizationBenchmark.RemoveTransition;Benchmark;SynchronizationBenchmark;RemoveTransition;Job-QKDGBD;Default;Default;Default;Default;Default;Default;Default;Default;Default;Default;Default;Default;Default;Default;Default;Default;Default;Default;Default;Default;Default;Default;Default;Default;Default;Default;Default;Default;Default;Default;1;10;Default;Default;Default;Default;Default;Default;Default;Default;1;3;"Job-QKDGBD(InvocationCount=1, IterationCount=10, UnrollFactor=1, WarmupCount=3)";Size=100000;1;Workload;Result;9;724965100;1;724965100
SynchronizationBenchmark.RemoveTransition;Benchmark;SynchronizationBenchmark;RemoveTransition;Job-QKDGBD;Default;Default;Default;Default;Default;Default;Default;Default;Default;Default;Default;Default;Default;Default;Default;Default;Default;Default;Default;Default;Default;Default;Default;Default;Default;Default;Default;Default;Default;Default;1;10;Default;Default;Default;Default;Default;Default;Default;Default;1;3;"Job-QKDGBD(InvocationCount=1, IterationCount=10, UnrollFactor=1, WarmupCount=3)";Size=100000;1;Workload;Result;10;703500100;1;703500100
SynchronizationBenchmark.SetStateAsInitial;Benchmark;SynchronizationBenchmark;SetStateAsInitial;Job-QKDGBD;Default;Default;Default;Default;Default;Default;Default;Default;Default;Default;Default;Default;Default;Default;Default;Default;Default;Default;Default;Default;Default;Default;Default;Default;Default;Default;Default;Default;Default;Default;1;10;Default;Default;Default;Default;Default;Default;Default;Default;1;3;"Job-QKDGBD(InvocationCount=1, IterationCount=10, UnrollFactor=1, WarmupCount=3)";Size=100000;1;Overhead;Jitting;1;173900;1;173900
SynchronizationBenchmark.SetStateAsInitial;Benchmark;SynchronizationBenchmark;SetStateAsInitial;Job-QKDGBD;Default;Default;Default;Default;Default;Default;Default;Default;Default;Default;Default;Default;Default;Default;Default;Default;Default;Default;Default;Default;Default;Default;Default;Default;Default;Default;Default;Default;Default;Default;1;10;Default;Default;Default;Default;Default;Default;Default;Default;1;3;"Job-QKDGBD(InvocationCount=1, IterationCount=10, UnrollFactor=1, WarmupCount=3)";Size=100000;1;Workload;Jitting;1;752260500;1;752260500
SynchronizationBenchmark.SetStateAsInitial;Benchmark;SynchronizationBenchmark;SetStateAsInitial;Job-QKDGBD;Default;Default;Default;Default;Default;Default;Default;Default;Default;Default;Default;Default;Default;Default;Default;Default;Default;Default;Default;Default;Default;Default;Default;Default;Default;Default;Default;Default;Default;Default;1;10;Default;Default;Default;Default;Default;Default;Default;Default;1;3;"Job-QKDGBD(InvocationCount=1, IterationCount=10, UnrollFactor=1, WarmupCount=3)";Size=100000;1;Overhead;Warmup;1;1800;1;1800
SynchronizationBenchmark.SetStateAsInitial;Benchmark;SynchronizationBenchmark;SetStateAsInitial;Job-QKDGBD;Default;Default;Default;Default;Default;Default;Default;Default;Default;Default;Default;Default;Default;Default;Default;Default;Default;Default;Default;Default;Default;Default;Default;Default;Default;Default;Default;Default;Default;Default;1;10;Default;Default;Default;Default;Default;Default;Default;Default;1;3;"Job-QKDGBD(InvocationCount=1, IterationCount=10, UnrollFactor=1, WarmupCount=3)";Size=100000;1;Overhead;Warmup;2;1800;1;1800
SynchronizationBenchmark.SetStateAsInitial;Benchmark;SynchronizationBenchmark;SetStateAsInitial;Job-QKDGBD;Default;Default;Default;Default;Default;Default;Default;Default;Default;Default;Default;Default;Default;Default;Default;Default;Default;Default;Default;Default;Default;Default;Default;Default;Default;Default;Default;Default;Default;Default;1;10;Default;Default;Default;Default;Default;Default;Default;Default;1;3;"Job-QKDGBD(InvocationCount=1, IterationCount=10, UnrollFactor=1, WarmupCount=3)";Size=100000;1;Overhead;Warmup;3;1800;1;1800
SynchronizationBenchmark.SetStateAsInitial;Benchmark;SynchronizationBenchmark;SetStateAsInitial;Job-QKDGBD;Default;Default;Default;Default;Default;Default;Default;Default;Default;Default;Default;Default;Default;Default;Default;Default;Default;Default;Default;Default;Default;Default;Default;Default;Default;Default;Default;Default;Default;Default;1;10;Default;Default;Default;Default;Default;Default;Default;Default;1;3;"Job-QKDGBD(InvocationCount=1, IterationCount=10, UnrollFactor=1, WarmupCount=3)";Size=100000;1;Overhead;Warmup;4;1900;1;1900
SynchronizationBenchmark.SetStateAsInitial;Benchmark;SynchronizationBenchmark;SetStateAsInitial;Job-QKDGBD;Default;Default;Default;Default;Default;Default;Default;Default;Default;Default;Default;Default;Default;Default;Default;Default;Default;Default;Default;Default;Default;Default;Default;Default;Default;Default;Default;Default;Default;Default;1;10;Default;Default;Default;Default;Default;Default;Default;Default;1;3;"Job-QKDGBD(InvocationCount=1, IterationCount=10, UnrollFactor=1, WarmupCount=3)";Size=100000;1;Overhead;Warmup;5;1700;1;1700
SynchronizationBenchmark.SetStateAsInitial;Benchmark;SynchronizationBenchmark;SetStateAsInitial;Job-QKDGBD;Default;Default;Default;Default;Default;Default;Default;Default;Default;Default;Default;Default;Default;Default;Default;Default;Default;Default;Default;Default;Default;Default;Default;Default;Default;Default;Default;Default;Default;Default;1;10;Default;Default;Default;Default;Default;Default;Default;Default;1;3;"Job-QKDGBD(InvocationCount=1, IterationCount=10, UnrollFactor=1, WarmupCount=3)";Size=100000;1;Overhead;Actual;1;1700;1;1700
SynchronizationBenchmark.SetStateAsInitial;Benchmark;SynchronizationBenchmark;SetStateAsInitial;Job-QKDGBD;Default;Default;Default;Default;Default;Default;Default;Default;Default;Default;Default;Default;Default;Default;Default;Default;Default;Default;Default;Default;Default;Default;Default;Default;Default;Default;Default;Default;Default;Default;1;10;Default;Default;Default;Default;Default;Default;Default;Default;1;3;"Job-QKDGBD(InvocationCount=1, IterationCount=10, UnrollFactor=1, WarmupCount=3)";Size=100000;1;Overhead;Actual;2;2000;1;2000
SynchronizationBenchmark.SetStateAsInitial;Benchmark;SynchronizationBenchmark;SetStateAsInitial;Job-QKDGBD;Default;Default;Default;Default;Default;Default;Default;Default;Default;Default;Default;Default;Default;Default;Default;Default;Default;Default;Default;Default;Default;Default;Default;Default;Default;Default;Default;Default;Default;Default;1;10;Default;Default;Default;Default;Default;Default;Default;Default;1;3;"Job-QKDGBD(InvocationCount=1, IterationCount=10, UnrollFactor=1, WarmupCount=3)";Size=100000;1;Overhead;Actual;3;1800;1;1800
SynchronizationBenchmark.SetStateAsInitial;Benchmark;SynchronizationBenchmark;SetStateAsInitial;Job-QKDGBD;Default;Default;Default;Default;Default;Default;Default;Default;Default;Default;Default;Default;Default;Default;Default;Default;Default;Default;Default;Default;Default;Default;Default;Default;Default;Default;Default;Default;Default;Default;1;10;Default;Default;Default;Default;Default;Default;Default;Default;1;3;"Job-QKDGBD(InvocationCount=1, IterationCount=10, UnrollFactor=1, WarmupCount=3)";Size=100000;1;Overhead;Actual;4;1800;1;1800
SynchronizationBenchmark.SetStateAsInitial;Benchmark;SynchronizationBenchmark;SetStateAsInitial;Job-QKDGBD;Default;Default;Default;Default;Default;Default;Default;Default;Default;Default;Default;Default;Default;Default;Default;Default;Default;Default;Default;Default;Default;Default;Default;Default;Default;Default;Default;Default;Default;Default;1;10;Default;Default;Default;Default;Default;Default;Default;Default;1;3;"Job-QKDGBD(InvocationCount=1, IterationCount=10, UnrollFactor=1, WarmupCount=3)";Size=100000;1;Overhead;Actual;5;1900;1;1900
SynchronizationBenchmark.SetStateAsInitial;Benchmark;SynchronizationBenchmark;SetStateAsInitial;Job-QKDGBD;Default;Default;Default;Default;Default;Default;Default;Default;Default;Default;Default;Default;Default;Default;Default;Default;Default;Default;Default;Default;Default;Default;Default;Default;Default;Default;Default;Default;Default;Default;1;10;Default;Default;Default;Default;Default;Default;Default;Default;1;3;"Job-QKDGBD(InvocationCount=1, IterationCount=10, UnrollFactor=1, WarmupCount=3)";Size=100000;1;Overhead;Actual;6;1700;1;1700
SynchronizationBenchmark.SetStateAsInitial;Benchmark;SynchronizationBenchmark;SetStateAsInitial;Job-QKDGBD;Default;Default;Default;Default;Default;Default;Default;Default;Default;Default;Default;Default;Default;Default;Default;Default;Default;Default;Default;Default;Default;Default;Default;Default;Default;Default;Default;Default;Default;Default;1;10;Default;Default;Default;Default;Default;Default;Default;Default;1;3;"Job-QKDGBD(InvocationCount=1, IterationCount=10, UnrollFactor=1, WarmupCount=3)";Size=100000;1;Overhead;Actual;7;1800;1;1800
SynchronizationBenchmark.SetStateAsInitial;Benchmark;SynchronizationBenchmark;SetStateAsInitial;Job-QKDGBD;Default;Default;Default;Default;Default;Default;Default;Default;Default;Default;Default;Default;Default;Default;Default;Default;Default;Default;Default;Default;Default;Default;Default;Default;Default;Default;Default;Default;Default;Default;1;10;Default;Default;Default;Default;Default;Default;Default;Default;1;3;"Job-QKDGBD(InvocationCount=1, IterationCount=10, UnrollFactor=1, WarmupCount=3)";Size=100000;1;Overhead;Actual;8;1800;1;1800
SynchronizationBenchmark.SetStateAsInitial;Benchmark;SynchronizationBenchmark;SetStateAsInitial;Job-QKDGBD;Default;Default;Default;Default;Default;Default;Default;Default;Default;Default;Default;Default;Default;Default;Default;Default;Default;Default;Default;Default;Default;Default;Default;Default;Default;Default;Default;Default;Default;Default;1;10;Default;Default;Default;Default;Default;Default;Default;Default;1;3;"Job-QKDGBD(InvocationCount=1, IterationCount=10, UnrollFactor=1, WarmupCount=3)";Size=100000;1;Overhead;Actual;9;1900;1;1900
SynchronizationBenchmark.SetStateAsInitial;Benchmark;SynchronizationBenchmark;SetStateAsInitial;Job-QKDGBD;Default;Default;Default;Default;Default;Default;Default;Default;Default;Default;Default;Default;Default;Default;Default;Default;Default;Default;Default;Default;Default;Default;Default;Default;Default;Default;Default;Default;Default;Default;1;10;Default;Default;Default;Default;Default;Default;Default;Default;1;3;"Job-QKDGBD(InvocationCount=1, IterationCount=10, UnrollFactor=1, WarmupCount=3)";Size=100000;1;Overhead;Actual;10;2100;1;2100
SynchronizationBenchmark.SetStateAsInitial;Benchmark;SynchronizationBenchmark;SetStateAsInitial;Job-QKDGBD;Default;Default;Default;Default;Default;Default;Default;Default;Default;Default;Default;Default;Default;Default;Default;Default;Default;Default;Default;Default;Default;Default;Default;Default;Default;Default;Default;Default;Default;Default;1;10;Default;Default;Default;Default;Default;Default;Default;Default;1;3;"Job-QKDGBD(InvocationCount=1, IterationCount=10, UnrollFactor=1, WarmupCount=3)";Size=100000;1;Overhead;Actual;11;2000;1;2000
SynchronizationBenchmark.SetStateAsInitial;Benchmark;SynchronizationBenchmark;SetStateAsInitial;Job-QKDGBD;Default;Default;Default;Default;Default;Default;Default;Default;Default;Default;Default;Default;Default;Default;Default;Default;Default;Default;Default;Default;Default;Default;Default;Default;Default;Default;Default;Default;Default;Default;1;10;Default;Default;Default;Default;Default;Default;Default;Default;1;3;"Job-QKDGBD(InvocationCount=1, IterationCount=10, UnrollFactor=1, WarmupCount=3)";Size=100000;1;Overhead;Actual;12;1900;1;1900
SynchronizationBenchmark.SetStateAsInitial;Benchmark;SynchronizationBenchmark;SetStateAsInitial;Job-QKDGBD;Default;Default;Default;Default;Default;Default;Default;Default;Default;Default;Default;Default;Default;Default;Default;Default;Default;Default;Default;Default;Default;Default;Default;Default;Default;Default;Default;Default;Default;Default;1;10;Default;Default;Default;Default;Default;Default;Default;Default;1;3;"Job-QKDGBD(InvocationCount=1, IterationCount=10, UnrollFactor=1, WarmupCount=3)";Size=100000;1;Overhead;Actual;13;1900;1;1900
SynchronizationBenchmark.SetStateAsInitial;Benchmark;SynchronizationBenchmark;SetStateAsInitial;Job-QKDGBD;Default;Default;Default;Default;Default;Default;Default;Default;Default;Default;Default;Default;Default;Default;Default;Default;Default;Default;Default;Default;Default;Default;Default;Default;Default;Default;Default;Default;Default;Default;1;10;Default;Default;Default;Default;Default;Default;Default;Default;1;3;"Job-QKDGBD(InvocationCount=1, IterationCount=10, UnrollFactor=1, WarmupCount=3)";Size=100000;1;Overhead;Actual;14;1600;1;1600
SynchronizationBenchmark.SetStateAsInitial;Benchmark;SynchronizationBenchmark;SetStateAsInitial;Job-QKDGBD;Default;Default;Default;Default;Default;Default;Default;Default;Default;Default;Default;Default;Default;Default;Default;Default;Default;Default;Default;Default;Default;Default;Default;Default;Default;Default;Default;Default;Default;Default;1;10;Default;Default;Default;Default;Default;Default;Default;Default;1;3;"Job-QKDGBD(InvocationCount=1, IterationCount=10, UnrollFactor=1, WarmupCount=3)";Size=100000;1;Overhead;Actual;15;1800;1;1800
SynchronizationBenchmark.SetStateAsInitial;Benchmark;SynchronizationBenchmark;SetStateAsInitial;Job-QKDGBD;Default;Default;Default;Default;Default;Default;Default;Default;Default;Default;Default;Default;Default;Default;Default;Default;Default;Default;Default;Default;Default;Default;Default;Default;Default;Default;Default;Default;Default;Default;1;10;Default;Default;Default;Default;Default;Default;Default;Default;1;3;"Job-QKDGBD(InvocationCount=1, IterationCount=10, UnrollFactor=1, WarmupCount=3)";Size=100000;1;Overhead;Actual;16;1900;1;1900
SynchronizationBenchmark.SetStateAsInitial;Benchmark;SynchronizationBenchmark;SetStateAsInitial;Job-QKDGBD;Default;Default;Default;Default;Default;Default;Default;Default;Default;Default;Default;Default;Default;Default;Default;Default;Default;Default;Default;Default;Default;Default;Default;Default;Default;Default;Default;Default;Default;Default;1;10;Default;Default;Default;Default;Default;Default;Default;Default;1;3;"Job-QKDGBD(InvocationCount=1, IterationCount=10, UnrollFactor=1, WarmupCount=3)";Size=100000;1;Overhead;Actual;17;1600;1;1600
SynchronizationBenchmark.SetStateAsInitial;Benchmark;SynchronizationBenchmark;SetStateAsInitial;Job-QKDGBD;Default;Default;Default;Default;Default;Default;Default;Default;Default;Default;Default;Default;Default;Default;Default;Default;Default;Default;Default;Default;Default;Default;Default;Default;Default;Default;Default;Default;Default;Default;1;10;Default;Default;Default;Default;Default;Default;Default;Default;1;3;"Job-QKDGBD(InvocationCount=1, IterationCount=10, UnrollFactor=1, WarmupCount=3)";Size=100000;1;Overhead;Actual;18;1900;1;1900
SynchronizationBenchmark.SetStateAsInitial;Benchmark;SynchronizationBenchmark;SetStateAsInitial;Job-QKDGBD;Default;Default;Default;Default;Default;Default;Default;Default;Default;Default;Default;Default;Default;Default;Default;Default;Default;Default;Default;Default;Default;Default;Default;Default;Default;Default;Default;Default;Default;Default;1;10;Default;Default;Default;Default;Default;Default;Default;Default;1;3;"Job-QKDGBD(InvocationCount=1, IterationCount=10, UnrollFactor=1, WarmupCount=3)";Size=100000;1;Overhead;Actual;19;2000;1;2000
SynchronizationBenchmark.SetStateAsInitial;Benchmark;SynchronizationBenchmark;SetStateAsInitial;Job-QKDGBD;Default;Default;Default;Default;Default;Default;Default;Default;Default;Default;Default;Default;Default;Default;Default;Default;Default;Default;Default;Default;Default;Default;Default;Default;Default;Default;Default;Default;Default;Default;1;10;Default;Default;Default;Default;Default;Default;Default;Default;1;3;"Job-QKDGBD(InvocationCount=1, IterationCount=10, UnrollFactor=1, WarmupCount=3)";Size=100000;1;Overhead;Actual;20;2100;1;2100
SynchronizationBenchmark.SetStateAsInitial;Benchmark;SynchronizationBenchmark;SetStateAsInitial;Job-QKDGBD;Default;Default;Default;Default;Default;Default;Default;Default;Default;Default;Default;Default;Default;Default;Default;Default;Default;Default;Default;Default;Default;Default;Default;Default;Default;Default;Default;Default;Default;Default;1;10;Default;Default;Default;Default;Default;Default;Default;Default;1;3;"Job-QKDGBD(InvocationCount=1, IterationCount=10, UnrollFactor=1, WarmupCount=3)";Size=100000;1;Workload;Warmup;1;710533500;1;710533500
SynchronizationBenchmark.SetStateAsInitial;Benchmark;SynchronizationBenchmark;SetStateAsInitial;Job-QKDGBD;Default;Default;Default;Default;Default;Default;Default;Default;Default;Default;Default;Default;Default;Default;Default;Default;Default;Default;Default;Default;Default;Default;Default;Default;Default;Default;Default;Default;Default;Default;1;10;Default;Default;Default;Default;Default;Default;Default;Default;1;3;"Job-QKDGBD(InvocationCount=1, IterationCount=10, UnrollFactor=1, WarmupCount=3)";Size=100000;1;Workload;Warmup;2;696000900;1;696000900
SynchronizationBenchmark.SetStateAsInitial;Benchmark;SynchronizationBenchmark;SetStateAsInitial;Job-QKDGBD;Default;Default;Default;Default;Default;Default;Default;Default;Default;Default;Default;Default;Default;Default;Default;Default;Default;Default;Default;Default;Default;Default;Default;Default;Default;Default;Default;Default;Default;Default;1;10;Default;Default;Default;Default;Default;Default;Default;Default;1;3;"Job-QKDGBD(InvocationCount=1, IterationCount=10, UnrollFactor=1, WarmupCount=3)";Size=100000;1;Workload;Warmup;3;703368900;1;703368900
SynchronizationBenchmark.SetStateAsInitial;Benchmark;SynchronizationBenchmark;SetStateAsInitial;Job-QKDGBD;Default;Default;Default;Default;Default;Default;Default;Default;Default;Default;Default;Default;Default;Default;Default;Default;Default;Default;Default;Default;Default;Default;Default;Default;Default;Default;Default;Default;Default;Default;1;10;Default;Default;Default;Default;Default;Default;Default;Default;1;3;"Job-QKDGBD(InvocationCount=1, IterationCount=10, UnrollFactor=1, WarmupCount=3)";Size=100000;1;Workload;Actual;1;680247600;1;680247600
SynchronizationBenchmark.SetStateAsInitial;Benchmark;SynchronizationBenchmark;SetStateAsInitial;Job-QKDGBD;Default;Default;Default;Default;Default;Default;Default;Default;Default;Default;Default;Default;Default;Default;Default;Default;Default;Default;Default;Default;Default;Default;Default;Default;Default;Default;Default;Default;Default;Default;1;10;Default;Default;Default;Default;Default;Default;Default;Default;1;3;"Job-QKDGBD(InvocationCount=1, IterationCount=10, UnrollFactor=1, WarmupCount=3)";Size=100000;1;Workload;Actual;2;759142300;1;759142300
SynchronizationBenchmark.SetStateAsInitial;Benchmark;SynchronizationBenchmark;SetStateAsInitial;Job-QKDGBD;Default;Default;Default;Default;Default;Default;Default;Default;Default;Default;Default;Default;Default;Default;Default;Default;Default;Default;Default;Default;Default;Default;Default;Default;Default;Default;Default;Default;Default;Default;1;10;Default;Default;Default;Default;Default;Default;Default;Default;1;3;"Job-QKDGBD(InvocationCount=1, IterationCount=10, UnrollFactor=1, WarmupCount=3)";Size=100000;1;Workload;Actual;3;774294500;1;774294500
SynchronizationBenchmark.SetStateAsInitial;Benchmark;SynchronizationBenchmark;SetStateAsInitial;Job-QKDGBD;Default;Default;Default;Default;Default;Default;Default;Default;Default;Default;Default;Default;Default;Default;Default;Default;Default;Default;Default;Default;Default;Default;Default;Default;Default;Default;Default;Default;Default;Default;1;10;Default;Default;Default;Default;Default;Default;Default;Default;1;3;"Job-QKDGBD(InvocationCount=1, IterationCount=10, UnrollFactor=1, WarmupCount=3)";Size=100000;1;Workload;Actual;4;758507000;1;758507000
SynchronizationBenchmark.SetStateAsInitial;Benchmark;SynchronizationBenchmark;SetStateAsInitial;Job-QKDGBD;Default;Default;Default;Default;Default;Default;Default;Default;Default;Default;Default;Default;Default;Default;Default;Default;Default;Default;Default;Default;Default;Default;Default;Default;Default;Default;Default;Default;Default;Default;1;10;Default;Default;Default;Default;Default;Default;Default;Default;1;3;"Job-QKDGBD(InvocationCount=1, IterationCount=10, UnrollFactor=1, WarmupCount=3)";Size=100000;1;Workload;Actual;5;775104800;1;775104800
SynchronizationBenchmark.SetStateAsInitial;Benchmark;SynchronizationBenchmark;SetStateAsInitial;Job-QKDGBD;Default;Default;Default;Default;Default;Default;Default;Default;Default;Default;Default;Default;Default;Default;Default;Default;Default;Default;Default;Default;Default;Default;Default;Default;Default;Default;Default;Default;Default;Default;1;10;Default;Default;Default;Default;Default;Default;Default;Default;1;3;"Job-QKDGBD(InvocationCount=1, IterationCount=10, UnrollFactor=1, WarmupCount=3)";Size=100000;1;Workload;Actual;6;777329300;1;777329300
SynchronizationBenchmark.SetStateAsInitial;Benchmark;SynchronizationBenchmark;SetStateAsInitial;Job-QKDGBD;Default;Default;Default;Default;Default;Default;Default;Default;Default;Default;Default;Default;Default;Default;Default;Default;Default;Default;Default;Default;Default;Default;Default;Default;Default;Default;Default;Default;Default;Default;1;10;Default;Default;Default;Default;Default;Default;Default;Default;1;3;"Job-QKDGBD(InvocationCount=1, IterationCount=10, UnrollFactor=1, WarmupCount=3)";Size=100000;1;Workload;Actual;7;730210000;1;730210000
SynchronizationBenchmark.SetStateAsInitial;Benchmark;SynchronizationBenchmark;SetStateAsInitial;Job-QKDGBD;Default;Default;Default;Default;Default;Default;Default;Default;Default;Default;Default;Default;Default;Default;Default;Default;Default;Default;Default;Default;Default;Default;Default;Default;Default;Default;Default;Default;Default;Default;1;10;Default;Default;Default;Default;Default;Default;Default;Default;1;3;"Job-QKDGBD(InvocationCount=1, IterationCount=10, UnrollFactor=1, WarmupCount=3)";Size=100000;1;Workload;Actual;8;714319700;1;714319700
SynchronizationBenchmark.SetStateAsInitial;Benchmark;SynchronizationBenchmark;SetStateAsInitial;Job-QKDGBD;Default;Default;Default;Default;Default;Default;Default;Default;Default;Default;Default;Default;Default;Default;Default;Default;Default;Default;Default;Default;Default;Default;Default;Default;Default;Default;Default;Default;Default;Default;1;10;Default;Default;Default;Default;Default;Default;Default;Default;1;3;"Job-QKDGBD(InvocationCount=1, IterationCount=10, UnrollFactor=1, WarmupCount=3)";Size=100000;1;Workload;Actual;9;712747600;1;712747600
SynchronizationBenchmark.SetStateAsInitial;Benchmark;SynchronizationBenchmark;SetStateAsInitial;Job-QKDGBD;Default;Default;Default;Default;Default;Default;Default;Default;Default;Default;Default;Default;Default;Default;Default;Default;Default;Default;Default;Default;Default;Default;Default;Default;Default;Default;Default;Default;Default;Default;1;10;Default;Default;Default;Default;Default;Default;Default;Default;1;3;"Job-QKDGBD(InvocationCount=1, IterationCount=10, UnrollFactor=1, WarmupCount=3)";Size=100000;1;Workload;Actual;10;698946500;1;698946500
SynchronizationBenchmark.SetStateAsInitial;Benchmark;SynchronizationBenchmark;SetStateAsInitial;Job-QKDGBD;Default;Default;Default;Default;Default;Default;Default;Default;Default;Default;Default;Default;Default;Default;Default;Default;Default;Default;Default;Default;Default;Default;Default;Default;Default;Default;Default;Default;Default;Default;1;10;Default;Default;Default;Default;Default;Default;Default;Default;1;3;"Job-QKDGBD(InvocationCount=1, IterationCount=10, UnrollFactor=1, WarmupCount=3)";Size=100000;1;Workload;Result;1;680245700;1;680245700
SynchronizationBenchmark.SetStateAsInitial;Benchmark;SynchronizationBenchmark;SetStateAsInitial;Job-QKDGBD;Default;Default;Default;Default;Default;Default;Default;Default;Default;Default;Default;Default;Default;Default;Default;Default;Default;Default;Default;Default;Default;Default;Default;Default;Default;Default;Default;Default;Default;Default;1;10;Default;Default;Default;Default;Default;Default;Default;Default;1;3;"Job-QKDGBD(InvocationCount=1, IterationCount=10, UnrollFactor=1, WarmupCount=3)";Size=100000;1;Workload;Result;2;759140400;1;759140400
SynchronizationBenchmark.SetStateAsInitial;Benchmark;SynchronizationBenchmark;SetStateAsInitial;Job-QKDGBD;Default;Default;Default;Default;Default;Default;Default;Default;Default;Default;Default;Default;Default;Default;Default;Default;Default;Default;Default;Default;Default;Default;Default;Default;Default;Default;Default;Default;Default;Default;1;10;Default;Default;Default;Default;Default;Default;Default;Default;1;3;"Job-QKDGBD(InvocationCount=1, IterationCount=10, UnrollFactor=1, WarmupCount=3)";Size=100000;1;Workload;Result;3;774292600;1;774292600
SynchronizationBenchmark.SetStateAsInitial;Benchmark;SynchronizationBenchmark;SetStateAsInitial;Job-QKDGBD;Default;Default;Default;Default;Default;Default;Default;Default;Default;Default;Default;Default;Default;Default;Default;Default;Default;Default;Default;Default;Default;Default;Default;Default;Default;Default;Default;Default;Default;Default;1;10;Default;Default;Default;Default;Default;Default;Default;Default;1;3;"Job-QKDGBD(InvocationCount=1, IterationCount=10, UnrollFactor=1, WarmupCount=3)";Size=100000;1;Workload;Result;4;758505100;1;758505100
SynchronizationBenchmark.SetStateAsInitial;Benchmark;SynchronizationBenchmark;SetStateAsInitial;Job-QKDGBD;Default;Default;Default;Default;Default;Default;Default;Default;Default;Default;Default;Default;Default;Default;Default;Default;Default;Default;Default;Default;Default;Default;Default;Default;Default;Default;Default;Default;Default;Default;1;10;Default;Default;Default;Default;Default;Default;Default;Default;1;3;"Job-QKDGBD(InvocationCount=1, IterationCount=10, UnrollFactor=1, WarmupCount=3)";Size=100000;1;Workload;Result;5;775102900;1;775102900
SynchronizationBenchmark.SetStateAsInitial;Benchmark;SynchronizationBenchmark;SetStateAsInitial;Job-QKDGBD;Default;Default;Default;Default;Default;Default;Default;Default;Default;Default;Default;Default;Default;Default;Default;Default;Default;Default;Default;Default;Default;Default;Default;Default;Default;Default;Default;Default;Default;Default;1;10;Default;Default;Default;Default;Default;Default;Default;Default;1;3;"Job-QKDGBD(InvocationCount=1, IterationCount=10, UnrollFactor=1, WarmupCount=3)";Size=100000;1;Workload;Result;6;777327400;1;777327400
SynchronizationBenchmark.SetStateAsInitial;Benchmark;SynchronizationBenchmark;SetStateAsInitial;Job-QKDGBD;Default;Default;Default;Default;Default;Default;Default;Default;Default;Default;Default;Default;Default;Default;Default;Default;Default;Default;Default;Default;Default;Default;Default;Default;Default;Default;Default;Default;Default;Default;1;10;Default;Default;Default;Default;Default;Default;Default;Default;1;3;"Job-QKDGBD(InvocationCount=1, IterationCount=10, UnrollFactor=1, WarmupCount=3)";Size=100000;1;Workload;Result;7;730208100;1;730208100
SynchronizationBenchmark.SetStateAsInitial;Benchmark;SynchronizationBenchmark;SetStateAsInitial;Job-QKDGBD;Default;Default;Default;Default;Default;Default;Default;Default;Default;Default;Default;Default;Default;Default;Default;Default;Default;Default;Default;Default;Default;Default;Default;Default;Default;Default;Default;Default;Default;Default;1;10;Default;Default;Default;Default;Default;Default;Default;Default;1;3;"Job-QKDGBD(InvocationCount=1, IterationCount=10, UnrollFactor=1, WarmupCount=3)";Size=100000;1;Workload;Result;8;714317800;1;714317800
SynchronizationBenchmark.SetStateAsInitial;Benchmark;SynchronizationBenchmark;SetStateAsInitial;Job-QKDGBD;Default;Default;Default;Default;Default;Default;Default;Default;Default;Default;Default;Default;Default;Default;Default;Default;Default;Default;Default;Default;Default;Default;Default;Default;Default;Default;Default;Default;Default;Default;1;10;Default;Default;Default;Default;Default;Default;Default;Default;1;3;"Job-QKDGBD(InvocationCount=1, IterationCount=10, UnrollFactor=1, WarmupCount=3)";Size=100000;1;Workload;Result;9;712745700;1;712745700
SynchronizationBenchmark.SetStateAsInitial;Benchmark;SynchronizationBenchmark;SetStateAsInitial;Job-QKDGBD;Default;Default;Default;Default;Default;Default;Default;Default;Default;Default;Default;Default;Default;Default;Default;Default;Default;Default;Default;Default;Default;Default;Default;Default;Default;Default;Default;Default;Default;Default;1;10;Default;Default;Default;Default;Default;Default;Default;Default;1;3;"Job-QKDGBD(InvocationCount=1, IterationCount=10, UnrollFactor=1, WarmupCount=3)";Size=100000;1;Workload;Result;10;698944600;1;698944600
SynchronizationBenchmark.AddTargetPlace;Benchmark;SynchronizationBenchmark;AddTargetPlace;Job-QKDGBD;Default;Default;Default;Default;Default;Default;Default;Default;Default;Default;Default;Default;Default;Default;Default;Default;Default;Default;Default;Default;Default;Default;Default;Default;Default;Default;Default;Default;Default;Default;1;10;Default;Default;Default;Default;Default;Default;Default;Default;1;3;"Job-QKDGBD(InvocationCount=1, IterationCount=10, UnrollFactor=1, WarmupCount=3)";Size=100000;1;Overhead;Jitting;1;195600;1;195600
SynchronizationBenchmark.AddTargetPlace;Benchmark;SynchronizationBenchmark;AddTargetPlace;Job-QKDGBD;Default;Default;Default;Default;Default;Default;Default;Default;Default;Default;Default;Default;Default;Default;Default;Default;Default;Default;Default;Default;Default;Default;Default;Default;Default;Default;Default;Default;Default;Default;1;10;Default;Default;Default;Default;Default;Default;Default;Default;1;3;"Job-QKDGBD(InvocationCount=1, IterationCount=10, UnrollFactor=1, WarmupCount=3)";Size=100000;1;Workload;Jitting;1;505258600;1;505258600
SynchronizationBenchmark.AddTargetPlace;Benchmark;SynchronizationBenchmark;AddTargetPlace;Job-QKDGBD;Default;Default;Default;Default;Default;Default;Default;Default;Default;Default;Default;Default;Default;Default;Default;Default;Default;Default;Default;Default;Default;Default;Default;Default;Default;Default;Default;Default;Default;Default;1;10;Default;Default;Default;Default;Default;Default;Default;Default;1;3;"Job-QKDGBD(InvocationCount=1, IterationCount=10, UnrollFactor=1, WarmupCount=3)";Size=100000;1;Overhead;Warmup;1;1500;1;1500
SynchronizationBenchmark.AddTargetPlace;Benchmark;SynchronizationBenchmark;AddTargetPlace;Job-QKDGBD;Default;Default;Default;Default;Default;Default;Default;Default;Default;Default;Default;Default;Default;Default;Default;Default;Default;Default;Default;Default;Default;Default;Default;Default;Default;Default;Default;Default;Default;Default;1;10;Default;Default;Default;Default;Default;Default;Default;Default;1;3;"Job-QKDGBD(InvocationCount=1, IterationCount=10, UnrollFactor=1, WarmupCount=3)";Size=100000;1;Overhead;Warmup;2;1600;1;1600
SynchronizationBenchmark.AddTargetPlace;Benchmark;SynchronizationBenchmark;AddTargetPlace;Job-QKDGBD;Default;Default;Default;Default;Default;Default;Default;Default;Default;Default;Default;Default;Default;Default;Default;Default;Default;Default;Default;Default;Default;Default;Default;Default;Default;Default;Default;Default;Default;Default;1;10;Default;Default;Default;Default;Default;Default;Default;Default;1;3;"Job-QKDGBD(InvocationCount=1, IterationCount=10, UnrollFactor=1, WarmupCount=3)";Size=100000;1;Overhead;Warmup;3;1600;1;1600
SynchronizationBenchmark.AddTargetPlace;Benchmark;SynchronizationBenchmark;AddTargetPlace;Job-QKDGBD;Default;Default;Default;Default;Default;Default;Default;Default;Default;Default;Default;Default;Default;Default;Default;Default;Default;Default;Default;Default;Default;Default;Default;Default;Default;Default;Default;Default;Default;Default;1;10;Default;Default;Default;Default;Default;Default;Default;Default;1;3;"Job-QKDGBD(InvocationCount=1, IterationCount=10, UnrollFactor=1, WarmupCount=3)";Size=100000;1;Overhead;Warmup;4;1900;1;1900
SynchronizationBenchmark.AddTargetPlace;Benchmark;SynchronizationBenchmark;AddTargetPlace;Job-QKDGBD;Default;Default;Default;Default;Default;Default;Default;Default;Default;Default;Default;Default;Default;Default;Default;Default;Default;Default;Default;Default;Default;Default;Default;Default;Default;Default;Default;Default;Default;Default;1;10;Default;Default;Default;Default;Default;Default;Default;Default;1;3;"Job-QKDGBD(InvocationCount=1, IterationCount=10, UnrollFactor=1, WarmupCount=3)";Size=100000;1;Overhead;Warmup;5;1700;1;1700
SynchronizationBenchmark.AddTargetPlace;Benchmark;SynchronizationBenchmark;AddTargetPlace;Job-QKDGBD;Default;Default;Default;Default;Default;Default;Default;Default;Default;Default;Default;Default;Default;Default;Default;Default;Default;Default;Default;Default;Default;Default;Default;Default;Default;Default;Default;Default;Default;Default;1;10;Default;Default;Default;Default;Default;Default;Default;Default;1;3;"Job-QKDGBD(InvocationCount=1, IterationCount=10, UnrollFactor=1, WarmupCount=3)";Size=100000;1;Overhead;Actual;1;1800;1;1800
SynchronizationBenchmark.AddTargetPlace;Benchmark;SynchronizationBenchmark;AddTargetPlace;Job-QKDGBD;Default;Default;Default;Default;Default;Default;Default;Default;Default;Default;Default;Default;Default;Default;Default;Default;Default;Default;Default;Default;Default;Default;Default;Default;Default;Default;Default;Default;Default;Default;1;10;Default;Default;Default;Default;Default;Default;Default;Default;1;3;"Job-QKDGBD(InvocationCount=1, IterationCount=10, UnrollFactor=1, WarmupCount=3)";Size=100000;1;Overhead;Actual;2;2000;1;2000
SynchronizationBenchmark.AddTargetPlace;Benchmark;SynchronizationBenchmark;AddTargetPlace;Job-QKDGBD;Default;Default;Default;Default;Default;Default;Default;Default;Default;Default;Default;Default;Default;Default;Default;Default;Default;Default;Default;Default;Default;Default;Default;Default;Default;Default;Default;Default;Default;Default;1;10;Default;Default;Default;Default;Default;Default;Default;Default;1;3;"Job-QKDGBD(InvocationCount=1, IterationCount=10, UnrollFactor=1, WarmupCount=3)";Size=100000;1;Overhead;Actual;3;2000;1;2000
SynchronizationBenchmark.AddTargetPlace;Benchmark;SynchronizationBenchmark;AddTargetPlace;Job-QKDGBD;Default;Default;Default;Default;Default;Default;Default;Default;Default;Default;Default;Default;Default;Default;Default;Default;Default;Default;Default;Default;Default;Default;Default;Default;Default;Default;Default;Default;Default;Default;1;10;Default;Default;Default;Default;Default;Default;Default;Default;1;3;"Job-QKDGBD(InvocationCount=1, IterationCount=10, UnrollFactor=1, WarmupCount=3)";Size=100000;1;Overhead;Actual;4;1900;1;1900
SynchronizationBenchmark.AddTargetPlace;Benchmark;SynchronizationBenchmark;AddTargetPlace;Job-QKDGBD;Default;Default;Default;Default;Default;Default;Default;Default;Default;Default;Default;Default;Default;Default;Default;Default;Default;Default;Default;Default;Default;Default;Default;Default;Default;Default;Default;Default;Default;Default;1;10;Default;Default;Default;Default;Default;Default;Default;Default;1;3;"Job-QKDGBD(InvocationCount=1, IterationCount=10, UnrollFactor=1, WarmupCount=3)";Size=100000;1;Overhead;Actual;5;2000;1;2000
SynchronizationBenchmark.AddTargetPlace;Benchmark;SynchronizationBenchmark;AddTargetPlace;Job-QKDGBD;Default;Default;Default;Default;Default;Default;Default;Default;Default;Default;Default;Default;Default;Default;Default;Default;Default;Default;Default;Default;Default;Default;Default;Default;Default;Default;Default;Default;Default;Default;1;10;Default;Default;Default;Default;Default;Default;Default;Default;1;3;"Job-QKDGBD(InvocationCount=1, IterationCount=10, UnrollFactor=1, WarmupCount=3)";Size=100000;1;Overhead;Actual;6;2000;1;2000
SynchronizationBenchmark.AddTargetPlace;Benchmark;SynchronizationBenchmark;AddTargetPlace;Job-QKDGBD;Default;Default;Default;Default;Default;Default;Default;Default;Default;Default;Default;Default;Default;Default;Default;Default;Default;Default;Default;Default;Default;Default;Default;Default;Default;Default;Default;Default;Default;Default;1;10;Default;Default;Default;Default;Default;Default;Default;Default;1;3;"Job-QKDGBD(InvocationCount=1, IterationCount=10, UnrollFactor=1, WarmupCount=3)";Size=100000;1;Overhead;Actual;7;1700;1;1700
SynchronizationBenchmark.AddTargetPlace;Benchmark;SynchronizationBenchmark;AddTargetPlace;Job-QKDGBD;Default;Default;Default;Default;Default;Default;Default;Default;Default;Default;Default;Default;Default;Default;Default;Default;Default;Default;Default;Default;Default;Default;Default;Default;Default;Default;Default;Default;Default;Default;1;10;Default;Default;Default;Default;Default;Default;Default;Default;1;3;"Job-QKDGBD(InvocationCount=1, IterationCount=10, UnrollFactor=1, WarmupCount=3)";Size=100000;1;Overhead;Actual;8;1900;1;1900
SynchronizationBenchmark.AddTargetPlace;Benchmark;SynchronizationBenchmark;AddTargetPlace;Job-QKDGBD;Default;Default;Default;Default;Default;Default;Default;Default;Default;Default;Default;Default;Default;Default;Default;Default;Default;Default;Default;Default;Default;Default;Default;Default;Default;Default;Default;Default;Default;Default;1;10;Default;Default;Default;Default;Default;Default;Default;Default;1;3;"Job-QKDGBD(InvocationCount=1, IterationCount=10, UnrollFactor=1, WarmupCount=3)";Size=100000;1;Overhead;Actual;9;2000;1;2000
SynchronizationBenchmark.AddTargetPlace;Benchmark;SynchronizationBenchmark;AddTargetPlace;Job-QKDGBD;Default;Default;Default;Default;Default;Default;Default;Default;Default;Default;Default;Default;Default;Default;Default;Default;Default;Default;Default;Default;Default;Default;Default;Default;Default;Default;Default;Default;Default;Default;1;10;Default;Default;Default;Default;Default;Default;Default;Default;1;3;"Job-QKDGBD(InvocationCount=1, IterationCount=10, UnrollFactor=1, WarmupCount=3)";Size=100000;1;Overhead;Actual;10;1600;1;1600
SynchronizationBenchmark.AddTargetPlace;Benchmark;SynchronizationBenchmark;AddTargetPlace;Job-QKDGBD;Default;Default;Default;Default;Default;Default;Default;Default;Default;Default;Default;Default;Default;Default;Default;Default;Default;Default;Default;Default;Default;Default;Default;Default;Default;Default;Default;Default;Default;Default;1;10;Default;Default;Default;Default;Default;Default;Default;Default;1;3;"Job-QKDGBD(InvocationCount=1, IterationCount=10, UnrollFactor=1, WarmupCount=3)";Size=100000;1;Overhead;Actual;11;4100;1;4100
SynchronizationBenchmark.AddTargetPlace;Benchmark;SynchronizationBenchmark;AddTargetPlace;Job-QKDGBD;Default;Default;Default;Default;Default;Default;Default;Default;Default;Default;Default;Default;Default;Default;Default;Default;Default;Default;Default;Default;Default;Default;Default;Default;Default;Default;Default;Default;Default;Default;1;10;Default;Default;Default;Default;Default;Default;Default;Default;1;3;"Job-QKDGBD(InvocationCount=1, IterationCount=10, UnrollFactor=1, WarmupCount=3)";Size=100000;1;Overhead;Actual;12;1900;1;1900
SynchronizationBenchmark.AddTargetPlace;Benchmark;SynchronizationBenchmark;AddTargetPlace;Job-QKDGBD;Default;Default;Default;Default;Default;Default;Default;Default;Default;Default;Default;Default;Default;Default;Default;Default;Default;Default;Default;Default;Default;Default;Default;Default;Default;Default;Default;Default;Default;Default;1;10;Default;Default;Default;Default;Default;Default;Default;Default;1;3;"Job-QKDGBD(InvocationCount=1, IterationCount=10, UnrollFactor=1, WarmupCount=3)";Size=100000;1;Overhead;Actual;13;2100;1;2100
SynchronizationBenchmark.AddTargetPlace;Benchmark;SynchronizationBenchmark;AddTargetPlace;Job-QKDGBD;Default;Default;Default;Default;Default;Default;Default;Default;Default;Default;Default;Default;Default;Default;Default;Default;Default;Default;Default;Default;Default;Default;Default;Default;Default;Default;Default;Default;Default;Default;1;10;Default;Default;Default;Default;Default;Default;Default;Default;1;3;"Job-QKDGBD(InvocationCount=1, IterationCount=10, UnrollFactor=1, WarmupCount=3)";Size=100000;1;Overhead;Actual;14;2000;1;2000
SynchronizationBenchmark.AddTargetPlace;Benchmark;SynchronizationBenchmark;AddTargetPlace;Job-QKDGBD;Default;Default;Default;Default;Default;Default;Default;Default;Default;Default;Default;Default;Default;Default;Default;Default;Default;Default;Default;Default;Default;Default;Default;Default;Default;Default;Default;Default;Default;Default;1;10;Default;Default;Default;Default;Default;Default;Default;Default;1;3;"Job-QKDGBD(InvocationCount=1, IterationCount=10, UnrollFactor=1, WarmupCount=3)";Size=100000;1;Overhead;Actual;15;1900;1;1900
SynchronizationBenchmark.AddTargetPlace;Benchmark;SynchronizationBenchmark;AddTargetPlace;Job-QKDGBD;Default;Default;Default;Default;Default;Default;Default;Default;Default;Default;Default;Default;Default;Default;Default;Default;Default;Default;Default;Default;Default;Default;Default;Default;Default;Default;Default;Default;Default;Default;1;10;Default;Default;Default;Default;Default;Default;Default;Default;1;3;"Job-QKDGBD(InvocationCount=1, IterationCount=10, UnrollFactor=1, WarmupCount=3)";Size=100000;1;Overhead;Actual;16;4800;1;4800
SynchronizationBenchmark.AddTargetPlace;Benchmark;SynchronizationBenchmark;AddTargetPlace;Job-QKDGBD;Default;Default;Default;Default;Default;Default;Default;Default;Default;Default;Default;Default;Default;Default;Default;Default;Default;Default;Default;Default;Default;Default;Default;Default;Default;Default;Default;Default;Default;Default;1;10;Default;Default;Default;Default;Default;Default;Default;Default;1;3;"Job-QKDGBD(InvocationCount=1, IterationCount=10, UnrollFactor=1, WarmupCount=3)";Size=100000;1;Overhead;Actual;17;1700;1;1700
SynchronizationBenchmark.AddTargetPlace;Benchmark;SynchronizationBenchmark;AddTargetPlace;Job-QKDGBD;Default;Default;Default;Default;Default;Default;Default;Default;Default;Default;Default;Default;Default;Default;Default;Default;Default;Default;Default;Default;Default;Default;Default;Default;Default;Default;Default;Default;Default;Default;1;10;Default;Default;Default;Default;Default;Default;Default;Default;1;3;"Job-QKDGBD(InvocationCount=1, IterationCount=10, UnrollFactor=1, WarmupCount=3)";Size=100000;1;Overhead;Actual;18;2100;1;2100
SynchronizationBenchmark.AddTargetPlace;Benchmark;SynchronizationBenchmark;AddTargetPlace;Job-QKDGBD;Default;Default;Default;Default;Default;Default;Default;Default;Default;Default;Default;Default;Default;Default;Default;Default;Default;Default;Default;Default;Default;Default;Default;Default;Default;Default;Default;Default;Default;Default;1;10;Default;Default;Default;Default;Default;Default;Default;Default;1;3;"Job-QKDGBD(InvocationCount=1, IterationCount=10, UnrollFactor=1, WarmupCount=3)";Size=100000;1;Overhead;Actual;19;1700;1;1700
SynchronizationBenchmark.AddTargetPlace;Benchmark;SynchronizationBenchmark;AddTargetPlace;Job-QKDGBD;Default;Default;Default;Default;Default;Default;Default;Default;Default;Default;Default;Default;Default;Default;Default;Default;Default;Default;Default;Default;Default;Default;Default;Default;Default;Default;Default;Default;Default;Default;1;10;Default;Default;Default;Default;Default;Default;Default;Default;1;3;"Job-QKDGBD(InvocationCount=1, IterationCount=10, UnrollFactor=1, WarmupCount=3)";Size=100000;1;Overhead;Actual;20;4500;1;4500
SynchronizationBenchmark.AddTargetPlace;Benchmark;SynchronizationBenchmark;AddTargetPlace;Job-QKDGBD;Default;Default;Default;Default;Default;Default;Default;Default;Default;Default;Default;Default;Default;Default;Default;Default;Default;Default;Default;Default;Default;Default;Default;Default;Default;Default;Default;Default;Default;Default;1;10;Default;Default;Default;Default;Default;Default;Default;Default;1;3;"Job-QKDGBD(InvocationCount=1, IterationCount=10, UnrollFactor=1, WarmupCount=3)";Size=100000;1;Workload;Warmup;1;446429100;1;446429100
SynchronizationBenchmark.AddTargetPlace;Benchmark;SynchronizationBenchmark;AddTargetPlace;Job-QKDGBD;Default;Default;Default;Default;Default;Default;Default;Default;Default;Default;Default;Default;Default;Default;Default;Default;Default;Default;Default;Default;Default;Default;Default;Default;Default;Default;Default;Default;Default;Default;1;10;Default;Default;Default;Default;Default;Default;Default;Default;1;3;"Job-QKDGBD(InvocationCount=1, IterationCount=10, UnrollFactor=1, WarmupCount=3)";Size=100000;1;Workload;Warmup;2;447611000;1;447611000
SynchronizationBenchmark.AddTargetPlace;Benchmark;SynchronizationBenchmark;AddTargetPlace;Job-QKDGBD;Default;Default;Default;Default;Default;Default;Default;Default;Default;Default;Default;Default;Default;Default;Default;Default;Default;Default;Default;Default;Default;Default;Default;Default;Default;Default;Default;Default;Default;Default;1;10;Default;Default;Default;Default;Default;Default;Default;Default;1;3;"Job-QKDGBD(InvocationCount=1, IterationCount=10, UnrollFactor=1, WarmupCount=3)";Size=100000;1;Workload;Warmup;3;454765000;1;454765000
SynchronizationBenchmark.AddTargetPlace;Benchmark;SynchronizationBenchmark;AddTargetPlace;Job-QKDGBD;Default;Default;Default;Default;Default;Default;Default;Default;Default;Default;Default;Default;Default;Default;Default;Default;Default;Default;Default;Default;Default;Default;Default;Default;Default;Default;Default;Default;Default;Default;1;10;Default;Default;Default;Default;Default;Default;Default;Default;1;3;"Job-QKDGBD(InvocationCount=1, IterationCount=10, UnrollFactor=1, WarmupCount=3)";Size=100000;1;Workload;Actual;1;445161400;1;445161400
SynchronizationBenchmark.AddTargetPlace;Benchmark;SynchronizationBenchmark;AddTargetPlace;Job-QKDGBD;Default;Default;Default;Default;Default;Default;Default;Default;Default;Default;Default;Default;Default;Default;Default;Default;Default;Default;Default;Default;Default;Default;Default;Default;Default;Default;Default;Default;Default;Default;1;10;Default;Default;Default;Default;Default;Default;Default;Default;1;3;"Job-QKDGBD(InvocationCount=1, IterationCount=10, UnrollFactor=1, WarmupCount=3)";Size=100000;1;Workload;Actual;2;545229200;1;545229200
SynchronizationBenchmark.AddTargetPlace;Benchmark;SynchronizationBenchmark;AddTargetPlace;Job-QKDGBD;Default;Default;Default;Default;Default;Default;Default;Default;Default;Default;Default;Default;Default;Default;Default;Default;Default;Default;Default;Default;Default;Default;Default;Default;Default;Default;Default;Default;Default;Default;1;10;Default;Default;Default;Default;Default;Default;Default;Default;1;3;"Job-QKDGBD(InvocationCount=1, IterationCount=10, UnrollFactor=1, WarmupCount=3)";Size=100000;1;Workload;Actual;3;572822200;1;572822200
SynchronizationBenchmark.AddTargetPlace;Benchmark;SynchronizationBenchmark;AddTargetPlace;Job-QKDGBD;Default;Default;Default;Default;Default;Default;Default;Default;Default;Default;Default;Default;Default;Default;Default;Default;Default;Default;Default;Default;Default;Default;Default;Default;Default;Default;Default;Default;Default;Default;1;10;Default;Default;Default;Default;Default;Default;Default;Default;1;3;"Job-QKDGBD(InvocationCount=1, IterationCount=10, UnrollFactor=1, WarmupCount=3)";Size=100000;1;Workload;Actual;4;563371000;1;563371000
SynchronizationBenchmark.AddTargetPlace;Benchmark;SynchronizationBenchmark;AddTargetPlace;Job-QKDGBD;Default;Default;Default;Default;Default;Default;Default;Default;Default;Default;Default;Default;Default;Default;Default;Default;Default;Default;Default;Default;Default;Default;Default;Default;Default;Default;Default;Default;Default;Default;1;10;Default;Default;Default;Default;Default;Default;Default;Default;1;3;"Job-QKDGBD(InvocationCount=1, IterationCount=10, UnrollFactor=1, WarmupCount=3)";Size=100000;1;Workload;Actual;5;571409300;1;571409300
SynchronizationBenchmark.AddTargetPlace;Benchmark;SynchronizationBenchmark;AddTargetPlace;Job-QKDGBD;Default;Default;Default;Default;Default;Default;Default;Default;Default;Default;Default;Default;Default;Default;Default;Default;Default;Default;Default;Default;Default;Default;Default;Default;Default;Default;Default;Default;Default;Default;1;10;Default;Default;Default;Default;Default;Default;Default;Default;1;3;"Job-QKDGBD(InvocationCount=1, IterationCount=10, UnrollFactor=1, WarmupCount=3)";Size=100000;1;Workload;Actual;6;567634700;1;567634700
SynchronizationBenchmark.AddTargetPlace;Benchmark;SynchronizationBenchmark;AddTargetPlace;Job-QKDGBD;Default;Default;Default;Default;Default;Default;Default;Default;Default;Default;Default;Default;Default;Default;Default;Default;Default;Default;Default;Default;Default;Default;Default;Default;Default;Default;Default;Default;Default;Default;1;10;Default;Default;Default;Default;Default;Default;Default;Default;1;3;"Job-QKDGBD(InvocationCount=1, IterationCount=10, UnrollFactor=1, WarmupCount=3)";Size=100000;1;Workload;Actual;7;571750200;1;571750200
SynchronizationBenchmark.AddTargetPlace;Benchmark;SynchronizationBenchmark;AddTargetPlace;Job-QKDGBD;Default;Default;Default;Default;Default;Default;Default;Default;Default;Default;Default;Default;Default;Default;Default;Default;Default;Default;Default;Default;Default;Default;Default;Default;Default;Default;Default;Default;Default;Default;1;10;Default;Default;Default;Default;Default;Default;Default;Default;1;3;"Job-QKDGBD(InvocationCount=1, IterationCount=10, UnrollFactor=1, WarmupCount=3)";Size=100000;1;Workload;Actual;8;471917400;1;471917400
SynchronizationBenchmark.AddTargetPlace;Benchmark;SynchronizationBenchmark;AddTargetPlace;Job-QKDGBD;Default;Default;Default;Default;Default;Default;Default;Default;Default;Default;Default;Default;Default;Default;Default;Default;Default;Default;Default;Default;Default;Default;Default;Default;Default;Default;Default;Default;Default;Default;1;10;Default;Default;Default;Default;Default;Default;Default;Default;1;3;"Job-QKDGBD(InvocationCount=1, IterationCount=10, UnrollFactor=1, WarmupCount=3)";Size=100000;1;Workload;Actual;9;484220000;1;484220000
SynchronizationBenchmark.AddTargetPlace;Benchmark;SynchronizationBenchmark;AddTargetPlace;Job-QKDGBD;Default;Default;Default;Default;Default;Default;Default;Default;Default;Default;Default;Default;Default;Default;Default;Default;Default;Default;Default;Default;Default;Default;Default;Default;Default;Default;Default;Default;Default;Default;1;10;Default;Default;Default;Default;Default;Default;Default;Default;1;3;"Job-QKDGBD(InvocationCount=1, IterationCount=10, UnrollFactor=1, WarmupCount=3)";Size=100000;1;Workload;Actual;10;456447300;1;456447300
SynchronizationBenchmark.AddTargetPlace;Benchmark;SynchronizationBenchmark;AddTargetPlace;Job-QKDGBD;Default;Default;Default;Default;Default;Default;Default;Default;Default;Default;Default;Default;Default;Default;Default;Default;Default;Default;Default;Default;Default;Default;Default;Default;Default;Default;Default;Default;Default;Default;1;10;Default;Default;Default;Default;Default;Default;Default;Default;1;3;"Job-QKDGBD(InvocationCount=1, IterationCount=10, UnrollFactor=1, WarmupCount=3)";Size=100000;1;Workload;Result;1;445159400;1;445159400
SynchronizationBenchmark.AddTargetPlace;Benchmark;SynchronizationBenchmark;AddTargetPlace;Job-QKDGBD;Default;Default;Default;Default;Default;Default;Default;Default;Default;Default;Default;Default;Default;Default;Default;Default;Default;Default;Default;Default;Default;Default;Default;Default;Default;Default;Default;Default;Default;Default;1;10;Default;Default;Default;Default;Default;Default;Default;Default;1;3;"Job-QKDGBD(InvocationCount=1, IterationCount=10, UnrollFactor=1, WarmupCount=3)";Size=100000;1;Workload;Result;2;545227200;1;545227200
SynchronizationBenchmark.AddTargetPlace;Benchmark;SynchronizationBenchmark;AddTargetPlace;Job-QKDGBD;Default;Default;Default;Default;Default;Default;Default;Default;Default;Default;Default;Default;Default;Default;Default;Default;Default;Default;Default;Default;Default;Default;Default;Default;Default;Default;Default;Default;Default;Default;1;10;Default;Default;Default;Default;Default;Default;Default;Default;1;3;"Job-QKDGBD(InvocationCount=1, IterationCount=10, UnrollFactor=1, WarmupCount=3)";Size=100000;1;Workload;Result;3;572820200;1;572820200
SynchronizationBenchmark.AddTargetPlace;Benchmark;SynchronizationBenchmark;AddTargetPlace;Job-QKDGBD;Default;Default;Default;Default;Default;Default;Default;Default;Default;Default;Default;Default;Default;Default;Default;Default;Default;Default;Default;Default;Default;Default;Default;Default;Default;Default;Default;Default;Default;Default;1;10;Default;Default;Default;Default;Default;Default;Default;Default;1;3;"Job-QKDGBD(InvocationCount=1, IterationCount=10, UnrollFactor=1, WarmupCount=3)";Size=100000;1;Workload;Result;4;563369000;1;563369000
SynchronizationBenchmark.AddTargetPlace;Benchmark;SynchronizationBenchmark;AddTargetPlace;Job-QKDGBD;Default;Default;Default;Default;Default;Default;Default;Default;Default;Default;Default;Default;Default;Default;Default;Default;Default;Default;Default;Default;Default;Default;Default;Default;Default;Default;Default;Default;Default;Default;1;10;Default;Default;Default;Default;Default;Default;Default;Default;1;3;"Job-QKDGBD(InvocationCount=1, IterationCount=10, UnrollFactor=1, WarmupCount=3)";Size=100000;1;Workload;Result;5;571407300;1;571407300
SynchronizationBenchmark.AddTargetPlace;Benchmark;SynchronizationBenchmark;AddTargetPlace;Job-QKDGBD;Default;Default;Default;Default;Default;Default;Default;Default;Default;Default;Default;Default;Default;Default;Default;Default;Default;Default;Default;Default;Default;Default;Default;Default;Default;Default;Default;Default;Default;Default;1;10;Default;Default;Default;Default;Default;Default;Default;Default;1;3;"Job-QKDGBD(InvocationCount=1, IterationCount=10, UnrollFactor=1, WarmupCount=3)";Size=100000;1;Workload;Result;6;567632700;1;567632700
SynchronizationBenchmark.AddTargetPlace;Benchmark;SynchronizationBenchmark;AddTargetPlace;Job-QKDGBD;Default;Default;Default;Default;Default;Default;Default;Default;Default;Default;Default;Default;Default;Default;Default;Default;Default;Default;Default;Default;Default;Default;Default;Default;Default;Default;Default;Default;Default;Default;1;10;Default;Default;Default;Default;Default;Default;Default;Default;1;3;"Job-QKDGBD(InvocationCount=1, IterationCount=10, UnrollFactor=1, WarmupCount=3)";Size=100000;1;Workload;Result;7;571748200;1;571748200
SynchronizationBenchmark.AddTargetPlace;Benchmark;SynchronizationBenchmark;AddTargetPlace;Job-QKDGBD;Default;Default;Default;Default;Default;Default;Default;Default;Default;Default;Default;Default;Default;Default;Default;Default;Default;Default;Default;Default;Default;Default;Default;Default;Default;Default;Default;Default;Default;Default;1;10;Default;Default;Default;Default;Default;Default;Default;Default;1;3;"Job-QKDGBD(InvocationCount=1, IterationCount=10, UnrollFactor=1, WarmupCount=3)";Size=100000;1;Workload;Result;8;471915400;1;471915400
SynchronizationBenchmark.AddTargetPlace;Benchmark;SynchronizationBenchmark;AddTargetPlace;Job-QKDGBD;Default;Default;Default;Default;Default;Default;Default;Default;Default;Default;Default;Default;Default;Default;Default;Default;Default;Default;Default;Default;Default;Default;Default;Default;Default;Default;Default;Default;Default;Default;1;10;Default;Default;Default;Default;Default;Default;Default;Default;1;3;"Job-QKDGBD(InvocationCount=1, IterationCount=10, UnrollFactor=1, WarmupCount=3)";Size=100000;1;Workload;Result;9;484218000;1;484218000
SynchronizationBenchmark.AddTargetPlace;Benchmark;SynchronizationBenchmark;AddTargetPlace;Job-QKDGBD;Default;Default;Default;Default;Default;Default;Default;Default;Default;Default;Default;Default;Default;Default;Default;Default;Default;Default;Default;Default;Default;Default;Default;Default;Default;Default;Default;Default;Default;Default;1;10;Default;Default;Default;Default;Default;Default;Default;Default;1;3;"Job-QKDGBD(InvocationCount=1, IterationCount=10, UnrollFactor=1, WarmupCount=3)";Size=100000;1;Workload;Result;10;456445300;1;456445300
